origen,destino,distancia_km,dia_semana,hora,es_hora_pico,es_finde_semana,es_urgente,presupuesto,transporte_optimo
Prado,La Estrella,19.1,Jueves,1,0,0,0,medio,Metro
Universidad,Itagui,6.3,Domingo,22,0,1,1,medio,Taxi
Sabaneta,Parque Berrio,3.9,Sabado,13,1,1,1,medio,Taxi
Caribe,Itagui,5.3,Domingo,6,1,1,1,medio,Taxi
San Antonio,Estadio,8.0,Lunes,8,1,0,0,medio,Bus
La Estrella,San Javier,5.2,Jueves,8,1,0,1,bajo,Taxi
Niquia,Parque Berrio,6.3,Jueves,18,1,0,1,bajo,Taxi
Niquia,Prado,2.9,Martes,20,0,0,1,medio,Taxi
Envigado,Aguacatala,19.8,Viernes,14,1,0,1,bajo,Taxi
Hospital,Santa Lucia,6.1,Domingo,16,0,1,0,medio,Bus
Alpujarra,Envigado,12.6,Lunes,23,0,0,0,bajo,Bus
Floresta,Niquia,9.6,Jueves,12,1,0,0,bajo,Bus
Industriales,Caribe,19.1,Martes,21,0,0,1,medio,Taxi
Envigado,Itagui,9.7,Lunes,6,1,0,1,bajo,Taxi
Envigado,Bello,2.2,Jueves,20,0,0,1,alto,Taxi
Poblado,Tricentenario,16.6,Viernes,20,0,0,0,alto,Taxi
Floresta,Prado,7.2,Martes,22,0,0,1,medio,Taxi
Parque Berrio,Hospital,7.7,Miercoles,3,0,0,0,medio,Bus
Industriales,San Javier,18.5,Lunes,17,1,0,1,bajo,Taxi
Ayura,Suramericana,8.3,Viernes,4,0,0,1,alto,Taxi
Suramericana,Estadio,5.0,Viernes,19,1,0,0,bajo,Bus
Sabaneta,San Javier,17.9,Domingo,7,1,1,1,bajo,Taxi
Hospital,Suramericana,7.4,Domingo,21,0,1,0,medio,Bus
La Estrella,Alpujarra,16.4,Sabado,6,1,1,0,alto,Bus
Exposiciones,San Antonio,9.0,Viernes,9,0,0,1,alto,Taxi
Ayura,Parque Berrio,15.2,Martes,5,0,0,0,alto,Metro
Parque Berrio,Universidad,5.6,Jueves,13,1,0,0,bajo,Bus
Prado,Poblado,15.3,Viernes,11,1,0,0,bajo,Bus
Suramericana,Ayura,16.1,Martes,21,0,0,0,bajo,Bus
San Antonio,Santa Lucia,19.5,Viernes,6,1,0,0,alto,Bus
Industriales,Aguacatala,18.7,Martes,16,0,0,0,bajo,Bus
Parque Berrio,Alpujarra,5.2,Viernes,11,1,0,1,alto,Taxi
Madera,Exposiciones,15.7,Martes,14,1,0,0,medio,Bus
Ayura,Niquia,4.5,Domingo,6,1,1,1,alto,Taxi
Alpujarra,Universidad,15.1,Jueves,15,0,0,0,alto,Taxi
Alpujarra,San Antonio,9.5,Domingo,2,0,1,0,alto,Metro
Acevedo,Parque Berrio,13.0,Lunes,17,1,0,1,medio,Taxi
Itagui,Industriales,4.6,Miercoles,8,1,0,0,alto,Bus
Envigado,Itagui,18.1,Miercoles,10,0,0,0,alto,Taxi
Estadio,San Antonio,2.0,Lunes,12,1,0,0,alto,Caminando
San Antonio,Tricentenario,16.5,Miercoles,14,1,0,1,medio,Taxi
Exposiciones,Poblado,8.0,Sabado,6,1,1,1,bajo,Taxi
Poblado,Acevedo,19.2,Miercoles,14,1,0,1,bajo,Taxi
Sabaneta,Estadio,9.9,Miercoles,19,1,0,1,bajo,Taxi
Alpujarra,Tricentenario,1.6,Martes,6,1,0,0,medio,Bus
Niquia,Poblado,6.9,Domingo,16,0,1,1,medio,Taxi
Madera,Tricentenario,17.7,Viernes,11,1,0,1,alto,Taxi
Niquia,Bello,2.6,Jueves,12,1,0,0,alto,Metro
Tricentenario,San Antonio,8.3,Jueves,0,0,0,1,alto,Taxi
Exposiciones,Prado,17.2,Jueves,18,1,0,1,bajo,Taxi
La Estrella,Poblado,6.4,Jueves,8,1,0,0,bajo,Bus
Sabaneta,Aguacatala,8.9,Sabado,5,0,1,0,medio,Taxi
Universidad,Caribe,4.7,Viernes,9,0,0,0,medio,Metro
Acevedo,Hospital,10.1,Lunes,23,0,0,1,bajo,Taxi
La Estrella,Poblado,10.8,Viernes,8,1,0,0,medio,Metro
Hospital,Itagui,10.9,Viernes,10,0,0,1,alto,Taxi
Exposiciones,Madera,17.1,Sabado,5,0,1,1,bajo,Taxi
Suramericana,Estadio,14.8,Viernes,16,0,0,0,alto,Taxi
Suramericana,Prado,16.6,Martes,18,1,0,1,alto,Taxi
Acevedo,Caribe,9.6,Domingo,23,0,1,1,alto,Taxi
Exposiciones,Niquia,14.7,Martes,16,0,0,1,alto,Taxi
Bello,San Antonio,5.2,Martes,18,1,0,0,alto,Bus
Floresta,San Javier,4.4,Martes,6,1,0,1,alto,Taxi
Acevedo,Suramericana,9.1,Lunes,14,1,0,0,alto,Bus
Aguacatala,Santa Lucia,18.0,Lunes,7,1,0,1,alto,Taxi
Bello,Envigado,6.2,Lunes,8,1,0,0,bajo,Bus
Estadio,Ayura,2.7,Domingo,15,0,1,1,bajo,Taxi
Madera,Caribe,2.0,Miercoles,16,0,0,1,medio,Taxi
Suramericana,Bello,6.1,Jueves,21,0,0,1,bajo,Taxi
Bello,Sabaneta,10.8,Domingo,3,0,1,1,medio,Taxi
Envigado,Bello,1.9,Domingo,11,1,1,1,bajo,Taxi
Industriales,Envigado,3.6,Viernes,0,0,0,0,medio,Bus
Acevedo,Niquia,15.9,Jueves,7,1,0,0,alto,Metro
Caribe,Exposiciones,18.8,Domingo,8,1,1,1,alto,Taxi
Prado,Envigado,17.5,Martes,13,1,0,1,medio,Taxi
Floresta,Exposiciones,5.5,Sabado,1,0,1,0,medio,Metro
Caribe,Poblado,15.5,Viernes,14,1,0,1,bajo,Taxi
Acevedo,Envigado,10.9,Miercoles,0,0,0,0,medio,Bus
Sabaneta,Niquia,9.7,Miercoles,15,0,0,0,medio,Taxi
Cisneros,Envigado,11.8,Domingo,2,0,1,1,bajo,Taxi
Madera,Tricentenario,11.7,Miercoles,22,0,0,1,medio,Taxi
La Estrella,Itagui,19.1,Sabado,20,0,1,0,alto,Bus
Santa Lucia,Parque Berrio,5.9,Miercoles,12,1,0,0,bajo,Bus
Niquia,San Javier,10.3,Martes,16,0,0,1,bajo,Taxi
Madera,Alpujarra,11.0,Martes,6,1,0,0,alto,Metro
Parque Berrio,Itagui,16.7,Domingo,15,0,1,0,alto,Metro
Itagui,Niquia,1.6,Lunes,3,0,0,0,bajo,Caminando
Cisneros,San Javier,17.1,Viernes,7,1,0,1,alto,Taxi
Niquia,La Estrella,17.2,Viernes,2,0,0,0,medio,Bus
Cisneros,Universidad,2.3,Sabado,13,1,1,1,alto,Taxi
Suramericana,La Estrella,11.4,Lunes,10,0,0,0,alto,Taxi
Niquia,Poblado,17.8,Sabado,1,0,1,0,bajo,Bus
Envigado,Aguacatala,17.0,Viernes,6,1,0,1,medio,Taxi
Tricentenario,Hospital,8.4,Domingo,10,0,1,1,bajo,Taxi
Estadio,Envigado,12.3,Martes,14,1,0,1,medio,Taxi
Parque Berrio,Bello,18.4,Martes,14,1,0,1,bajo,Taxi
Suramericana,Tricentenario,8.0,Martes,17,1,0,0,alto,Bus
Estadio,Santa Lucia,3.4,Viernes,0,0,0,1,medio,Taxi
Madera,San Antonio,16.7,Sabado,4,0,1,0,medio,Taxi
Ayura,Prado,3.2,Sabado,11,1,1,1,medio,Taxi
Itagui,Exposiciones,14.3,Domingo,23,0,1,1,alto,Taxi
Prado,Madera,9.8,Lunes,11,1,0,1,alto,Taxi
Universidad,Caribe,5.1,Lunes,12,1,0,0,medio,Bus
La Estrella,Aguacatala,5.9,Sabado,8,1,1,0,alto,Bus
Bello,Aguacatala,4.4,Sabado,9,0,1,1,alto,Taxi
San Antonio,Bello,12.5,Sabado,21,0,1,1,alto,Taxi
Cisneros,Industriales,7.6,Domingo,9,0,1,0,alto,Bus
Sabaneta,Santa Lucia,4.7,Miercoles,16,0,0,1,medio,Taxi
Tricentenario,Exposiciones,14.6,Domingo,17,1,1,1,alto,Taxi
Santa Lucia,Parque Berrio,13.3,Martes,8,1,0,1,alto,Taxi
Envigado,Aguacatala,7.3,Martes,13,1,0,1,medio,Taxi
Madera,Tricentenario,6.9,Sabado,16,0,1,0,alto,Metro
Suramericana,Cisneros,12.5,Viernes,23,0,0,0,bajo,Bus
Niquia,Hospital,3.5,Miercoles,23,0,0,1,medio,Taxi
Caribe,Exposiciones,18.7,Jueves,11,1,0,0,bajo,Bus
Prado,Sabaneta,18.8,Miercoles,8,1,0,0,bajo,Bus
Industriales,Santa Lucia,9.9,Jueves,8,1,0,0,medio,Bus
Bello,Aguacatala,14.3,Sabado,0,0,1,1,bajo,Taxi
Bello,Floresta,13.4,Lunes,4,0,0,1,alto,Taxi
Ayura,Alpujarra,19.7,Jueves,20,0,0,1,bajo,Taxi
Exposiciones,Floresta,11.9,Martes,18,1,0,1,medio,Taxi
La Estrella,Prado,10.2,Miercoles,3,0,0,0,bajo,Bus
Niquia,Floresta,7.2,Miercoles,0,0,0,0,medio,Taxi
Floresta,La Estrella,14.8,Viernes,20,0,0,0,bajo,Bus
Exposiciones,Acevedo,9.7,Martes,20,0,0,1,medio,Taxi
Suramericana,Poblado,13.1,Jueves,2,0,0,1,alto,Taxi
Acevedo,Tricentenario,16.5,Jueves,1,0,0,0,alto,Taxi
Floresta,Hospital,11.8,Viernes,23,0,0,0,bajo,Bus
Estadio,San Javier,2.2,Miercoles,12,1,0,1,medio,Taxi
Estadio,Bello,12.4,Sabado,8,1,1,0,bajo,Bus
Bello,Industriales,7.4,Miercoles,2,0,0,0,alto,Metro
Poblado,Estadio,19.2,Miercoles,11,1,0,0,bajo,Bus
Alpujarra,Industriales,14.9,Miercoles,11,1,0,0,alto,Metro
Aguacatala,San Javier,2.8,Miercoles,22,0,0,0,medio,Bus
Alpujarra,Envigado,6.2,Martes,16,0,0,0,medio,Taxi
Envigado,Bello,2.3,Viernes,3,0,0,1,alto,Taxi
Envigado,Niquia,4.3,Viernes,16,0,0,1,medio,Taxi
Caribe,Exposiciones,6.7,Domingo,8,1,1,0,medio,Bus
San Javier,Tricentenario,2.7,Domingo,8,1,1,1,alto,Taxi
Itagui,Bello,17.1,Jueves,1,0,0,1,alto,Taxi
Poblado,Sabaneta,5.5,Domingo,6,1,1,0,bajo,Bus
Exposiciones,Industriales,6.3,Martes,12,1,0,0,bajo,Bus
Industriales,Estadio,18.2,Miercoles,4,0,0,0,bajo,Bus
Bello,Exposiciones,17.0,Lunes,5,0,0,0,bajo,Bus
Envigado,Suramericana,15.2,Domingo,8,1,1,0,bajo,Bus
Suramericana,San Antonio,16.9,Martes,15,0,0,1,medio,Taxi
Ayura,Acevedo,6.3,Jueves,17,1,0,1,medio,Taxi
San Javier,Industriales,7.9,Lunes,10,0,0,0,alto,Bus
Aguacatala,Floresta,13.3,Viernes,5,0,0,0,alto,Bus
Niquia,Tricentenario,13.3,Viernes,18,1,0,0,medio,Bus
Hospital,Ayura,12.3,Miercoles,22,0,0,0,medio,Taxi
Bello,Acevedo,10.0,Sabado,5,0,1,0,alto,Bus
Floresta,Aguacatala,5.3,Jueves,23,0,0,0,medio,Metro
Floresta,Aguacatala,19.4,Domingo,16,0,1,0,bajo,Bus
San Antonio,Hospital,17.9,Miercoles,6,1,0,1,medio,Taxi
Hospital,Madera,16.8,Viernes,16,0,0,1,bajo,Taxi
Hospital,Madera,2.5,Domingo,23,0,1,1,medio,Taxi
San Javier,Prado,13.1,Martes,10,0,0,1,bajo,Taxi
Madera,Ayura,1.5,Lunes,15,0,0,1,medio,Taxi
Alpujarra,Caribe,18.6,Sabado,15,0,1,0,medio,Bus
Sabaneta,Santa Lucia,16.6,Lunes,17,1,0,0,bajo,Bus
Industriales,San Javier,18.5,Lunes,0,0,0,0,bajo,Bus
Envigado,Caribe,5.7,Martes,22,0,0,1,bajo,Taxi
Envigado,Caribe,1.5,Sabado,16,0,1,1,medio,Taxi
Tricentenario,La Estrella,4.3,Martes,21,0,0,1,medio,Taxi
Parque Berrio,Sabaneta,5.8,Domingo,23,0,1,1,bajo,Taxi
Niquia,La Estrella,10.8,Jueves,23,0,0,1,alto,Taxi
Estadio,Aguacatala,13.5,Domingo,23,0,1,1,alto,Taxi
Exposiciones,Cisneros,18.0,Sabado,17,1,1,0,medio,Bus
Santa Lucia,Caribe,12.4,Miercoles,13,1,0,0,medio,Taxi
Aguacatala,Bello,16.0,Lunes,14,1,0,0,alto,Metro
San Javier,Sabaneta,3.0,Viernes,13,1,0,0,bajo,Metro
Acevedo,Exposiciones,17.1,Sabado,3,0,1,0,bajo,Bus
Parque Berrio,Universidad,3.2,Jueves,11,1,0,0,medio,Metro
Alpujarra,Santa Lucia,2.8,Martes,7,1,0,0,alto,Bus
Santa Lucia,Exposiciones,1.4,Miercoles,9,0,0,0,alto,Caminando
Caribe,San Javier,3.8,Viernes,17,1,0,0,bajo,Bus
Exposiciones,San Antonio,4.2,Domingo,12,1,1,1,alto,Taxi
Madera,La Estrella,11.7,Miercoles,5,0,0,0,bajo,Bus
Parque Berrio,Caribe,9.3,Sabado,4,0,1,1,medio,Taxi
Hospital,Prado,8.0,Miercoles,13,1,0,1,medio,Taxi
San Antonio,Caribe,13.1,Sabado,19,1,1,1,alto,Taxi
Estadio,Madera,9.5,Miercoles,5,0,0,1,bajo,Taxi
Alpujarra,Aguacatala,12.5,Sabado,10,0,1,1,alto,Taxi
San Antonio,San Javier,11.4,Domingo,19,1,1,0,alto,Bus
Santa Lucia,La Estrella,10.0,Sabado,10,0,1,0,medio,Bus
Universidad,Madera,8.6,Lunes,7,1,0,1,bajo,Taxi
San Javier,Niquia,8.7,Sabado,10,0,1,0,alto,Metro
Alpujarra,San Javier,18.9,Viernes,7,1,0,0,bajo,Bus
Caribe,Exposiciones,15.5,Martes,10,0,0,0,bajo,Bus
Acevedo,Bello,6.8,Jueves,9,0,0,0,medio,Bus
Hospital,Aguacatala,13.8,Miercoles,16,0,0,0,bajo,Bus
Tricentenario,Cisneros,18.5,Domingo,21,0,1,0,alto,Taxi
Ayura,La Estrella,4.8,Martes,16,0,0,0,bajo,Bus
Poblado,Niquia,2.9,Viernes,23,0,0,0,medio,Metro
Tricentenario,San Javier,12.8,Viernes,9,0,0,0,alto,Bus
Suramericana,Itagui,6.0,Domingo,4,0,1,1,bajo,Taxi
Niquia,Floresta,16.0,Lunes,19,1,0,1,medio,Taxi
Bello,Universidad,8.9,Jueves,8,1,0,0,bajo,Bus
Parque Berrio,Floresta,4.7,Domingo,17,1,1,0,bajo,Bus
San Javier,Bello,12.1,Domingo,13,1,1,0,bajo,Bus
Poblado,Universidad,4.6,Domingo,18,1,1,0,bajo,Bus
Acevedo,Prado,16.7,Miercoles,2,0,0,1,bajo,Taxi
Floresta,Exposiciones,8.2,Domingo,14,1,1,1,bajo,Taxi
Universidad,La Estrella,2.0,Sabado,2,0,1,1,alto,Taxi
Estadio,Prado,1.6,Jueves,7,1,0,0,medio,Caminando
Suramericana,San Javier,8.6,Viernes,8,1,0,1,alto,Taxi
Estadio,Santa Lucia,19.1,Martes,17,1,0,1,medio,Taxi
Estadio,Bello,19.4,Domingo,16,0,1,0,alto,Bus
Exposiciones,San Antonio,19.1,Sabado,6,1,1,0,medio,Bus
Floresta,Caribe,7.2,Domingo,23,0,1,1,alto,Taxi
Hospital,Santa Lucia,18.4,Lunes,3,0,0,1,alto,Taxi
Santa Lucia,Prado,6.5,Sabado,7,1,1,1,alto,Taxi
Universidad,Santa Lucia,6.9,Miercoles,2,0,0,0,alto,Metro
Alpujarra,Cisneros,5.2,Jueves,17,1,0,0,alto,Bus
Alpujarra,Prado,16.5,Lunes,3,0,0,0,bajo,Bus
Alpujarra,Caribe,4.3,Viernes,9,0,0,0,alto,Metro
Niquia,Suramericana,10.7,Sabado,14,1,1,0,medio,Metro
Cisneros,Parque Berrio,5.6,Lunes,5,0,0,0,alto,Metro
Universidad,Caribe,6.3,Miercoles,15,0,0,0,medio,Bus
Floresta,Itagui,2.0,Viernes,18,1,0,1,medio,Taxi
Caribe,Tricentenario,15.6,Jueves,10,0,0,1,alto,Taxi
Floresta,Alpujarra,14.3,Martes,9,0,0,0,bajo,Bus
Alpujarra,Envigado,14.7,Miercoles,13,1,0,0,alto,Metro
La Estrella,Ayura,7.8,Domingo,5,0,1,1,medio,Taxi
Caribe,Poblado,15.8,Domingo,13,1,1,1,medio,Taxi
Bello,Alpujarra,13.3,Jueves,2,0,0,1,bajo,Taxi
Ayura,Itagui,4.8,Sabado,8,1,1,1,alto,Taxi
Estadio,Sabaneta,2.1,Martes,4,0,0,1,medio,Taxi
Exposiciones,San Antonio,3.2,Jueves,12,1,0,0,alto,Taxi
Caribe,Poblado,2.6,Miercoles,17,1,0,1,alto,Taxi
Acevedo,Sabaneta,13.6,Domingo,10,0,1,0,medio,Taxi
Sabaneta,Acevedo,3.2,Jueves,4,0,0,0,medio,Metro
San Antonio,Hospital,4.6,Domingo,9,0,1,0,bajo,Bus
Suramericana,Estadio,2.1,Domingo,18,1,1,0,medio,Bus
Envigado,Caribe,17.4,Domingo,19,1,1,1,medio,Taxi
Parque Berrio,Madera,18.7,Domingo,3,0,1,1,alto,Taxi
La Estrella,Bello,14.5,Lunes,23,0,0,0,medio,Taxi
Bello,Floresta,9.6,Domingo,13,1,1,0,bajo,Bus
Envigado,Poblado,4.9,Lunes,16,0,0,1,alto,Taxi
Poblado,La Estrella,8.1,Domingo,1,0,1,1,bajo,Taxi
Madera,Poblado,1.1,Lunes,19,1,0,1,alto,Taxi
Ayura,Floresta,3.1,Martes,0,0,0,0,medio,Taxi
Sabaneta,Santa Lucia,4.4,Sabado,23,0,1,1,alto,Taxi
Niquia,Envigado,6.0,Jueves,11,1,0,0,medio,Bus
Tricentenario,Poblado,11.7,Martes,13,1,0,1,alto,Taxi
Cisneros,Prado,12.9,Viernes,8,1,0,1,alto,Taxi
Poblado,Industriales,8.8,Sabado,4,0,1,1,alto,Taxi
Prado,Bello,8.8,Viernes,10,0,0,0,bajo,Bus
Bello,San Antonio,6.1,Martes,15,0,0,1,bajo,Taxi
Bello,Niquia,5.3,Martes,2,0,0,0,bajo,Bus
Bello,Parque Berrio,8.7,Sabado,23,0,1,1,medio,Taxi
Hospital,Madera,19.5,Domingo,16,0,1,0,medio,Bus
Madera,Prado,3.3,Lunes,19,1,0,0,bajo,Bus
Cisneros,Poblado,6.4,Domingo,17,1,1,0,bajo,Bus
Ayura,Exposiciones,17.7,Domingo,15,0,1,0,bajo,Bus
Industriales,Ayura,9.4,Lunes,15,0,0,1,bajo,Taxi
Prado,Suramericana,5.9,Viernes,16,0,0,0,bajo,Bus
Parque Berrio,Prado,20.0,Lunes,13,1,0,0,medio,Metro
Madera,Itagui,12.6,Martes,21,0,0,0,alto,Metro
La Estrella,Industriales,5.3,Domingo,19,1,1,1,medio,Taxi
Itagui,Alpujarra,17.5,Sabado,15,0,1,0,bajo,Bus
Sabaneta,Industriales,2.8,Lunes,3,0,0,0,bajo,Metro
Aguacatala,San Javier,19.4,Martes,23,0,0,1,medio,Taxi
Tricentenario,Aguacatala,13.1,Domingo,3,0,1,1,medio,Taxi
Suramericana,Hospital,2.6,Jueves,9,0,0,1,alto,Taxi
Ayura,Industriales,1.1,Sabado,7,1,1,1,bajo,Taxi
Acevedo,Parque Berrio,9.3,Martes,16,0,0,0,medio,Metro
San Javier,Industriales,14.0,Martes,16,0,0,1,alto,Taxi
Sabaneta,Industriales,4.5,Domingo,14,1,1,1,medio,Taxi
Estadio,Alpujarra,1.4,Lunes,2,0,0,0,medio,Caminando
San Antonio,Acevedo,10.1,Miercoles,23,0,0,0,bajo,Bus
Niquia,Prado,7.3,Domingo,15,0,1,1,medio,Taxi
Ayura,Suramericana,12.2,Sabado,21,0,1,1,medio,Taxi
Aguacatala,Floresta,4.5,Viernes,17,1,0,0,bajo,Bus
Itagui,Poblado,15.3,Miercoles,12,1,0,0,medio,Metro
Sabaneta,Suramericana,7.4,Sabado,13,1,1,0,bajo,Bus
Tricentenario,Parque Berrio,13.6,Miercoles,4,0,0,1,medio,Taxi
Ayura,Niquia,20.0,Viernes,2,0,0,1,medio,Taxi
Tricentenario,Alpujarra,19.0,Jueves,18,1,0,1,medio,Taxi
Floresta,Exposiciones,13.8,Domingo,5,0,1,1,bajo,Taxi
Madera,San Antonio,17.8,Sabado,22,0,1,0,bajo,Bus
Caribe,Prado,5.0,Sabado,13,1,1,0,medio,Metro
Poblado,Madera,6.3,Miercoles,12,1,0,0,bajo,Bus
Industriales,Prado,14.8,Viernes,19,1,0,1,bajo,Taxi
Tricentenario,San Antonio,15.2,Sabado,2,0,1,1,medio,Taxi
Sabaneta,San Antonio,18.3,Viernes,13,1,0,0,bajo,Bus
Ayura,Cisneros,16.3,Domingo,3,0,1,1,medio,Taxi
Bello,Hospital,10.0,Viernes,3,0,0,0,bajo,Bus
Sabaneta,Acevedo,1.4,Domingo,8,1,1,1,bajo,Taxi
San Javier,San Antonio,11.0,Miercoles,0,0,0,1,alto,Taxi
Aguacatala,Parque Berrio,19.4,Jueves,18,1,0,0,alto,Metro
Floresta,Bello,5.9,Martes,22,0,0,1,medio,Taxi
Exposiciones,Industriales,11.7,Jueves,5,0,0,0,alto,Metro
Aguacatala,San Antonio,18.6,Domingo,22,0,1,1,alto,Taxi
Acevedo,San Antonio,6.8,Miercoles,2,0,0,0,medio,Bus
Prado,Sabaneta,15.1,Viernes,23,0,0,1,bajo,Taxi
Universidad,Poblado,9.7,Domingo,2,0,1,0,medio,Bus
Niquia,Universidad,13.2,Domingo,19,1,1,0,medio,Bus
Madera,Tricentenario,6.1,Domingo,14,1,1,1,alto,Taxi
Santa Lucia,Cisneros,5.9,Viernes,19,1,0,1,medio,Taxi
Hospital,Estadio,17.0,Miercoles,12,1,0,0,medio,Metro
Niquia,Acevedo,12.0,Jueves,1,0,0,1,medio,Taxi
Santa Lucia,Parque Berrio,4.3,Viernes,3,0,0,1,alto,Taxi
Hospital,Madera,6.4,Lunes,4,0,0,1,medio,Taxi
Caribe,Madera,8.0,Viernes,15,0,0,1,bajo,Taxi
Tricentenario,Estadio,6.9,Viernes,15,0,0,1,bajo,Taxi
Niquia,Estadio,2.2,Jueves,12,1,0,1,alto,Taxi
Envigado,Exposiciones,2.8,Sabado,17,1,1,1,bajo,Taxi
Sabaneta,Industriales,15.1,Jueves,20,0,0,0,alto,Taxi
Exposiciones,Aguacatala,1.6,Jueves,0,0,0,0,bajo,Caminando
Bello,Hospital,4.4,Jueves,19,1,0,1,medio,Taxi
Madera,Bello,12.1,Miercoles,17,1,0,0,alto,Metro
Acevedo,Santa Lucia,7.0,Jueves,9,0,0,1,bajo,Taxi
Industriales,Sabaneta,2.9,Sabado,10,0,1,1,medio,Taxi
Universidad,La Estrella,19.5,Domingo,18,1,1,1,medio,Taxi
Sabaneta,San Javier,2.8,Domingo,18,1,1,1,bajo,Taxi
Acevedo,Sabaneta,5.7,Martes,18,1,0,1,alto,Taxi
Itagui,Bello,6.1,Lunes,5,0,0,0,bajo,Bus
Itagui,Santa Lucia,17.9,Lunes,18,1,0,1,bajo,Taxi
Aguacatala,Industriales,15.0,Sabado,2,0,1,0,bajo,Bus
Cisneros,Bello,13.5,Viernes,23,0,0,0,bajo,Bus
La Estrella,Niquia,4.1,Martes,21,0,0,1,medio,Taxi
Exposiciones,Aguacatala,9.8,Viernes,7,1,0,0,bajo,Bus
Parque Berrio,Santa Lucia,1.6,Miercoles,8,1,0,1,bajo,Taxi
Ayura,Exposiciones,12.9,Martes,8,1,0,0,bajo,Bus
Madera,Ayura,2.5,Miercoles,23,0,0,0,medio,Bus
Floresta,La Estrella,6.8,Martes,16,0,0,1,alto,Taxi
Acevedo,Alpujarra,8.6,Lunes,8,1,0,0,alto,Bus
Sabaneta,Prado,7.6,Martes,19,1,0,0,medio,Bus
Madera,Prado,14.2,Sabado,9,0,1,1,medio,Taxi
Acevedo,Parque Berrio,18.7,Martes,5,0,0,0,alto,Taxi
Universidad,Ayura,3.8,Viernes,17,1,0,1,medio,Taxi
Industriales,Alpujarra,10.6,Lunes,23,0,0,0,bajo,Bus
Poblado,Suramericana,1.9,Domingo,23,0,1,1,alto,Taxi
Universidad,Industriales,16.4,Martes,21,0,0,1,alto,Taxi
Niquia,Universidad,8.6,Miercoles,20,0,0,1,alto,Taxi
Alpujarra,Bello,2.4,Jueves,18,1,0,0,bajo,Bus
Acevedo,La Estrella,5.6,Miercoles,14,1,0,1,bajo,Taxi
Floresta,Prado,10.1,Viernes,16,0,0,0,alto,Taxi
San Javier,Exposiciones,3.7,Domingo,2,0,1,0,alto,Bus
Madera,Industriales,3.1,Sabado,12,1,1,0,medio,Metro
Itagui,Bello,7.7,Viernes,16,0,0,1,alto,Taxi
Universidad,Tricentenario,14.0,Domingo,17,1,1,0,medio,Bus
Caribe,Sabaneta,7.8,Domingo,17,1,1,0,alto,Bus
Sabaneta,Ayura,1.3,Viernes,5,0,0,0,alto,Bus
Cisneros,Floresta,17.3,Sabado,19,1,1,0,alto,Bus
Madera,Floresta,11.7,Viernes,4,0,0,1,bajo,Taxi
Hospital,Aguacatala,12.5,Lunes,6,1,0,1,alto,Taxi
Universidad,Santa Lucia,19.2,Lunes,7,1,0,1,alto,Taxi
Aguacatala,Santa Lucia,9.9,Jueves,5,0,0,0,bajo,Bus
Parque Berrio,Exposiciones,16.7,Domingo,18,1,1,0,bajo,Bus
Exposiciones,Madera,6.0,Martes,15,0,0,1,alto,Taxi
Aguacatala,Suramericana,11.4,Viernes,9,0,0,1,medio,Taxi
Poblado,Floresta,15.1,Viernes,22,0,0,0,medio,Metro
Alpujarra,Itagui,12.6,Sabado,22,0,1,1,bajo,Taxi
Floresta,Parque Berrio,4.4,Domingo,13,1,1,1,bajo,Taxi
San Javier,Suramericana,10.4,Viernes,18,1,0,1,alto,Taxi
Alpujarra,Estadio,13.6,Domingo,7,1,1,0,bajo,Bus
Itagui,Sabaneta,14.6,Lunes,21,0,0,1,medio,Taxi
Itagui,La Estrella,19.3,Miercoles,21,0,0,1,alto,Taxi
Universidad,Ayura,15.2,Viernes,22,0,0,1,bajo,Taxi
Prado,Envigado,1.4,Viernes,11,1,0,0,alto,Caminando
Sabaneta,Industriales,6.4,Martes,10,0,0,0,alto,Bus
Cisneros,Ayura,4.7,Martes,2,0,0,1,medio,Taxi
Tricentenario,Niquia,17.5,Jueves,18,1,0,0,alto,Metro
Industriales,Madera,13.7,Domingo,9,0,1,0,alto,Taxi
Suramericana,Floresta,2.6,Domingo,2,0,1,1,alto,Taxi
Santa Lucia,Ayura,14.2,Lunes,8,1,0,1,alto,Taxi
Suramericana,Cisneros,17.1,Martes,23,0,0,0,alto,Metro
Bello,Madera,5.6,Jueves,15,0,0,1,bajo,Taxi
Cisneros,Parque Berrio,8.6,Jueves,5,0,0,0,alto,Metro
Industriales,Caribe,5.2,Domingo,8,1,1,0,medio,Bus
Envigado,Cisneros,10.2,Jueves,10,0,0,0,medio,Metro
Aguacatala,Poblado,13.9,Lunes,6,1,0,0,medio,Metro
Hospital,Acevedo,10.8,Martes,11,1,0,1,medio,Taxi
Alpujarra,Madera,13.2,Viernes,7,1,0,1,bajo,Taxi
San Javier,Aguacatala,10.7,Martes,14,1,0,1,medio,Taxi
Sabaneta,Prado,5.1,Martes,22,0,0,0,bajo,Bus
Prado,Bello,19.5,Domingo,21,0,1,0,alto,Metro
Santa Lucia,Floresta,7.7,Jueves,18,1,0,1,alto,Taxi
Ayura,Hospital,1.3,Lunes,12,1,0,1,alto,Taxi
Industriales,Sabaneta,5.0,Martes,14,1,0,1,alto,Taxi
Cisneros,Exposiciones,16.2,Viernes,8,1,0,0,bajo,Bus
Universidad,Bello,18.8,Miercoles,0,0,0,0,alto,Taxi
Aguacatala,Bello,9.2,Jueves,13,1,0,0,bajo,Bus
Suramericana,Niquia,18.2,Lunes,8,1,0,0,bajo,Bus
Hospital,Madera,17.8,Martes,5,0,0,0,alto,Metro
Niquia,Itagui,18.4,Miercoles,16,0,0,0,bajo,Bus
Parque Berrio,Prado,18.0,Lunes,16,0,0,1,medio,Taxi
Universidad,Suramericana,16.8,Domingo,22,0,1,1,bajo,Taxi
Exposiciones,San Antonio,11.5,Jueves,10,0,0,1,alto,Taxi
Exposiciones,Santa Lucia,11.3,Domingo,21,0,1,0,medio,Metro
San Antonio,Caribe,8.8,Jueves,16,0,0,1,medio,Taxi
Alpujarra,Poblado,1.1,Domingo,0,0,1,0,bajo,Caminando
Poblado,Parque Berrio,13.0,Jueves,23,0,0,1,alto,Taxi
Hospital,La Estrella,18.0,Miercoles,8,1,0,1,bajo,Taxi
Hospital,Acevedo,10.9,Lunes,20,0,0,1,alto,Taxi
Suramericana,Poblado,4.3,Martes,5,0,0,1,bajo,Taxi
Poblado,San Javier,7.2,Jueves,11,1,0,1,alto,Taxi
Ayura,Floresta,11.4,Sabado,13,1,1,1,medio,Taxi
Prado,Cisneros,10.7,Lunes,7,1,0,0,medio,Metro
Prado,Alpujarra,2.7,Martes,19,1,0,0,medio,Bus
La Estrella,Parque Berrio,15.6,Jueves,11,1,0,1,medio,Taxi
Madera,Industriales,3.6,Domingo,11,1,1,0,alto,Taxi
Exposiciones,Poblado,14.1,Sabado,5,0,1,1,bajo,Taxi
Itagui,Santa Lucia,2.8,Jueves,13,1,0,0,medio,Bus
Hospital,Alpujarra,1.0,Miercoles,10,0,0,0,alto,Bus
Ayura,San Javier,12.9,Domingo,13,1,1,1,bajo,Taxi
Envigado,Cisneros,4.9,Sabado,6,1,1,0,medio,Bus
Industriales,Caribe,9.9,Domingo,23,0,1,0,alto,Metro
Cisneros,Ayura,19.4,Lunes,4,0,0,1,bajo,Taxi
Parque Berrio,Exposiciones,15.8,Lunes,0,0,0,0,bajo,Bus
La Estrella,Floresta,4.9,Sabado,2,0,1,0,medio,Bus
Floresta,San Antonio,11.5,Jueves,4,0,0,0,medio,Taxi
Floresta,Madera,10.1,Martes,18,1,0,1,alto,Taxi
Exposiciones,Hospital,12.6,Sabado,15,0,1,0,medio,Taxi
Alpujarra,Cisneros,18.5,Jueves,20,0,0,1,medio,Taxi
Niquia,Acevedo,10.2,Martes,15,0,0,0,alto,Taxi
Universidad,Caribe,13.3,Domingo,22,0,1,0,bajo,Bus
Hospital,Acevedo,5.3,Viernes,17,1,0,1,alto,Taxi
Envigado,La Estrella,10.7,Jueves,4,0,0,0,alto,Metro
Industriales,Parque Berrio,8.6,Miercoles,7,1,0,0,medio,Metro
Envigado,Floresta,10.3,Miercoles,2,0,0,0,medio,Taxi
Aguacatala,Madera,2.8,Jueves,13,1,0,0,bajo,Taxi
Poblado,Alpujarra,12.1,Martes,3,0,0,1,medio,Taxi
Industriales,Envigado,3.8,Sabado,22,0,1,1,medio,Taxi
Poblado,Acevedo,6.1,Jueves,8,1,0,1,alto,Taxi
Suramericana,San Antonio,14.6,Viernes,4,0,0,1,bajo,Taxi
Suramericana,Itagui,14.3,Lunes,16,0,0,0,alto,Taxi
Universidad,Sabaneta,4.0,Sabado,22,0,1,0,bajo,Metro
La Estrella,Universidad,12.1,Martes,13,1,0,0,alto,Metro
Ayura,Envigado,11.3,Jueves,14,1,0,1,bajo,Taxi
Acevedo,Prado,7.6,Miercoles,0,0,0,1,medio,Taxi
Hospital,Prado,17.8,Viernes,22,0,0,0,alto,Metro
Itagui,Poblado,5.3,Domingo,16,0,1,1,bajo,Taxi
Poblado,Parque Berrio,8.7,Domingo,19,1,1,0,alto,Metro
Exposiciones,Ayura,5.6,Viernes,13,1,0,0,bajo,Bus
Parque Berrio,Sabaneta,15.6,Lunes,12,1,0,0,bajo,Bus
Suramericana,San Javier,13.1,Lunes,12,1,0,1,bajo,Taxi
Prado,Itagui,6.5,Sabado,6,1,1,0,alto,Bus
Niquia,Poblado,7.0,Jueves,0,0,0,1,medio,Taxi
Prado,Estadio,18.3,Domingo,12,1,1,0,alto,Metro
Industriales,Sabaneta,18.9,Domingo,4,0,1,0,bajo,Bus
San Javier,Tricentenario,1.3,Martes,6,1,0,0,alto,Caminando
Envigado,Santa Lucia,13.1,Martes,5,0,0,0,alto,Metro
Universidad,Acevedo,4.4,Lunes,3,0,0,1,medio,Taxi
Alpujarra,Exposiciones,10.0,Jueves,7,1,0,0,alto,Bus
Aguacatala,La Estrella,13.8,Domingo,19,1,1,0,medio,Bus
Envigado,Floresta,11.5,Sabado,7,1,1,1,bajo,Taxi
Acevedo,Suramericana,11.8,Lunes,8,1,0,1,alto,Taxi
Itagui,Universidad,11.5,Miercoles,13,1,0,0,bajo,Bus
Suramericana,Envigado,9.6,Martes,23,0,0,0,alto,Taxi
Cisneros,Alpujarra,15.9,Martes,21,0,0,0,bajo,Bus
Suramericana,Prado,8.2,Miercoles,16,0,0,1,alto,Taxi
Niquia,San Antonio,15.9,Martes,23,0,0,0,bajo,Bus
Itagui,Bello,11.1,Miercoles,16,0,0,1,bajo,Taxi
Poblado,San Javier,11.5,Martes,18,1,0,0,bajo,Bus
Ayura,Madera,13.8,Viernes,1,0,0,1,alto,Taxi
Suramericana,Aguacatala,5.7,Miercoles,15,0,0,0,alto,Taxi
Ayura,Poblado,12.3,Jueves,8,1,0,1,bajo,Taxi
Itagui,Ayura,4.3,Miercoles,7,1,0,0,bajo,Bus
Caribe,Exposiciones,11.3,Lunes,9,0,0,0,bajo,Bus
Aguacatala,Cisneros,14.4,Miercoles,22,0,0,1,alto,Taxi
Hospital,Acevedo,2.2,Miercoles,21,0,0,0,medio,Bus
Alpujarra,Acevedo,1.4,Sabado,23,0,1,1,alto,Taxi
Estadio,Madera,19.0,Jueves,7,1,0,1,alto,Taxi
Exposiciones,Hospital,9.4,Viernes,2,0,0,0,bajo,Bus
Parque Berrio,Bello,12.4,Sabado,21,0,1,0,medio,Taxi
Itagui,San Antonio,17.0,Jueves,9,0,0,1,alto,Taxi
Aguacatala,Ayura,17.8,Martes,7,1,0,0,alto,Metro
Envigado,Floresta,17.7,Jueves,3,0,0,1,alto,Taxi
San Javier,Prado,18.4,Miercoles,3,0,0,1,alto,Taxi
Ayura,Industriales,8.8,Lunes,20,0,0,0,bajo,Bus
Ayura,Madera,13.7,Martes,15,0,0,0,medio,Metro
San Javier,Estadio,4.5,Lunes,10,0,0,0,bajo,Metro
Hospital,Cisneros,8.3,Jueves,4,0,0,1,medio,Taxi
La Estrella,Sabaneta,19.3,Viernes,10,0,0,0,bajo,Bus
Suramericana,Ayura,13.1,Domingo,0,0,1,0,bajo,Bus
Sabaneta,Alpujarra,9.5,Martes,21,0,0,0,medio,Metro
La Estrella,Cisneros,11.7,Jueves,22,0,0,0,medio,Metro
San Antonio,La Estrella,2.1,Miercoles,2,0,0,1,medio,Taxi
Parque Berrio,San Antonio,6.0,Domingo,4,0,1,0,alto,Taxi
Aguacatala,Parque Berrio,6.8,Domingo,12,1,1,1,medio,Taxi
Sabaneta,Bello,7.0,Miercoles,22,0,0,0,medio,Metro
Estadio,Parque Berrio,4.8,Domingo,20,0,1,0,bajo,Bus
Universidad,Prado,4.6,Domingo,17,1,1,0,alto,Bus
Acevedo,Poblado,3.8,Domingo,15,0,1,1,bajo,Taxi
Industriales,Parque Berrio,11.3,Miercoles,6,1,0,0,alto,Bus
Suramericana,Itagui,7.8,Martes,5,0,0,1,bajo,Taxi
Hospital,San Javier,1.7,Martes,4,0,0,0,medio,Bus
Tricentenario,Ayura,8.6,Domingo,10,0,1,1,medio,Taxi
Poblado,Ayura,5.0,Jueves,12,1,0,1,bajo,Taxi
Suramericana,Prado,14.6,Martes,19,1,0,0,medio,Bus
Madera,Envigado,10.9,Viernes,17,1,0,0,medio,Bus
Bello,La Estrella,4.5,Viernes,12,1,0,0,bajo,Bus
Universidad,Tricentenario,17.7,Miercoles,11,1,0,0,alto,Metro
Floresta,Santa Lucia,14.2,Sabado,9,0,1,0,medio,Metro
Ayura,Floresta,10.8,Miercoles,7,1,0,0,medio,Metro
San Javier,Exposiciones,10.0,Miercoles,16,0,0,0,alto,Bus
San Javier,La Estrella,2.3,Lunes,1,0,0,0,medio,Metro
Ayura,Bello,16.5,Viernes,1,0,0,0,alto,Taxi
Aguacatala,Prado,16.2,Sabado,21,0,1,1,medio,Taxi
Ayura,Sabaneta,8.2,Sabado,17,1,1,0,alto,Bus
Ayura,Floresta,4.5,Viernes,5,0,0,1,alto,Taxi
Niquia,San Antonio,16.3,Domingo,3,0,1,1,medio,Taxi
Alpujarra,Ayura,11.5,Viernes,3,0,0,0,alto,Taxi
Hospital,Parque Berrio,12.5,Viernes,18,1,0,1,alto,Taxi
Alpujarra,San Antonio,15.2,Viernes,11,1,0,0,bajo,Bus
San Antonio,Tricentenario,2.4,Lunes,5,0,0,0,medio,Taxi
Acevedo,Floresta,3.5,Lunes,10,0,0,0,medio,Bus
Envigado,Bello,18.3,Jueves,20,0,0,0,medio,Bus
Acevedo,Estadio,13.2,Martes,7,1,0,1,bajo,Taxi
San Javier,Tricentenario,16.8,Viernes,9,0,0,0,bajo,Bus
Niquia,Floresta,15.3,Domingo,15,0,1,1,medio,Taxi
Sabaneta,Cisneros,11.3,Sabado,13,1,1,1,bajo,Taxi
Bello,Estadio,4.1,Lunes,1,0,0,0,medio,Metro
Suramericana,Acevedo,13.0,Domingo,10,0,1,0,medio,Metro
Caribe,Floresta,2.9,Viernes,11,1,0,1,medio,Taxi
San Antonio,Ayura,9.3,Miercoles,13,1,0,0,medio,Metro
Estadio,La Estrella,12.9,Sabado,0,0,1,0,medio,Metro
Acevedo,Floresta,15.7,Miercoles,5,0,0,1,bajo,Taxi
Exposiciones,Hospital,2.6,Lunes,14,1,0,1,alto,Taxi
Ayura,Cisneros,6.3,Martes,1,0,0,1,bajo,Taxi
Industriales,Exposiciones,9.9,Sabado,8,1,1,0,alto,Bus
San Javier,Sabaneta,5.9,Lunes,9,0,0,1,medio,Taxi
Acevedo,Caribe,6.5,Sabado,7,1,1,1,bajo,Taxi
Santa Lucia,Suramericana,14.3,Domingo,11,1,1,1,bajo,Taxi
Estadio,La Estrella,17.7,Lunes,9,0,0,1,bajo,Taxi
Universidad,Industriales,18.3,Viernes,4,0,0,1,alto,Taxi
Bello,Aguacatala,16.7,Martes,7,1,0,1,medio,Taxi
Sabaneta,Estadio,7.2,Lunes,9,0,0,1,alto,Taxi
San Javier,Acevedo,9.9,Lunes,18,1,0,1,alto,Taxi
Parque Berrio,Hospital,19.9,Martes,19,1,0,1,alto,Taxi
Aguacatala,San Javier,13.6,Domingo,14,1,1,0,alto,Bus
Universidad,Prado,16.3,Miercoles,20,0,0,1,bajo,Taxi
Cisneros,Aguacatala,2.7,Jueves,4,0,0,0,medio,Taxi
Exposiciones,Sabaneta,4.2,Jueves,15,0,0,1,bajo,Taxi
Industriales,San Antonio,17.7,Miercoles,15,0,0,0,alto,Bus
Niquia,Ayura,1.1,Lunes,19,1,0,0,alto,Caminando
Industriales,Tricentenario,14.7,Jueves,5,0,0,0,bajo,Bus
Niquia,Sabaneta,3.1,Martes,16,0,0,0,alto,Taxi
San Antonio,Itagui,15.4,Sabado,1,0,1,1,medio,Taxi
San Javier,Hospital,4.8,Lunes,22,0,0,1,alto,Taxi
Alpujarra,Floresta,13.6,Sabado,1,0,1,0,alto,Taxi
Envigado,Industriales,19.9,Miercoles,15,0,0,1,medio,Taxi
Cisneros,Niquia,10.3,Sabado,0,0,1,0,alto,Taxi
Sabaneta,Estadio,7.3,Miercoles,18,1,0,1,medio,Taxi
La Estrella,Parque Berrio,6.6,Domingo,21,0,1,1,alto,Taxi
Industriales,Hospital,14.1,Jueves,1,0,0,1,bajo,Taxi
Itagui,San Antonio,8.0,Miercoles,12,1,0,0,medio,Metro
Prado,Tricentenario,9.5,Miercoles,14,1,0,1,medio,Taxi
Madera,Prado,17.3,Miercoles,7,1,0,0,bajo,Bus
Itagui,San Antonio,4.7,Jueves,14,1,0,1,bajo,Taxi
Estadio,Tricentenario,2.2,Sabado,15,0,1,0,alto,Metro
Santa Lucia,San Antonio,10.8,Viernes,9,0,0,0,alto,Taxi
Alpujarra,Floresta,5.0,Domingo,5,0,1,0,bajo,Metro
Parque Berrio,Acevedo,18.4,Martes,5,0,0,0,bajo,Bus
San Antonio,Parque Berrio,17.3,Jueves,10,0,0,1,alto,Taxi
Suramericana,Bello,8.4,Jueves,6,1,0,1,medio,Taxi
Universidad,Cisneros,10.1,Lunes,17,1,0,1,alto,Taxi
Parque Berrio,Envigado,5.0,Jueves,13,1,0,0,bajo,Taxi
San Javier,Envigado,18.4,Viernes,11,1,0,1,alto,Taxi
Cisneros,Sabaneta,4.4,Sabado,12,1,1,1,alto,Taxi
La Estrella,Santa Lucia,13.0,Jueves,0,0,0,0,bajo,Bus
Floresta,Madera,19.3,Viernes,21,0,0,1,bajo,Taxi
Parque Berrio,Madera,18.4,Sabado,21,0,1,1,alto,Taxi
Exposiciones,Hospital,11.0,Viernes,14,1,0,1,medio,Taxi
Itagui,Poblado,6.7,Lunes,6,1,0,0,medio,Bus
San Javier,Estadio,19.7,Sabado,14,1,1,0,medio,Taxi
Madera,Acevedo,5.8,Miercoles,11,1,0,1,alto,Taxi
Aguacatala,Poblado,11.3,Domingo,5,0,1,1,bajo,Taxi
Cisneros,Niquia,9.3,Martes,4,0,0,1,medio,Taxi
La Estrella,Ayura,18.1,Sabado,23,0,1,0,medio,Bus
Estadio,Sabaneta,7.4,Martes,5,0,0,0,alto,Taxi
Bello,Alpujarra,10.0,Lunes,23,0,0,1,alto,Taxi
Acevedo,Universidad,13.1,Jueves,5,0,0,0,medio,Taxi
Industriales,Prado,16.8,Jueves,1,0,0,1,bajo,Taxi
Parque Berrio,Madera,10.6,Viernes,8,1,0,1,medio,Taxi
Poblado,Madera,18.0,Miercoles,8,1,0,1,alto,Taxi
San Javier,Aguacatala,5.2,Jueves,16,0,0,0,bajo,Bus
Floresta,San Javier,9.6,Sabado,2,0,1,0,alto,Taxi
Aguacatala,Acevedo,5.0,Domingo,20,0,1,1,bajo,Taxi
Aguacatala,Universidad,6.6,Lunes,20,0,0,1,bajo,Taxi
La Estrella,Aguacatala,16.0,Martes,16,0,0,1,medio,Taxi
Poblado,San Antonio,2.5,Jueves,2,0,0,0,medio,Taxi
Poblado,Sabaneta,5.6,Martes,16,0,0,1,bajo,Taxi
Sabaneta,Universidad,15.8,Miercoles,16,0,0,1,alto,Taxi
Floresta,Tricentenario,9.6,Sabado,7,1,1,1,alto,Taxi
Santa Lucia,Acevedo,16.2,Jueves,23,0,0,1,alto,Taxi
Alpujarra,Sabaneta,4.0,Martes,0,0,0,1,bajo,Taxi
Envigado,Cisneros,5.3,Jueves,21,0,0,1,alto,Taxi
Sabaneta,Bello,16.5,Martes,15,0,0,0,bajo,Bus
Sabaneta,Poblado,5.7,Sabado,23,0,1,0,alto,Taxi
Madera,Cisneros,11.3,Viernes,9,0,0,0,medio,Metro
Suramericana,San Javier,9.0,Domingo,4,0,1,1,alto,Taxi
Ayura,Sabaneta,11.6,Domingo,9,0,1,1,alto,Taxi
Prado,La Estrella,16.9,Sabado,4,0,1,1,bajo,Taxi
Acevedo,Ayura,15.0,Jueves,11,1,0,0,bajo,Bus
Prado,Itagui,9.4,Domingo,3,0,1,0,alto,Taxi
Suramericana,Sabaneta,8.8,Lunes,10,0,0,1,bajo,Taxi
Poblado,Ayura,18.9,Miercoles,21,0,0,0,alto,Taxi
Itagui,La Estrella,15.7,Miercoles,18,1,0,1,alto,Taxi
Parque Berrio,San Javier,3.9,Domingo,19,1,1,0,medio,Bus
Niquia,Alpujarra,18.6,Martes,21,0,0,1,bajo,Taxi
Industriales,Alpujarra,10.8,Lunes,2,0,0,1,alto,Taxi
Estadio,Prado,14.1,Domingo,22,0,1,0,bajo,Bus
Alpujarra,Exposiciones,19.4,Sabado,19,1,1,1,alto,Taxi
Sabaneta,Poblado,18.0,Miercoles,12,1,0,1,alto,Taxi
Niquia,San Javier,12.9,Viernes,1,0,0,0,alto,Bus
Niquia,San Javier,18.6,Martes,1,0,0,1,bajo,Taxi
Niquia,La Estrella,7.9,Lunes,23,0,0,1,alto,Taxi
La Estrella,Cisneros,15.9,Viernes,6,1,0,0,medio,Bus
Caribe,Madera,19.2,Viernes,10,0,0,0,bajo,Bus
La Estrella,Exposiciones,15.3,Domingo,13,1,1,0,bajo,Bus
Exposiciones,San Antonio,9.2,Martes,9,0,0,1,alto,Taxi
Caribe,Niquia,3.7,Domingo,11,1,1,1,medio,Taxi
Caribe,Prado,14.5,Lunes,23,0,0,0,medio,Metro
San Antonio,Santa Lucia,15.4,Domingo,16,0,1,1,bajo,Taxi
Envigado,San Antonio,10.3,Domingo,0,0,1,1,bajo,Taxi
La Estrella,San Javier,18.5,Domingo,17,1,1,1,bajo,Taxi
Niquia,Suramericana,11.8,Miercoles,3,0,0,0,bajo,Bus
Estadio,Santa Lucia,6.9,Lunes,10,0,0,0,alto,Bus
Ayura,Floresta,6.9,Viernes,4,0,0,1,medio,Taxi
Santa Lucia,Poblado,19.5,Domingo,5,0,1,0,alto,Taxi
Alpujarra,Poblado,10.7,Miercoles,11,1,0,1,alto,Taxi
Santa Lucia,San Javier,7.2,Sabado,4,0,1,0,alto,Metro
Floresta,Industriales,15.7,Lunes,13,1,0,0,bajo,Bus
Sabaneta,San Javier,6.2,Jueves,14,1,0,1,alto,Taxi
Alpujarra,San Antonio,17.1,Domingo,3,0,1,0,bajo,Bus
San Antonio,Exposiciones,3.0,Domingo,21,0,1,1,alto,Taxi
Prado,Santa Lucia,14.0,Miercoles,8,1,0,1,medio,Taxi
Poblado,San Antonio,12.8,Martes,5,0,0,1,bajo,Taxi
Floresta,Caribe,9.7,Jueves,18,1,0,0,medio,Bus
Exposiciones,Cisneros,12.9,Domingo,10,0,1,0,bajo,Bus
Madera,Bello,4.7,Martes,3,0,0,0,bajo,Metro
Exposiciones,Parque Berrio,13.8,Domingo,10,0,1,0,alto,Bus
San Antonio,La Estrella,9.9,Jueves,20,0,0,1,bajo,Taxi
Envigado,Estadio,12.4,Domingo,1,0,1,1,medio,Taxi
Santa Lucia,Acevedo,1.4,Sabado,1,0,1,0,medio,Bus
Tricentenario,San Javier,18.2,Martes,2,0,0,0,medio,Bus
Aguacatala,Tricentenario,11.1,Viernes,0,0,0,1,bajo,Taxi
San Javier,Madera,15.1,Miercoles,20,0,0,0,bajo,Bus
Santa Lucia,Hospital,9.9,Domingo,23,0,1,0,medio,Metro
Sabaneta,Alpujarra,10.1,Domingo,7,1,1,0,medio,Metro
Universidad,Prado,11.9,Miercoles,13,1,0,1,medio,Taxi
Parque Berrio,Poblado,10.6,Martes,4,0,0,1,bajo,Taxi
Acevedo,Caribe,5.2,Martes,14,1,0,1,bajo,Taxi
San Antonio,Universidad,15.7,Jueves,18,1,0,0,medio,Bus
Sabaneta,Tricentenario,1.4,Lunes,12,1,0,0,medio,Caminando
Suramericana,Bello,4.7,Miercoles,3,0,0,0,medio,Bus
Tricentenario,Santa Lucia,1.2,Miercoles,0,0,0,0,bajo,Caminando
Madera,Acevedo,12.6,Lunes,0,0,0,1,medio,Taxi
Aguacatala,Tricentenario,9.3,Miercoles,19,1,0,1,medio,Taxi
La Estrella,Itagui,14.3,Sabado,9,0,1,0,bajo,Bus
Santa Lucia,Bello,9.0,Viernes,4,0,0,0,bajo,Bus
Ayura,Cisneros,13.1,Domingo,8,1,1,1,alto,Taxi
San Javier,Acevedo,19.4,Viernes,23,0,0,0,bajo,Bus
Caribe,Hospital,4.3,Viernes,12,1,0,1,alto,Taxi
Ayura,Aguacatala,13.8,Sabado,3,0,1,0,medio,Metro
Aguacatala,Bello,3.7,Jueves,20,0,0,1,bajo,Taxi
San Javier,Industriales,14.9,Domingo,3,0,1,1,medio,Taxi
Envigado,Industriales,7.4,Martes,2,0,0,0,bajo,Bus
Madera,Hospital,4.1,Martes,17,1,0,1,bajo,Taxi
Hospital,Universidad,19.1,Domingo,14,1,1,1,medio,Taxi
Universidad,San Antonio,6.3,Sabado,8,1,1,1,medio,Taxi
Niquia,Caribe,16.7,Miercoles,0,0,0,1,alto,Taxi
Parque Berrio,Floresta,4.0,Martes,4,0,0,0,alto,Metro
San Antonio,Suramericana,8.5,Domingo,19,1,1,0,bajo,Bus
San Javier,Industriales,18.0,Martes,20,0,0,0,bajo,Bus
Hospital,Industriales,3.6,Jueves,13,1,0,1,alto,Taxi
Suramericana,Poblado,1.2,Martes,3,0,0,0,bajo,Caminando
Exposiciones,Aguacatala,8.5,Miercoles,11,1,0,0,medio,Metro
Itagui,Estadio,16.3,Viernes,12,1,0,1,bajo,Taxi
Parque Berrio,Universidad,19.9,Miercoles,2,0,0,1,alto,Taxi
Ayura,Alpujarra,16.6,Jueves,23,0,0,1,medio,Taxi
Parque Berrio,Cisneros,18.9,Miercoles,17,1,0,1,bajo,Taxi
San Javier,Poblado,15.2,Viernes,15,0,0,1,medio,Taxi
Industriales,Universidad,9.7,Miercoles,13,1,0,1,medio,Taxi
La Estrella,Sabaneta,2.0,Domingo,1,0,1,1,alto,Taxi
Suramericana,Parque Berrio,1.2,Martes,14,1,0,1,alto,Taxi
Niquia,Parque Berrio,16.7,Lunes,6,1,0,1,bajo,Taxi
Acevedo,Ayura,6.5,Lunes,20,0,0,1,bajo,Taxi
Acevedo,Prado,16.9,Lunes,2,0,0,1,medio,Taxi
Itagui,La Estrella,16.6,Sabado,3,0,1,0,bajo,Bus
Suramericana,Tricentenario,1.7,Viernes,6,1,0,1,alto,Taxi
Industriales,Caribe,16.4,Viernes,4,0,0,1,bajo,Taxi
La Estrella,Bello,2.0,Lunes,7,1,0,1,medio,Taxi
Madera,Prado,11.0,Martes,12,1,0,1,bajo,Taxi
Tricentenario,Bello,3.5,Martes,1,0,0,0,bajo,Bus
Madera,Estadio,12.4,Domingo,4,0,1,1,medio,Taxi
Exposiciones,Floresta,16.7,Domingo,4,0,1,0,bajo,Bus
Alpujarra,Industriales,19.6,Miercoles,15,0,0,1,alto,Taxi
Madera,Poblado,18.1,Sabado,13,1,1,0,bajo,Bus
Prado,Exposiciones,15.0,Sabado,12,1,1,1,medio,Taxi
Bello,Universidad,10.9,Domingo,3,0,1,0,alto,Taxi
Exposiciones,Madera,2.3,Sabado,9,0,1,1,alto,Taxi
Madera,Santa Lucia,17.5,Jueves,14,1,0,1,medio,Taxi
Prado,Cisneros,5.1,Lunes,11,1,0,1,alto,Taxi
Caribe,Industriales,17.3,Lunes,22,0,0,1,alto,Taxi
Sabaneta,Exposiciones,2.3,Jueves,18,1,0,0,alto,Bus
Universidad,Floresta,6.2,Sabado,16,0,1,0,alto,Taxi
Alpujarra,Envigado,5.0,Jueves,5,0,0,0,alto,Bus
Sabaneta,Caribe,3.2,Viernes,7,1,0,1,bajo,Taxi
Aguacatala,Poblado,6.9,Lunes,5,0,0,0,medio,Bus
Parque Berrio,Envigado,2.1,Jueves,15,0,0,0,medio,Taxi
Hospital,Bello,6.9,Domingo,14,1,1,1,bajo,Taxi
Universidad,San Antonio,4.1,Martes,12,1,0,1,medio,Taxi
Prado,Tricentenario,4.2,Jueves,14,1,0,0,bajo,Taxi
Cisneros,La Estrella,18.3,Lunes,0,0,0,0,bajo,Bus
La Estrella,San Antonio,19.2,Lunes,5,0,0,1,alto,Taxi
Universidad,Alpujarra,4.7,Sabado,9,0,1,1,bajo,Taxi
Hospital,Suramericana,1.7,Lunes,5,0,0,0,bajo,Caminando
Industriales,San Javier,16.9,Domingo,7,1,1,1,bajo,Taxi
Itagui,Envigado,18.5,Jueves,16,0,0,0,medio,Taxi
Madera,Caribe,6.1,Viernes,0,0,0,0,bajo,Bus
Alpujarra,Tricentenario,10.7,Jueves,4,0,0,0,bajo,Bus
Envigado,Alpujarra,14.9,Miercoles,1,0,0,0,alto,Taxi
Aguacatala,Exposiciones,3.2,Sabado,14,1,1,1,bajo,Taxi
Universidad,Acevedo,15.7,Martes,15,0,0,0,alto,Bus
La Estrella,Niquia,3.9,Jueves,15,0,0,0,alto,Bus
San Antonio,Parque Berrio,9.8,Jueves,13,1,0,1,medio,Taxi
San Antonio,Bello,18.5,Sabado,20,0,1,1,medio,Taxi
Poblado,Niquia,6.7,Lunes,8,1,0,1,medio,Taxi
Bello,Ayura,6.7,Domingo,13,1,1,0,bajo,Bus
Exposiciones,Acevedo,19.8,Martes,5,0,0,1,bajo,Taxi
Santa Lucia,Tricentenario,17.8,Viernes,4,0,0,0,alto,Taxi
Aguacatala,Santa Lucia,13.9,Domingo,14,1,1,1,bajo,Taxi
Itagui,Estadio,17.5,Lunes,16,0,0,0,bajo,Bus
Tricentenario,Prado,6.7,Viernes,3,0,0,1,alto,Taxi
Floresta,Acevedo,15.1,Martes,23,0,0,1,medio,Taxi
Hospital,San Antonio,8.5,Miercoles,5,0,0,1,medio,Taxi
San Javier,Universidad,11.1,Lunes,13,1,0,1,bajo,Taxi
Parque Berrio,Universidad,5.5,Jueves,8,1,0,1,alto,Taxi
Alpujarra,Prado,18.4,Martes,7,1,0,0,bajo,Bus
Santa Lucia,Estadio,16.6,Martes,15,0,0,0,alto,Bus
Alpujarra,Hospital,7.8,Jueves,2,0,0,1,bajo,Taxi
Poblado,La Estrella,11.5,Lunes,21,0,0,0,alto,Taxi
Suramericana,Universidad,12.0,Miercoles,16,0,0,0,alto,Metro
Floresta,Ayura,6.1,Lunes,1,0,0,0,medio,Taxi
Hospital,Envigado,10.9,Miercoles,1,0,0,1,alto,Taxi
Exposiciones,Floresta,13.2,Sabado,13,1,1,0,bajo,Bus
Floresta,Poblado,19.5,Martes,23,0,0,1,alto,Taxi
Prado,Cisneros,6.7,Lunes,7,1,0,1,bajo,Taxi
Acevedo,Suramericana,19.8,Lunes,16,0,0,1,alto,Taxi
Acevedo,Cisneros,15.0,Sabado,17,1,1,1,bajo,Taxi
Suramericana,Tricentenario,13.2,Jueves,18,1,0,0,bajo,Bus
Santa Lucia,Suramericana,1.2,Martes,20,0,0,1,alto,Taxi
Poblado,Caribe,13.7,Sabado,14,1,1,1,bajo,Taxi
Santa Lucia,Alpujarra,3.2,Lunes,12,1,0,0,alto,Taxi
Prado,Madera,3.2,Martes,1,0,0,1,alto,Taxi
Bello,Sabaneta,16.9,Domingo,17,1,1,1,medio,Taxi
Madera,Ayura,6.6,Miercoles,5,0,0,0,medio,Metro
Universidad,Envigado,7.1,Martes,3,0,0,1,medio,Taxi
San Antonio,Madera,18.6,Domingo,6,1,1,1,bajo,Taxi
Floresta,Bello,18.6,Jueves,20,0,0,0,alto,Bus
Suramericana,Floresta,4.1,Miercoles,8,1,0,1,alto,Taxi
Estadio,Prado,11.3,Viernes,23,0,0,1,alto,Taxi
Madera,Santa Lucia,10.3,Sabado,9,0,1,1,bajo,Taxi
Bello,Niquia,14.2,Jueves,21,0,0,1,alto,Taxi
Suramericana,Universidad,4.6,Lunes,6,1,0,1,medio,Taxi
Prado,La Estrella,13.6,Miercoles,18,1,0,1,alto,Taxi
Exposiciones,San Javier,1.1,Viernes,4,0,0,0,medio,Caminando
Floresta,Caribe,8.3,Lunes,5,0,0,1,medio,Taxi
Santa Lucia,Estadio,2.5,Jueves,15,0,0,1,alto,Taxi
Industriales,Hospital,10.4,Miercoles,7,1,0,0,bajo,Bus
Cisneros,Acevedo,14.9,Miercoles,5,0,0,1,bajo,Taxi
Madera,Poblado,2.3,Viernes,18,1,0,1,medio,Taxi
Bello,Niquia,2.1,Sabado,20,0,1,0,alto,Metro
Industriales,Santa Lucia,8.3,Martes,21,0,0,0,medio,Metro
Ayura,La Estrella,11.4,Domingo,22,0,1,0,alto,Bus
Acevedo,Bello,11.6,Jueves,10,0,0,1,bajo,Taxi
Aguacatala,Ayura,19.2,Miercoles,18,1,0,1,bajo,Taxi
Poblado,Parque Berrio,2.6,Lunes,8,1,0,1,alto,Taxi
Tricentenario,Sabaneta,5.7,Jueves,4,0,0,1,alto,Taxi
Envigado,Aguacatala,3.7,Miercoles,8,1,0,0,alto,Bus
Niquia,Floresta,2.0,Viernes,13,1,0,1,medio,Taxi
Industriales,Ayura,19.4,Viernes,6,1,0,1,alto,Taxi
Ayura,Santa Lucia,3.0,Viernes,1,0,0,1,medio,Taxi
Santa Lucia,Caribe,12.4,Domingo,14,1,1,1,bajo,Taxi
Tricentenario,Niquia,12.2,Domingo,10,0,1,1,medio,Taxi
Caribe,Industriales,16.0,Domingo,5,0,1,1,alto,Taxi
Industriales,Acevedo,8.2,Lunes,8,1,0,1,medio,Taxi
Niquia,Bello,2.8,Martes,5,0,0,0,medio,Metro
Envigado,Santa Lucia,4.6,Domingo,9,0,1,0,medio,Bus
Cisneros,Aguacatala,4.8,Jueves,5,0,0,0,medio,Taxi
San Antonio,Estadio,4.1,Viernes,20,0,0,0,bajo,Metro
Caribe,Estadio,11.5,Martes,2,0,0,0,medio,Metro
Santa Lucia,Poblado,5.0,Martes,1,0,0,0,bajo,Bus
La Estrella,Caribe,2.8,Lunes,18,1,0,1,bajo,Taxi
Floresta,Santa Lucia,19.1,Viernes,8,1,0,0,alto,Metro
Estadio,Prado,18.2,Viernes,21,0,0,0,medio,Metro
Hospital,Exposiciones,14.8,Miercoles,17,1,0,0,alto,Metro
Madera,Caribe,15.9,Lunes,6,1,0,0,medio,Bus
Sabaneta,Universidad,3.8,Miercoles,9,0,0,1,alto,Taxi
Suramericana,Floresta,12.3,Martes,19,1,0,0,medio,Metro
Estadio,Cisneros,7.8,Domingo,14,1,1,0,medio,Bus
Niquia,Floresta,15.3,Domingo,13,1,1,1,bajo,Taxi
Cisneros,Floresta,8.8,Domingo,8,1,1,0,bajo,Bus
Cisneros,Madera,7.0,Viernes,5,0,0,1,medio,Taxi
Santa Lucia,San Javier,3.5,Lunes,22,0,0,1,alto,Taxi
Envigado,Alpujarra,3.2,Sabado,2,0,1,1,bajo,Taxi
Itagui,Aguacatala,7.3,Miercoles,13,1,0,0,medio,Bus
Envigado,Ayura,8.0,Martes,23,0,0,0,alto,Metro
Suramericana,Sabaneta,5.2,Viernes,1,0,0,0,medio,Metro
San Javier,Envigado,15.1,Sabado,13,1,1,1,bajo,Taxi
Itagui,Aguacatala,10.1,Martes,2,0,0,0,bajo,Bus
Caribe,Hospital,4.2,Martes,5,0,0,0,bajo,Taxi
La Estrella,Poblado,14.5,Jueves,1,0,0,1,alto,Taxi
Estadio,Cisneros,4.8,Lunes,3,0,0,0,bajo,Bus
Prado,Floresta,16.7,Viernes,13,1,0,0,bajo,Bus
Itagui,Ayura,1.3,Domingo,15,0,1,1,bajo,Taxi
Sabaneta,Prado,13.0,Lunes,18,1,0,1,bajo,Taxi
Caribe,Aguacatala,14.8,Lunes,6,1,0,0,alto,Metro
Aguacatala,San Antonio,10.1,Jueves,5,0,0,1,bajo,Taxi
Parque Berrio,Hospital,5.7,Viernes,12,1,0,0,medio,Bus
Sabaneta,Aguacatala,10.9,Martes,6,1,0,1,alto,Taxi
Bello,Parque Berrio,9.2,Jueves,13,1,0,1,alto,Taxi
La Estrella,Hospital,12.1,Sabado,23,0,1,0,alto,Taxi
Floresta,Parque Berrio,14.1,Jueves,12,1,0,0,bajo,Bus
Aguacatala,San Antonio,13.0,Miercoles,18,1,0,0,medio,Bus
San Javier,Acevedo,13.1,Lunes,1,0,0,1,bajo,Taxi
Suramericana,Alpujarra,19.0,Viernes,0,0,0,1,medio,Taxi
San Javier,Caribe,10.8,Sabado,19,1,1,0,medio,Bus
Hospital,Exposiciones,10.7,Martes,19,1,0,1,bajo,Taxi
Estadio,Suramericana,2.2,Miercoles,12,1,0,0,alto,Bus
Acevedo,Industriales,10.8,Domingo,6,1,1,0,medio,Metro
Universidad,San Antonio,11.7,Miercoles,15,0,0,0,medio,Bus
San Antonio,Santa Lucia,5.0,Viernes,6,1,0,1,medio,Taxi
Aguacatala,Suramericana,15.3,Sabado,21,0,1,1,medio,Taxi
Estadio,Hospital,3.7,Martes,18,1,0,1,medio,Taxi
Acevedo,Santa Lucia,16.6,Domingo,17,1,1,1,medio,Taxi
Hospital,Parque Berrio,11.2,Miercoles,8,1,0,0,alto,Metro
San Antonio,Sabaneta,6.8,Viernes,15,0,0,1,medio,Taxi
Niquia,San Antonio,13.3,Martes,10,0,0,0,medio,Taxi
Suramericana,Bello,9.9,Lunes,1,0,0,0,medio,Taxi
Prado,La Estrella,4.7,Domingo,7,1,1,0,bajo,Bus
San Antonio,La Estrella,11.4,Lunes,9,0,0,1,bajo,Taxi
Suramericana,Ayura,16.1,Sabado,18,1,1,1,bajo,Taxi
Prado,Ayura,11.8,Sabado,15,0,1,0,medio,Taxi
Industriales,Tricentenario,2.4,Domingo,10,0,1,1,bajo,Taxi
Itagui,Acevedo,3.1,Jueves,20,0,0,1,bajo,Taxi
Poblado,Bello,12.2,Jueves,19,1,0,1,alto,Taxi
Itagui,Estadio,7.1,Domingo,20,0,1,0,medio,Metro
Tricentenario,La Estrella,7.2,Sabado,15,0,1,1,bajo,Taxi
Floresta,Estadio,15.3,Miercoles,20,0,0,0,alto,Taxi
San Antonio,Exposiciones,5.9,Jueves,18,1,0,0,alto,Bus
Suramericana,Floresta,10.6,Lunes,9,0,0,1,bajo,Taxi
Universidad,Sabaneta,10.4,Domingo,6,1,1,1,bajo,Taxi
Prado,Santa Lucia,8.1,Lunes,3,0,0,1,bajo,Taxi
Aguacatala,San Javier,6.7,Lunes,2,0,0,0,alto,Bus
Universidad,Exposiciones,2.3,Viernes,20,0,0,0,medio,Taxi
Floresta,Hospital,17.9,Jueves,18,1,0,1,medio,Taxi
Itagui,Parque Berrio,1.1,Lunes,11,1,0,0,bajo,Bus
Poblado,Floresta,3.6,Viernes,14,1,0,0,bajo,Metro
Parque Berrio,Sabaneta,19.9,Miercoles,23,0,0,0,bajo,Bus
San Antonio,Tricentenario,8.7,Sabado,18,1,1,1,bajo,Taxi
Envigado,San Javier,19.6,Viernes,3,0,0,1,medio,Taxi
Tricentenario,San Antonio,1.3,Miercoles,21,0,0,1,medio,Taxi
Alpujarra,Itagui,15.8,Sabado,15,0,1,1,medio,Taxi
Ayura,San Antonio,16.6,Jueves,18,1,0,0,alto,Bus
Universidad,Caribe,17.6,Sabado,6,1,1,0,alto,Metro
La Estrella,Itagui,10.7,Jueves,16,0,0,1,bajo,Taxi
Industriales,La Estrella,19.1,Domingo,6,1,1,1,bajo,Taxi
Ayura,Industriales,8.5,Martes,5,0,0,1,medio,Taxi
Envigado,Prado,16.7,Sabado,7,1,1,1,alto,Taxi
Parque Berrio,Hospital,16.1,Miercoles,4,0,0,0,medio,Metro
La Estrella,San Javier,18.2,Martes,5,0,0,0,bajo,Bus
Parque Berrio,Envigado,17.7,Domingo,14,1,1,1,bajo,Taxi
Aguacatala,San Javier,15.7,Sabado,7,1,1,1,alto,Taxi
Santa Lucia,Exposiciones,19.8,Martes,7,1,0,0,alto,Metro
Madera,Industriales,15.9,Lunes,22,0,0,1,bajo,Taxi
Sabaneta,Hospital,12.5,Jueves,21,0,0,1,bajo,Taxi
Parque Berrio,Itagui,4.5,Domingo,19,1,1,1,bajo,Taxi
Tricentenario,Universidad,18.2,Domingo,14,1,1,0,medio,Metro
Universidad,Estadio,10.9,Viernes,23,0,0,1,alto,Taxi
Acevedo,Itagui,8.0,Sabado,5,0,1,1,bajo,Taxi
San Antonio,Envigado,6.3,Sabado,15,0,1,1,bajo,Taxi
Floresta,Envigado,7.6,Jueves,13,1,0,0,alto,Metro
Parque Berrio,Niquia,7.9,Viernes,9,0,0,1,bajo,Taxi
Industriales,San Antonio,8.7,Viernes,12,1,0,0,medio,Taxi
Envigado,Ayura,14.3,Martes,7,1,0,0,alto,Bus
Santa Lucia,Sabaneta,11.9,Miercoles,7,1,0,1,medio,Taxi
Alpujarra,San Antonio,9.4,Lunes,20,0,0,1,alto,Taxi
Suramericana,Parque Berrio,5.3,Sabado,16,0,1,0,alto,Metro
Niquia,Ayura,19.7,Martes,13,1,0,1,alto,Taxi
Acevedo,Tricentenario,8.9,Miercoles,10,0,0,0,medio,Taxi
Santa Lucia,Aguacatala,4.7,Jueves,12,1,0,0,medio,Metro
San Javier,Sabaneta,17.9,Viernes,22,0,0,0,medio,Metro
Aguacatala,Industriales,2.6,Viernes,1,0,0,0,bajo,Bus
Madera,Universidad,3.7,Lunes,21,0,0,0,medio,Metro
San Antonio,Aguacatala,6.1,Domingo,19,1,1,0,alto,Bus
Caribe,Madera,2.7,Jueves,9,0,0,1,medio,Taxi
Santa Lucia,Itagui,7.6,Lunes,12,1,0,0,medio,Metro
Poblado,Aguacatala,13.3,Miercoles,3,0,0,0,bajo,Bus
San Antonio,Cisneros,14.4,Martes,5,0,0,0,bajo,Bus
Niquia,Industriales,14.0,Lunes,3,0,0,0,medio,Metro
Aguacatala,Suramericana,14.1,Domingo,9,0,1,0,medio,Metro
Caribe,Bello,14.3,Sabado,5,0,1,0,alto,Taxi
Ayura,Hospital,4.6,Miercoles,16,0,0,1,medio,Taxi
Poblado,Santa Lucia,5.9,Viernes,15,0,0,1,bajo,Taxi
Sabaneta,Floresta,14.6,Viernes,9,0,0,0,medio,Taxi
Caribe,Acevedo,16.2,Martes,23,0,0,1,alto,Taxi
Cisneros,Poblado,8.0,Martes,12,1,0,0,alto,Taxi
La Estrella,Ayura,4.7,Sabado,1,0,1,1,medio,Taxi
Caribe,Poblado,11.5,Jueves,9,0,0,1,alto,Taxi
Niquia,Alpujarra,19.0,Lunes,19,1,0,0,alto,Metro
Cisneros,Alpujarra,5.6,Miercoles,8,1,0,1,medio,Taxi
Estadio,San Antonio,8.5,Jueves,10,0,0,0,bajo,Bus
Bello,Floresta,18.7,Viernes,0,0,0,1,bajo,Taxi
Poblado,Universidad,9.0,Sabado,12,1,1,1,medio,Taxi
Acevedo,Estadio,14.8,Sabado,22,0,1,1,medio,Taxi
Niquia,Floresta,14.6,Martes,5,0,0,0,bajo,Bus
Prado,Itagui,2.4,Lunes,16,0,0,1,alto,Taxi
Parque Berrio,Exposiciones,8.7,Jueves,13,1,0,1,medio,Taxi
Envigado,Sabaneta,18.8,Sabado,15,0,1,0,bajo,Bus
Caribe,Hospital,12.9,Domingo,22,0,1,1,medio,Taxi
Caribe,Industriales,17.1,Lunes,15,0,0,0,alto,Bus
Estadio,Niquia,13.3,Martes,8,1,0,0,alto,Bus
Industriales,Alpujarra,13.5,Martes,16,0,0,0,alto,Metro
Alpujarra,Acevedo,18.7,Lunes,22,0,0,0,alto,Taxi
Itagui,Aguacatala,19.9,Lunes,5,0,0,0,alto,Bus
Madera,Industriales,17.9,Sabado,9,0,1,0,medio,Bus
San Javier,Universidad,8.8,Miercoles,7,1,0,0,medio,Metro
La Estrella,Envigado,1.6,Lunes,12,1,0,1,bajo,Taxi
Acevedo,Poblado,2.8,Martes,0,0,0,0,bajo,Taxi
Poblado,Alpujarra,9.1,Miercoles,18,1,0,0,medio,Bus
Bello,Parque Berrio,13.5,Miercoles,14,1,0,0,alto,Bus
Universidad,Prado,8.8,Martes,10,0,0,1,alto,Taxi
Caribe,Poblado,13.9,Martes,5,0,0,0,bajo,Bus
Madera,Tricentenario,17.8,Viernes,20,0,0,0,medio,Metro
Ayura,Hospital,14.7,Domingo,14,1,1,1,bajo,Taxi
Estadio,Floresta,2.8,Miercoles,16,0,0,0,medio,Taxi
Bello,Floresta,18.3,Martes,6,1,0,1,alto,Taxi
Madera,Hospital,7.6,Miercoles,19,1,0,0,medio,Bus
Suramericana,Aguacatala,1.1,Lunes,22,0,0,0,alto,Bus
Prado,Parque Berrio,4.0,Sabado,3,0,1,0,bajo,Taxi
Prado,Aguacatala,7.5,Jueves,18,1,0,1,bajo,Taxi
Estadio,Poblado,18.5,Viernes,6,1,0,1,medio,Taxi
Parque Berrio,Bello,5.9,Jueves,17,1,0,0,alto,Bus
Tricentenario,Poblado,18.3,Viernes,19,1,0,1,bajo,Taxi
Industriales,Sabaneta,6.4,Miercoles,23,0,0,1,bajo,Taxi
Niquia,Poblado,4.5,Martes,10,0,0,0,medio,Bus
Alpujarra,Suramericana,13.9,Lunes,18,1,0,1,bajo,Taxi
Madera,Aguacatala,10.9,Martes,14,1,0,0,bajo,Bus
Floresta,Exposiciones,4.4,Miercoles,5,0,0,0,medio,Metro
Universidad,Floresta,9.1,Miercoles,18,1,0,0,bajo,Bus
Alpujarra,Santa Lucia,19.8,Jueves,15,0,0,1,medio,Taxi
Hospital,Acevedo,19.1,Lunes,0,0,0,0,bajo,Bus
Exposiciones,Industriales,16.3,Lunes,8,1,0,1,medio,Taxi
Acevedo,La Estrella,10.7,Sabado,23,0,1,1,medio,Taxi
Estadio,Hospital,11.7,Miercoles,16,0,0,1,alto,Taxi
Cisneros,Madera,4.5,Sabado,3,0,1,1,alto,Taxi
Cisneros,San Javier,2.4,Lunes,20,0,0,1,bajo,Taxi
Industriales,Madera,6.4,Viernes,12,1,0,0,alto,Bus
Cisneros,Niquia,13.8,Lunes,21,0,0,0,medio,Taxi
La Estrella,Envigado,12.2,Viernes,4,0,0,0,medio,Taxi
Estadio,Alpujarra,1.9,Sabado,0,0,1,0,bajo,Caminando
San Javier,San Antonio,11.8,Miercoles,3,0,0,0,alto,Bus
Niquia,Hospital,15.4,Domingo,18,1,1,0,medio,Bus
Itagui,Acevedo,7.1,Sabado,22,0,1,1,alto,Taxi
Niquia,Parque Berrio,13.1,Domingo,9,0,1,1,medio,Taxi
Bello,Cisneros,10.0,Sabado,1,0,1,0,bajo,Bus
Niquia,Industriales,9.0,Sabado,11,1,1,0,bajo,Bus
Tricentenario,Industriales,2.6,Miercoles,6,1,0,1,bajo,Taxi
Hospital,Tricentenario,12.9,Domingo,17,1,1,0,medio,Bus
Niquia,Madera,2.8,Domingo,14,1,1,1,alto,Taxi
Itagui,Madera,11.7,Miercoles,8,1,0,1,bajo,Taxi
La Estrella,Floresta,14.9,Sabado,17,1,1,0,medio,Bus
Suramericana,Niquia,9.4,Domingo,1,0,1,1,medio,Taxi
Universidad,Madera,19.4,Lunes,20,0,0,0,medio,Metro
Acevedo,Bello,11.0,Domingo,10,0,1,0,medio,Bus
San Javier,Tricentenario,16.0,Martes,5,0,0,1,alto,Taxi
La Estrella,Alpujarra,14.8,Jueves,3,0,0,0,alto,Bus
Parque Berrio,La Estrella,2.1,Viernes,16,0,0,0,medio,Bus
Poblado,Parque Berrio,17.1,Lunes,23,0,0,1,alto,Taxi
Santa Lucia,Industriales,13.4,Sabado,0,0,1,1,alto,Taxi
Hospital,Industriales,7.9,Viernes,5,0,0,0,medio,Metro
Poblado,Itagui,14.8,Miercoles,14,1,0,0,medio,Taxi
Madera,Industriales,8.3,Sabado,6,1,1,0,bajo,Bus
Sabaneta,Itagui,10.7,Viernes,3,0,0,1,medio,Taxi
Exposiciones,San Antonio,1.4,Viernes,5,0,0,0,alto,Caminando
Estadio,Bello,5.7,Lunes,2,0,0,0,medio,Metro
Cisneros,Tricentenario,1.1,Viernes,9,0,0,0,alto,Caminando
Hospital,San Antonio,8.4,Jueves,11,1,0,0,alto,Metro
Itagui,Envigado,10.0,Martes,14,1,0,1,medio,Taxi
Madera,Sabaneta,16.8,Viernes,8,1,0,0,medio,Metro
Santa Lucia,Itagui,16.2,Lunes,15,0,0,0,bajo,Bus
Acevedo,Poblado,10.1,Miercoles,6,1,0,1,medio,Taxi
Industriales,Caribe,8.5,Lunes,9,0,0,1,alto,Taxi
Universidad,Estadio,11.9,Sabado,22,0,1,1,medio,Taxi
Poblado,Alpujarra,18.4,Jueves,15,0,0,1,medio,Taxi
Niquia,Aguacatala,11.9,Viernes,3,0,0,0,alto,Taxi
San Javier,Acevedo,7.9,Lunes,5,0,0,0,alto,Metro
Ayura,Santa Lucia,6.9,Martes,7,1,0,0,alto,Bus
Niquia,San Antonio,3.0,Jueves,12,1,0,1,medio,Taxi
Madera,Caribe,9.2,Domingo,0,0,1,1,bajo,Taxi
San Antonio,Exposiciones,7.5,Martes,11,1,0,1,alto,Taxi
Exposiciones,Aguacatala,1.7,Miercoles,11,1,0,1,bajo,Taxi
San Antonio,Floresta,8.2,Lunes,4,0,0,1,medio,Taxi
Parque Berrio,Itagui,11.7,Lunes,0,0,0,1,medio,Taxi
Aguacatala,Madera,4.0,Jueves,9,0,0,1,bajo,Taxi
Acevedo,San Javier,13.5,Domingo,16,0,1,0,bajo,Bus
Prado,Itagui,11.2,Jueves,9,0,0,1,alto,Taxi
Caribe,Aguacatala,17.4,Domingo,3,0,1,0,medio,Metro
Floresta,Poblado,5.5,Lunes,15,0,0,1,medio,Taxi
Madera,Prado,9.7,Miercoles,6,1,0,0,bajo,Bus
Alpujarra,Madera,1.8,Domingo,19,1,1,0,alto,Bus
Suramericana,Envigado,2.2,Martes,16,0,0,1,alto,Taxi
Alpujarra,Hospital,4.4,Miercoles,16,0,0,0,alto,Bus
Suramericana,Exposiciones,1.4,Viernes,20,0,0,1,bajo,Taxi
Industriales,Aguacatala,4.6,Jueves,8,1,0,1,alto,Taxi
Itagui,San Antonio,3.7,Martes,8,1,0,0,medio,Bus
Parque Berrio,Sabaneta,9.8,Miercoles,17,1,0,0,medio,Metro
Universidad,Estadio,3.5,Viernes,22,0,0,0,alto,Bus
Caribe,Hospital,11.8,Martes,13,1,0,1,alto,Taxi
Floresta,Madera,17.0,Miercoles,10,0,0,1,alto,Taxi
Bello,Acevedo,19.0,Martes,23,0,0,0,bajo,Bus
Bello,Cisneros,4.8,Jueves,22,0,0,0,medio,Bus
Bello,Universidad,18.3,Domingo,10,0,1,1,medio,Taxi
Suramericana,Tricentenario,13.1,Domingo,7,1,1,1,alto,Taxi
Envigado,Niquia,18.6,Viernes,7,1,0,0,medio,Bus
Aguacatala,San Javier,5.0,Miercoles,14,1,0,1,medio,Taxi
Parque Berrio,Alpujarra,1.9,Miercoles,21,0,0,1,bajo,Taxi
San Javier,Tricentenario,4.6,Jueves,0,0,0,1,bajo,Taxi
Poblado,Santa Lucia,17.4,Jueves,2,0,0,0,bajo,Bus
Ayura,Acevedo,16.2,Sabado,19,1,1,1,bajo,Taxi
Estadio,La Estrella,6.3,Viernes,20,0,0,1,bajo,Taxi
Alpujarra,Aguacatala,10.5,Sabado,17,1,1,1,bajo,Taxi
Madera,Poblado,12.6,Martes,16,0,0,0,medio,Metro
Industriales,Acevedo,6.7,Jueves,7,1,0,1,bajo,Taxi
Exposiciones,Prado,13.9,Lunes,11,1,0,0,bajo,Bus
Bello,Madera,3.2,Miercoles,6,1,0,1,medio,Taxi
Niquia,Floresta,8.0,Lunes,14,1,0,0,medio,Taxi
Poblado,Exposiciones,11.7,Domingo,21,0,1,0,medio,Bus
Itagui,La Estrella,9.8,Domingo,7,1,1,1,alto,Taxi
Alpujarra,Ayura,10.1,Martes,0,0,0,1,alto,Taxi
Poblado,Aguacatala,17.4,Jueves,0,0,0,1,alto,Taxi
Tricentenario,Aguacatala,12.1,Martes,19,1,0,1,bajo,Taxi
Floresta,Parque Berrio,2.0,Lunes,22,0,0,1,medio,Taxi
Hospital,Bello,20.0,Jueves,20,0,0,0,alto,Bus
Niquia,Acevedo,19.7,Lunes,8,1,0,1,alto,Taxi
Parque Berrio,Caribe,12.2,Sabado,6,1,1,1,bajo,Taxi
Alpujarra,Universidad,15.7,Lunes,21,0,0,0,medio,Taxi
Sabaneta,Aguacatala,19.4,Domingo,9,0,1,1,alto,Taxi
Cisneros,Poblado,15.7,Jueves,4,0,0,1,bajo,Taxi
Estadio,Industriales,5.1,Sabado,4,0,1,0,alto,Bus
Niquia,Envigado,19.0,Domingo,17,1,1,0,alto,Metro
Envigado,Sabaneta,3.0,Lunes,18,1,0,1,medio,Taxi
Cisneros,Suramericana,1.2,Jueves,2,0,0,1,bajo,Taxi
Santa Lucia,Estadio,5.1,Martes,22,0,0,0,alto,Bus
La Estrella,Prado,10.5,Sabado,8,1,1,0,bajo,Bus
San Javier,Universidad,12.4,Miercoles,17,1,0,1,alto,Taxi
Santa Lucia,San Antonio,13.1,Miercoles,12,1,0,1,alto,Taxi
Madera,Acevedo,6.5,Sabado,3,0,1,1,medio,Taxi
Santa Lucia,Madera,8.8,Miercoles,9,0,0,1,bajo,Taxi
Alpujarra,Estadio,14.8,Jueves,2,0,0,0,bajo,Bus
Sabaneta,Bello,5.1,Miercoles,9,0,0,0,bajo,Bus
Universidad,San Javier,8.1,Martes,18,1,0,1,bajo,Taxi
San Javier,Poblado,5.5,Domingo,19,1,1,1,medio,Taxi
Hospital,Tricentenario,19.0,Martes,4,0,0,0,medio,Taxi
Acevedo,Envigado,16.7,Lunes,5,0,0,0,alto,Taxi
Tricentenario,Poblado,11.3,Martes,11,1,0,0,medio,Bus
Envigado,Acevedo,3.9,Jueves,21,0,0,0,medio,Metro
Niquia,Suramericana,10.6,Miercoles,8,1,0,1,alto,Taxi
Parque Berrio,San Javier,14.4,Domingo,21,0,1,0,bajo,Bus
Floresta,Bello,11.3,Viernes,2,0,0,1,bajo,Taxi
Alpujarra,Industriales,19.5,Jueves,17,1,0,1,alto,Taxi
Ayura,Floresta,16.8,Sabado,11,1,1,0,alto,Metro
Itagui,Estadio,19.5,Viernes,5,0,0,0,medio,Bus
Ayura,Prado,6.0,Domingo,14,1,1,1,bajo,Taxi
Madera,Parque Berrio,11.2,Miercoles,1,0,0,1,medio,Taxi
Acevedo,Itagui,4.5,Jueves,9,0,0,0,medio,Taxi
San Javier,San Antonio,19.8,Sabado,9,0,1,1,alto,Taxi
Niquia,Acevedo,11.3,Lunes,1,0,0,1,bajo,Taxi
Bello,Cisneros,11.3,Martes,22,0,0,1,bajo,Taxi
Caribe,Acevedo,7.8,Lunes,11,1,0,1,alto,Taxi
Exposiciones,La Estrella,1.3,Miercoles,8,1,0,1,alto,Taxi
Floresta,Envigado,13.1,Sabado,6,1,1,1,medio,Taxi
Poblado,Industriales,3.9,Domingo,3,0,1,0,medio,Metro
Parque Berrio,San Antonio,17.3,Domingo,8,1,1,0,bajo,Bus
Floresta,Caribe,13.2,Miercoles,19,1,0,1,alto,Taxi
San Javier,Sabaneta,10.8,Jueves,5,0,0,1,bajo,Taxi
Aguacatala,Madera,17.0,Sabado,10,0,1,0,medio,Taxi
Hospital,La Estrella,8.7,Sabado,7,1,1,1,bajo,Taxi
Madera,Caribe,6.8,Domingo,4,0,1,0,bajo,Bus
Sabaneta,Ayura,8.6,Viernes,9,0,0,0,medio,Metro
San Javier,Aguacatala,11.3,Martes,22,0,0,1,medio,Taxi
Exposiciones,Sabaneta,9.5,Sabado,9,0,1,0,medio,Bus
Caribe,Industriales,19.4,Lunes,8,1,0,0,medio,Metro
Aguacatala,Hospital,3.8,Sabado,14,1,1,0,medio,Metro
Alpujarra,Universidad,15.9,Sabado,5,0,1,0,medio,Metro
Parque Berrio,San Javier,10.3,Miercoles,12,1,0,1,bajo,Taxi
Itagui,Parque Berrio,2.7,Lunes,2,0,0,0,bajo,Metro
San Antonio,Alpujarra,3.1,Jueves,17,1,0,0,medio,Bus
Hospital,Suramericana,1.9,Sabado,1,0,1,0,bajo,Caminando
Poblado,Suramericana,6.8,Viernes,15,0,0,0,alto,Taxi
La Estrella,Cisneros,14.7,Lunes,5,0,0,0,bajo,Bus
San Javier,Poblado,5.2,Jueves,15,0,0,1,alto,Taxi
Niquia,Ayura,3.3,Jueves,18,1,0,1,medio,Taxi
Bello,Ayura,7.1,Miercoles,0,0,0,0,bajo,Bus
Parque Berrio,Suramericana,14.5,Martes,7,1,0,1,alto,Taxi
Madera,Parque Berrio,14.1,Miercoles,6,1,0,1,bajo,Taxi
Parque Berrio,Hospital,12.1,Lunes,3,0,0,0,bajo,Bus
Universidad,Tricentenario,1.9,Jueves,3,0,0,0,alto,Bus
Envigado,Itagui,8.4,Sabado,5,0,1,1,alto,Taxi
Exposiciones,Universidad,3.9,Domingo,18,1,1,0,alto,Bus
Madera,Universidad,17.8,Miercoles,6,1,0,0,alto,Bus
La Estrella,San Antonio,6.4,Sabado,18,1,1,0,alto,Bus
Parque Berrio,San Javier,6.3,Domingo,8,1,1,1,alto,Taxi
Floresta,Caribe,19.0,Jueves,14,1,0,0,bajo,Bus
Aguacatala,La Estrella,19.1,Viernes,7,1,0,0,bajo,Bus
Aguacatala,Itagui,9.5,Miercoles,8,1,0,0,alto,Metro
Acevedo,Estadio,11.6,Lunes,4,0,0,1,bajo,Taxi
Suramericana,Tricentenario,17.6,Viernes,20,0,0,0,medio,Bus
Hospital,San Antonio,4.5,Miercoles,6,1,0,1,alto,Taxi
Itagui,Niquia,12.1,Martes,1,0,0,1,alto,Taxi
La Estrella,Niquia,11.4,Martes,22,0,0,0,bajo,Bus
Santa Lucia,Aguacatala,12.0,Lunes,5,0,0,1,bajo,Taxi
Acevedo,Parque Berrio,18.5,Martes,5,0,0,1,bajo,Taxi
Alpujarra,Madera,14.1,Miercoles,9,0,0,1,medio,Taxi
Floresta,San Javier,4.9,Sabado,6,1,1,0,bajo,Bus
Madera,La Estrella,4.8,Miercoles,21,0,0,0,alto,Bus
Exposiciones,Industriales,10.2,Miercoles,19,1,0,0,bajo,Bus
Envigado,Caribe,7.0,Viernes,21,0,0,1,alto,Taxi
Bello,Poblado,1.4,Sabado,11,1,1,0,alto,Bus
Bello,Prado,6.8,Martes,4,0,0,1,medio,Taxi
Prado,San Antonio,12.3,Viernes,19,1,0,1,medio,Taxi
Caribe,Universidad,6.8,Domingo,5,0,1,0,medio,Metro
Tricentenario,Madera,9.0,Viernes,11,1,0,1,medio,Taxi
Cisneros,Floresta,3.8,Sabado,15,0,1,0,alto,Metro
Cisneros,Alpujarra,5.9,Viernes,21,0,0,1,medio,Taxi
Tricentenario,Envigado,2.8,Sabado,5,0,1,0,alto,Metro
Tricentenario,San Antonio,12.3,Martes,17,1,0,0,alto,Bus
Industriales,Exposiciones,2.4,Domingo,13,1,1,0,medio,Taxi
Parque Berrio,Santa Lucia,5.9,Jueves,0,0,0,0,medio,Bus
Sabaneta,Estadio,19.8,Jueves,12,1,0,1,medio,Taxi
Caribe,Acevedo,19.4,Martes,15,0,0,0,bajo,Bus
Santa Lucia,Exposiciones,14.0,Domingo,12,1,1,1,medio,Taxi
Hospital,Envigado,17.2,Martes,10,0,0,0,medio,Metro
Universidad,Parque Berrio,7.4,Domingo,4,0,1,0,medio,Bus
Ayura,Itagui,15.7,Miercoles,11,1,0,1,bajo,Taxi
Bello,Universidad,17.9,Martes,19,1,0,1,medio,Taxi
Alpujarra,Itagui,13.2,Jueves,17,1,0,0,medio,Metro
Alpujarra,Itagui,3.7,Sabado,14,1,1,0,alto,Bus
Cisneros,Ayura,7.3,Sabado,13,1,1,0,bajo,Bus
Itagui,Cisneros,9.9,Viernes,20,0,0,0,alto,Metro
Aguacatala,La Estrella,3.9,Lunes,1,0,0,0,alto,Bus
Cisneros,Hospital,7.5,Domingo,20,0,1,1,medio,Taxi
San Javier,Madera,3.9,Martes,7,1,0,1,alto,Taxi
Prado,Suramericana,3.5,Lunes,3,0,0,0,alto,Taxi
San Antonio,Estadio,18.5,Viernes,5,0,0,1,bajo,Taxi
Industriales,Floresta,17.0,Viernes,12,1,0,0,medio,Metro
Hospital,La Estrella,14.6,Sabado,19,1,1,1,alto,Taxi
Industriales,Aguacatala,4.7,Jueves,5,0,0,0,alto,Metro
Caribe,Bello,9.9,Viernes,20,0,0,1,bajo,Taxi
Floresta,La Estrella,2.1,Sabado,23,0,1,1,medio,Taxi
Bello,Ayura,12.7,Viernes,1,0,0,0,medio,Taxi
Madera,Universidad,1.5,Lunes,2,0,0,1,alto,Taxi
Itagui,Bello,19.1,Miercoles,17,1,0,1,medio,Taxi
Bello,Madera,7.9,Lunes,19,1,0,0,medio,Bus
Universidad,Parque Berrio,4.9,Martes,3,0,0,0,bajo,Taxi
Alpujarra,Floresta,20.0,Viernes,4,0,0,1,medio,Taxi
Envigado,Acevedo,3.9,Martes,4,0,0,0,medio,Metro
Alpujarra,Ayura,8.7,Lunes,8,1,0,0,medio,Bus
Acevedo,Tricentenario,2.8,Sabado,7,1,1,0,medio,Bus
Itagui,San Antonio,15.4,Martes,4,0,0,1,alto,Taxi
Universidad,Cisneros,18.7,Viernes,12,1,0,0,bajo,Bus
Bello,Itagui,9.2,Miercoles,20,0,0,1,alto,Taxi
Itagui,Madera,6.6,Miercoles,12,1,0,1,bajo,Taxi
Poblado,Ayura,5.4,Jueves,11,1,0,1,medio,Taxi
Envigado,Industriales,16.5,Lunes,14,1,0,1,bajo,Taxi
Madera,Suramericana,19.3,Sabado,17,1,1,1,medio,Taxi
Universidad,Poblado,17.1,Domingo,20,0,1,1,alto,Taxi
Bello,Exposiciones,5.4,Miercoles,20,0,0,1,bajo,Taxi
San Antonio,Hospital,13.5,Viernes,10,0,0,1,bajo,Taxi
Aguacatala,Poblado,19.8,Miercoles,11,1,0,0,alto,Taxi
Madera,Santa Lucia,11.0,Jueves,13,1,0,0,bajo,Bus
Cisneros,Exposiciones,14.9,Sabado,7,1,1,1,alto,Taxi
La Estrella,Cisneros,13.4,Lunes,21,0,0,0,medio,Bus
Bello,Floresta,4.3,Sabado,11,1,1,1,alto,Taxi
Bello,Santa Lucia,5.1,Jueves,7,1,0,0,medio,Bus
Parque Berrio,Alpujarra,5.0,Miercoles,13,1,0,0,medio,Bus
Bello,Ayura,8.5,Miercoles,6,1,0,1,bajo,Taxi
Suramericana,Poblado,14.6,Sabado,17,1,1,1,medio,Taxi
Acevedo,La Estrella,4.5,Viernes,3,0,0,0,bajo,Metro
Santa Lucia,Industriales,4.1,Lunes,15,0,0,1,medio,Taxi
Tricentenario,Prado,17.1,Domingo,6,1,1,0,medio,Bus
San Javier,Estadio,11.6,Domingo,16,0,1,0,alto,Bus
San Antonio,Ayura,9.4,Domingo,9,0,1,1,bajo,Taxi
Floresta,Sabaneta,12.6,Lunes,3,0,0,0,bajo,Bus
Sabaneta,San Javier,12.3,Viernes,7,1,0,0,medio,Bus
Bello,Niquia,11.1,Sabado,19,1,1,0,alto,Metro
Industriales,Floresta,4.1,Jueves,12,1,0,1,alto,Taxi
Bello,Madera,9.2,Martes,12,1,0,1,bajo,Taxi
Estadio,Parque Berrio,2.2,Jueves,5,0,0,1,alto,Taxi
Prado,Industriales,17.6,Lunes,0,0,0,1,bajo,Taxi
Exposiciones,Poblado,11.2,Sabado,15,0,1,1,medio,Taxi
Ayura,Hospital,18.6,Sabado,18,1,1,1,alto,Taxi
Parque Berrio,Estadio,1.3,Lunes,13,1,0,1,alto,Taxi
Exposiciones,Alpujarra,11.2,Domingo,15,0,1,1,medio,Taxi
Alpujarra,Madera,7.8,Domingo,2,0,1,0,medio,Metro
Cisneros,Prado,13.3,Lunes,18,1,0,0,alto,Metro
La Estrella,San Antonio,6.4,Sabado,18,1,1,0,medio,Bus
Floresta,Parque Berrio,15.9,Miercoles,3,0,0,1,medio,Taxi
Itagui,Hospital,14.4,Miercoles,1,0,0,0,bajo,Bus
Suramericana,Exposiciones,14.1,Martes,16,0,0,0,bajo,Bus
Floresta,Cisneros,1.3,Sabado,15,0,1,0,alto,Caminando
Aguacatala,Cisneros,12.9,Lunes,18,1,0,1,bajo,Taxi
Sabaneta,Bello,5.5,Jueves,12,1,0,1,bajo,Taxi
Ayura,Tricentenario,5.4,Jueves,18,1,0,0,medio,Bus
Santa Lucia,Hospital,1.4,Sabado,16,0,1,0,medio,Bus
Ayura,Universidad,17.9,Miercoles,20,0,0,1,alto,Taxi
Cisneros,La Estrella,6.4,Sabado,12,1,1,0,medio,Bus
Parque Berrio,Tricentenario,7.6,Lunes,20,0,0,0,alto,Taxi
Suramericana,San Antonio,17.2,Viernes,7,1,0,1,medio,Taxi
San Antonio,San Javier,5.9,Miercoles,11,1,0,0,medio,Metro
Alpujarra,Envigado,12.1,Domingo,10,0,1,1,medio,Taxi
Bello,Alpujarra,9.4,Martes,21,0,0,0,alto,Metro
San Antonio,Sabaneta,15.1,Miercoles,0,0,0,1,bajo,Taxi
Poblado,Envigado,6.1,Jueves,9,0,0,0,medio,Bus
Cisneros,Ayura,3.9,Sabado,11,1,1,1,bajo,Taxi
Parque Berrio,La Estrella,8.1,Jueves,14,1,0,1,bajo,Taxi
Sabaneta,San Javier,16.3,Viernes,5,0,0,0,medio,Metro
Ayura,Suramericana,5.2,Viernes,22,0,0,0,medio,Metro
Alpujarra,Envigado,13.0,Miercoles,11,1,0,1,alto,Taxi
Universidad,Alpujarra,14.9,Martes,2,0,0,1,alto,Taxi
Universidad,Aguacatala,5.5,Sabado,11,1,1,1,medio,Taxi
Envigado,Alpujarra,16.5,Domingo,21,0,1,0,medio,Bus
La Estrella,Industriales,12.8,Martes,9,0,0,1,alto,Taxi
Poblado,Itagui,11.5,Miercoles,6,1,0,0,bajo,Bus
Prado,Hospital,5.8,Lunes,4,0,0,1,alto,Taxi
Estadio,Hospital,11.0,Sabado,14,1,1,1,alto,Taxi
Niquia,Madera,13.0,Miercoles,12,1,0,0,bajo,Bus
Floresta,Caribe,15.7,Domingo,12,1,1,0,alto,Taxi
Parque Berrio,Alpujarra,4.0,Lunes,22,0,0,0,alto,Metro
La Estrella,Alpujarra,6.8,Sabado,20,0,1,1,alto,Taxi
Cisneros,San Antonio,2.6,Viernes,20,0,0,0,alto,Bus
San Javier,Prado,14.5,Martes,9,0,0,1,alto,Taxi
Alpujarra,Madera,19.8,Viernes,5,0,0,1,bajo,Taxi
Envigado,Ayura,19.8,Miercoles,4,0,0,0,bajo,Bus
Madera,Poblado,6.8,Jueves,6,1,0,1,medio,Taxi
Poblado,Estadio,12.6,Domingo,17,1,1,0,alto,Metro
Santa Lucia,Cisneros,2.1,Domingo,9,0,1,0,bajo,Metro
Universidad,San Javier,4.6,Domingo,19,1,1,1,medio,Taxi
Sabaneta,Bello,17.3,Domingo,2,0,1,0,bajo,Bus
La Estrella,San Javier,15.1,Martes,20,0,0,0,bajo,Bus
Industriales,Ayura,4.3,Viernes,17,1,0,0,medio,Bus
Industriales,Suramericana,16.5,Martes,4,0,0,0,bajo,Bus
La Estrella,Estadio,11.9,Martes,5,0,0,0,alto,Metro
Envigado,Estadio,7.3,Domingo,6,1,1,1,alto,Taxi
Parque Berrio,San Antonio,12.0,Sabado,10,0,1,1,alto,Taxi
Hospital,Exposiciones,14.5,Viernes,2,0,0,0,alto,Bus
Poblado,Itagui,17.2,Jueves,14,1,0,1,bajo,Taxi
Acevedo,Prado,6.4,Jueves,3,0,0,1,bajo,Taxi
Bello,San Antonio,11.1,Miercoles,23,0,0,0,medio,Metro
Poblado,Exposiciones,5.8,Martes,2,0,0,0,medio,Bus
Itagui,Hospital,16.9,Jueves,19,1,0,0,bajo,Bus
Suramericana,San Javier,7.3,Domingo,3,0,1,1,bajo,Taxi
Industriales,Suramericana,5.3,Sabado,23,0,1,0,alto,Taxi
Suramericana,Floresta,15.4,Martes,12,1,0,1,alto,Taxi
Envigado,San Javier,10.9,Domingo,14,1,1,0,bajo,Bus
Ayura,Aguacatala,13.2,Jueves,9,0,0,1,medio,Taxi
Niquia,Floresta,7.4,Miercoles,4,0,0,1,bajo,Taxi
Poblado,Ayura,13.3,Miercoles,7,1,0,1,medio,Taxi
Acevedo,Itagui,3.2,Martes,23,0,0,1,bajo,Taxi
Universidad,Hospital,4.7,Sabado,3,0,1,0,medio,Metro
San Javier,Universidad,10.2,Miercoles,15,0,0,1,alto,Taxi
Suramericana,Aguacatala,19.4,Lunes,13,1,0,1,alto,Taxi
Niquia,Bello,1.6,Sabado,6,1,1,1,bajo,Taxi
Madera,Cisneros,16.2,Miercoles,22,0,0,1,bajo,Taxi
San Javier,Tricentenario,6.6,Jueves,17,1,0,1,bajo,Taxi
Prado,Acevedo,15.3,Martes,13,1,0,1,bajo,Taxi
Sabaneta,Floresta,7.5,Viernes,16,0,0,1,medio,Taxi
Aguacatala,Alpujarra,6.6,Miercoles,16,0,0,0,alto,Metro
Poblado,Ayura,5.9,Sabado,19,1,1,1,alto,Taxi
Hospital,Universidad,3.8,Martes,6,1,0,1,alto,Taxi
Itagui,Bello,19.1,Viernes,0,0,0,0,alto,Metro
Envigado,Aguacatala,12.9,Sabado,13,1,1,1,medio,Taxi
Universidad,Hospital,2.2,Viernes,22,0,0,1,alto,Taxi
San Javier,Universidad,13.5,Domingo,7,1,1,1,bajo,Taxi
Niquia,Prado,19.9,Martes,23,0,0,1,bajo,Taxi
Acevedo,Parque Berrio,13.9,Domingo,6,1,1,1,alto,Taxi
Estadio,La Estrella,1.6,Jueves,6,1,0,0,alto,Caminando
Bello,Santa Lucia,10.1,Jueves,14,1,0,1,medio,Taxi
Alpujarra,Exposiciones,14.9,Domingo,9,0,1,1,bajo,Taxi
Caribe,Niquia,12.4,Domingo,6,1,1,1,medio,Taxi
Santa Lucia,Alpujarra,18.6,Martes,16,0,0,0,alto,Taxi
Itagui,Acevedo,3.5,Lunes,5,0,0,0,bajo,Metro
Hospital,Caribe,14.4,Miercoles,12,1,0,0,alto,Metro
Exposiciones,Poblado,9.4,Jueves,16,0,0,0,alto,Metro
Envigado,Madera,7.7,Sabado,11,1,1,1,alto,Taxi
Estadio,Industriales,13.9,Miercoles,22,0,0,1,alto,Taxi
Santa Lucia,Estadio,3.2,Viernes,0,0,0,1,medio,Taxi
Floresta,Itagui,9.8,Sabado,1,0,1,1,alto,Taxi
Niquia,La Estrella,17.6,Martes,20,0,0,1,alto,Taxi
Parque Berrio,Poblado,6.8,Sabado,1,0,1,1,bajo,Taxi
Parque Berrio,Universidad,6.0,Jueves,3,0,0,0,medio,Bus
Parque Berrio,Sabaneta,17.4,Martes,18,1,0,0,bajo,Bus
Industriales,Estadio,17.7,Lunes,4,0,0,0,medio,Metro
Caribe,Cisneros,9.7,Miercoles,14,1,0,1,bajo,Taxi
Suramericana,La Estrella,5.2,Viernes,10,0,0,1,alto,Taxi
Exposiciones,Industriales,10.4,Viernes,18,1,0,0,bajo,Bus
Industriales,Madera,15.6,Sabado,7,1,1,1,medio,Taxi
Prado,Bello,9.2,Miercoles,6,1,0,1,medio,Taxi
Santa Lucia,Tricentenario,12.1,Miercoles,2,0,0,0,bajo,Bus
Parque Berrio,Universidad,1.6,Viernes,2,0,0,0,bajo,Caminando
Suramericana,Alpujarra,3.2,Domingo,1,0,1,0,bajo,Bus
Cisneros,Estadio,2.5,Viernes,13,1,0,1,medio,Taxi
Tricentenario,La Estrella,8.2,Miercoles,22,0,0,0,medio,Taxi
Estadio,San Antonio,16.6,Martes,0,0,0,1,bajo,Taxi
Parque Berrio,San Javier,12.3,Martes,11,1,0,0,alto,Metro
Tricentenario,San Antonio,18.6,Viernes,2,0,0,1,bajo,Taxi
La Estrella,Poblado,11.4,Domingo,4,0,1,0,medio,Taxi
Itagui,Cisneros,7.1,Lunes,17,1,0,1,bajo,Taxi
Envigado,Madera,18.1,Miercoles,12,1,0,0,bajo,Bus
Envigado,Cisneros,3.3,Domingo,12,1,1,0,alto,Metro
Itagui,Floresta,17.4,Lunes,12,1,0,1,alto,Taxi
Cisneros,Santa Lucia,16.8,Viernes,18,1,0,0,alto,Bus
Sabaneta,Madera,16.9,Miercoles,0,0,0,0,medio,Taxi
Caribe,Acevedo,14.7,Lunes,4,0,0,1,medio,Taxi
Acevedo,La Estrella,7.0,Viernes,4,0,0,1,alto,Taxi
Industriales,Madera,11.0,Martes,2,0,0,1,alto,Taxi
Tricentenario,Cisneros,14.1,Domingo,6,1,1,0,bajo,Bus
Caribe,Industriales,4.5,Jueves,1,0,0,0,bajo,Metro
Santa Lucia,Parque Berrio,7.5,Martes,23,0,0,0,bajo,Bus
Floresta,Acevedo,16.5,Viernes,2,0,0,0,bajo,Bus
Alpujarra,Universidad,16.3,Lunes,14,1,0,1,alto,Taxi
San Javier,Acevedo,18.2,Miercoles,4,0,0,0,bajo,Bus
Tricentenario,San Javier,15.4,Viernes,16,0,0,1,medio,Taxi
Madera,Universidad,2.0,Viernes,0,0,0,0,bajo,Bus
Madera,Ayura,8.5,Domingo,22,0,1,0,medio,Taxi
Exposiciones,Ayura,5.2,Viernes,12,1,0,1,medio,Taxi
Hospital,Estadio,17.6,Martes,6,1,0,1,medio,Taxi
Poblado,Tricentenario,11.0,Viernes,0,0,0,0,medio,Taxi
Santa Lucia,Sabaneta,8.9,Jueves,0,0,0,1,bajo,Taxi
San Antonio,Exposiciones,18.8,Miercoles,6,1,0,0,medio,Metro
Bello,Aguacatala,12.3,Martes,13,1,0,1,alto,Taxi
Prado,Tricentenario,13.8,Jueves,10,0,0,1,medio,Taxi
La Estrella,Tricentenario,12.4,Viernes,9,0,0,0,bajo,Bus
Poblado,Itagui,15.7,Sabado,12,1,1,1,bajo,Taxi
Alpujarra,Ayura,2.2,Jueves,16,0,0,0,bajo,Bus
Suramericana,Universidad,9.0,Jueves,4,0,0,0,bajo,Bus
Tricentenario,Acevedo,3.1,Lunes,20,0,0,0,bajo,Taxi
San Javier,Exposiciones,16.7,Viernes,4,0,0,0,alto,Metro
Itagui,Envigado,16.1,Domingo,21,0,1,1,bajo,Taxi
Envigado,Cisneros,9.6,Viernes,19,1,0,0,alto,Metro
Acevedo,Niquia,18.0,Viernes,11,1,0,1,alto,Taxi
Prado,Ayura,16.5,Martes,18,1,0,0,alto,Bus
Acevedo,Industriales,12.8,Viernes,15,0,0,1,bajo,Taxi
Santa Lucia,Floresta,1.7,Viernes,7,1,0,0,bajo,Caminando
La Estrella,Santa Lucia,12.0,Sabado,5,0,1,0,medio,Taxi
Industriales,Aguacatala,1.8,Jueves,6,1,0,0,bajo,Bus
Tricentenario,Madera,15.4,Sabado,18,1,1,0,medio,Bus
Suramericana,Santa Lucia,13.4,Jueves,18,1,0,1,medio,Taxi
Hospital,Sabaneta,7.5,Domingo,20,0,1,1,bajo,Taxi
Prado,Itagui,4.1,Miercoles,12,1,0,0,medio,Bus
Santa Lucia,Envigado,3.1,Miercoles,17,1,0,0,medio,Bus
Sabaneta,Acevedo,4.7,Miercoles,12,1,0,1,medio,Taxi
Niquia,Alpujarra,14.1,Domingo,9,0,1,0,alto,Taxi
Prado,Aguacatala,1.2,Jueves,6,1,0,1,alto,Taxi
Hospital,La Estrella,19.4,Viernes,7,1,0,1,bajo,Taxi
San Antonio,Sabaneta,9.3,Viernes,14,1,0,1,alto,Taxi
La Estrella,Floresta,2.3,Lunes,23,0,0,0,alto,Bus
Exposiciones,Tricentenario,10.1,Domingo,13,1,1,0,medio,Bus
Poblado,Cisneros,3.8,Domingo,11,1,1,0,medio,Metro
Floresta,La Estrella,1.6,Miercoles,21,0,0,0,bajo,Bus
Bello,Caribe,17.5,Lunes,12,1,0,0,medio,Bus
Caribe,Industriales,14.1,Martes,5,0,0,1,medio,Taxi
San Javier,Floresta,5.0,Domingo,23,0,1,1,bajo,Taxi
Suramericana,San Antonio,14.4,Jueves,20,0,0,0,medio,Taxi
Suramericana,Estadio,2.5,Jueves,22,0,0,1,bajo,Taxi
San Antonio,Itagui,6.8,Lunes,21,0,0,0,alto,Taxi
Suramericana,Ayura,4.9,Sabado,4,0,1,1,alto,Taxi
Santa Lucia,Aguacatala,1.8,Martes,22,0,0,1,medio,Taxi
Caribe,Universidad,14.1,Domingo,15,0,1,0,bajo,Bus
Caribe,Bello,5.6,Viernes,15,0,0,0,bajo,Bus
Bello,Alpujarra,17.4,Domingo,19,1,1,0,medio,Metro
Exposiciones,Prado,3.2,Miercoles,8,1,0,0,medio,Bus
Madera,Aguacatala,2.6,Domingo,22,0,1,1,medio,Taxi
Niquia,Santa Lucia,19.6,Domingo,4,0,1,0,alto,Metro
Acevedo,Industriales,5.7,Miercoles,10,0,0,1,alto,Taxi
Santa Lucia,Sabaneta,13.5,Martes,6,1,0,0,alto,Metro
Hospital,Caribe,9.6,Jueves,1,0,0,0,bajo,Bus
Acevedo,Envigado,6.5,Miercoles,17,1,0,0,medio,Bus
Niquia,Universidad,7.2,Domingo,18,1,1,1,medio,Taxi
Santa Lucia,Industriales,15.5,Viernes,19,1,0,1,bajo,Taxi
Floresta,Hospital,11.6,Jueves,21,0,0,0,medio,Bus
Ayura,Alpujarra,5.7,Miercoles,14,1,0,0,medio,Taxi
Acevedo,Hospital,14.4,Martes,3,0,0,0,bajo,Bus
Hospital,Sabaneta,16.4,Jueves,21,0,0,0,bajo,Bus
Acevedo,San Antonio,2.7,Viernes,7,1,0,1,medio,Taxi
Sabaneta,Aguacatala,16.1,Domingo,20,0,1,1,medio,Taxi
Universidad,La Estrella,16.4,Domingo,6,1,1,0,medio,Bus
San Antonio,Bello,6.3,Martes,5,0,0,0,alto,Metro
Parque Berrio,Exposiciones,13.4,Sabado,4,0,1,1,alto,Taxi
La Estrella,Aguacatala,4.3,Viernes,19,1,0,0,medio,Bus
Estadio,La Estrella,4.4,Sabado,14,1,1,1,alto,Taxi
San Antonio,Universidad,18.1,Jueves,13,1,0,0,bajo,Bus
Itagui,Sabaneta,7.3,Lunes,6,1,0,0,alto,Bus
Ayura,Santa Lucia,8.8,Domingo,8,1,1,1,bajo,Taxi
Ayura,Exposiciones,4.8,Domingo,6,1,1,1,medio,Taxi
Suramericana,La Estrella,6.9,Martes,2,0,0,1,bajo,Taxi
Ayura,Hospital,8.7,Viernes,11,1,0,1,alto,Taxi
La Estrella,Prado,9.1,Domingo,21,0,1,1,bajo,Taxi
Poblado,Prado,17.3,Viernes,0,0,0,0,alto,Taxi
Niquia,Aguacatala,14.4,Domingo,15,0,1,0,bajo,Bus
Madera,Aguacatala,3.1,Lunes,0,0,0,1,alto,Taxi
Envigado,Industriales,6.9,Miercoles,9,0,0,1,alto,Taxi
San Antonio,Envigado,12.5,Sabado,16,0,1,0,alto,Bus
Aguacatala,Alpujarra,2.1,Viernes,10,0,0,1,bajo,Taxi
Itagui,Suramericana,8.5,Sabado,21,0,1,0,medio,Taxi
La Estrella,Bello,16.2,Viernes,22,0,0,1,medio,Taxi
Estadio,Caribe,3.2,Domingo,2,0,1,1,medio,Taxi
Niquia,Acevedo,7.9,Miercoles,19,1,0,0,medio,Bus
Universidad,Ayura,17.4,Jueves,5,0,0,0,medio,Metro
Ayura,Hospital,14.7,Domingo,19,1,1,0,bajo,Bus
Bello,Cisneros,3.2,Lunes,14,1,0,0,medio,Metro
Prado,Suramericana,12.7,Jueves,14,1,0,0,bajo,Bus
Santa Lucia,Suramericana,11.6,Domingo,2,0,1,0,alto,Taxi
Suramericana,Aguacatala,19.2,Lunes,9,0,0,0,bajo,Bus
Niquia,Floresta,4.0,Jueves,4,0,0,0,medio,Metro
Caribe,Industriales,9.7,Jueves,16,0,0,0,medio,Taxi
Suramericana,San Javier,14.1,Sabado,15,0,1,0,bajo,Bus
Envigado,Hospital,11.3,Jueves,23,0,0,0,bajo,Bus
Poblado,Hospital,15.1,Martes,0,0,0,0,medio,Metro
Ayura,Suramericana,12.2,Sabado,22,0,1,1,bajo,Taxi
Aguacatala,Ayura,10.4,Miercoles,21,0,0,0,bajo,Bus
La Estrella,Caribe,13.5,Domingo,0,0,1,1,alto,Taxi
Niquia,Sabaneta,20.0,Sabado,16,0,1,0,medio,Bus
Estadio,San Antonio,17.4,Viernes,17,1,0,0,alto,Bus
Niquia,Hospital,17.4,Martes,17,1,0,0,medio,Bus
Suramericana,Madera,5.0,Viernes,12,1,0,1,medio,Taxi
Hospital,Envigado,13.5,Lunes,11,1,0,1,alto,Taxi
Madera,Envigado,14.2,Martes,1,0,0,1,bajo,Taxi
Ayura,Itagui,14.5,Lunes,0,0,0,0,bajo,Bus
Acevedo,Madera,10.4,Jueves,14,1,0,1,medio,Taxi
Bello,Santa Lucia,13.0,Miercoles,16,0,0,1,medio,Taxi
Bello,Industriales,5.8,Domingo,2,0,1,1,alto,Taxi
Parque Berrio,Suramericana,18.2,Martes,19,1,0,1,bajo,Taxi
Envigado,San Antonio,5.6,Miercoles,20,0,0,1,medio,Taxi
Tricentenario,Exposiciones,15.5,Domingo,5,0,1,0,alto,Taxi
Estadio,Madera,10.8,Martes,10,0,0,0,medio,Metro
Envigado,Santa Lucia,6.1,Domingo,2,0,1,0,bajo,Bus
Sabaneta,Floresta,14.7,Jueves,14,1,0,1,alto,Taxi
San Javier,Madera,8.7,Domingo,22,0,1,0,bajo,Bus
San Javier,Prado,14.2,Viernes,5,0,0,0,medio,Bus
Bello,Suramericana,14.3,Martes,18,1,0,0,bajo,Bus
Madera,Poblado,11.3,Domingo,4,0,1,1,medio,Taxi
Bello,Industriales,14.8,Lunes,18,1,0,0,medio,Metro
Suramericana,Alpujarra,8.5,Jueves,20,0,0,0,bajo,Bus
Tricentenario,Santa Lucia,12.0,Domingo,4,0,1,1,bajo,Taxi
Universidad,San Javier,13.6,Jueves,19,1,0,1,medio,Taxi
La Estrella,Floresta,14.4,Sabado,21,0,1,0,alto,Bus
Hospital,Cisneros,2.6,Viernes,21,0,0,1,alto,Taxi
Niquia,Tricentenario,17.9,Martes,23,0,0,1,medio,Taxi
San Antonio,La Estrella,9.8,Jueves,8,1,0,0,bajo,Bus
Santa Lucia,La Estrella,4.0,Jueves,20,0,0,0,medio,Taxi
Acevedo,Niquia,3.0,Miercoles,13,1,0,1,bajo,Taxi
San Javier,Estadio,7.1,Lunes,9,0,0,1,bajo,Taxi
Santa Lucia,Madera,15.2,Sabado,22,0,1,0,medio,Bus
Poblado,Floresta,14.7,Domingo,8,1,1,0,bajo,Bus
Universidad,Cisneros,13.3,Martes,17,1,0,0,medio,Metro
Itagui,La Estrella,8.5,Lunes,3,0,0,0,bajo,Bus
La Estrella,Acevedo,17.3,Domingo,16,0,1,1,medio,Taxi
Bello,La Estrella,18.3,Domingo,0,0,1,1,alto,Taxi
Caribe,Cisneros,5.8,Viernes,4,0,0,1,medio,Taxi
Hospital,San Antonio,15.9,Miercoles,5,0,0,0,medio,Metro
Alpujarra,Parque Berrio,5.4,Jueves,21,0,0,1,bajo,Taxi
Aguacatala,San Javier,15.1,Sabado,2,0,1,1,medio,Taxi
Itagui,Suramericana,14.5,Sabado,12,1,1,1,alto,Taxi
Alpujarra,Industriales,19.6,Miercoles,8,1,0,1,medio,Taxi
La Estrella,Estadio,18.1,Viernes,20,0,0,0,bajo,Bus
Floresta,Itagui,4.9,Sabado,23,0,1,0,bajo,Taxi
Envigado,La Estrella,12.2,Jueves,19,1,0,0,medio,Bus
Parque Berrio,San Antonio,3.4,Viernes,23,0,0,0,alto,Metro
Ayura,Parque Berrio,12.1,Jueves,22,0,0,0,bajo,Bus
Acevedo,Bello,13.5,Martes,4,0,0,1,bajo,Taxi
Floresta,Suramericana,19.7,Lunes,13,1,0,1,alto,Taxi
San Javier,Sabaneta,13.3,Martes,7,1,0,0,bajo,Bus
Niquia,Cisneros,19.7,Jueves,11,1,0,0,alto,Bus
San Antonio,Suramericana,4.3,Domingo,9,0,1,1,alto,Taxi
Industriales,San Antonio,10.4,Lunes,13,1,0,0,medio,Taxi
Ayura,Madera,16.3,Jueves,2,0,0,1,alto,Taxi
Ayura,Prado,8.0,Sabado,19,1,1,0,alto,Bus
Itagui,Hospital,7.5,Jueves,21,0,0,0,alto,Metro
Floresta,Itagui,17.5,Sabado,13,1,1,0,alto,Metro
Itagui,Universidad,6.5,Domingo,8,1,1,0,alto,Bus
Floresta,Estadio,15.3,Martes,2,0,0,1,bajo,Taxi
Itagui,Acevedo,13.3,Martes,21,0,0,1,medio,Taxi
Alpujarra,Hospital,18.8,Martes,19,1,0,1,medio,Taxi
Aguacatala,Alpujarra,14.7,Viernes,22,0,0,0,alto,Taxi
Universidad,Hospital,15.3,Sabado,21,0,1,1,bajo,Taxi
Tricentenario,Niquia,7.4,Sabado,3,0,1,0,bajo,Bus
Acevedo,Santa Lucia,6.6,Martes,3,0,0,1,bajo,Taxi
Acevedo,Universidad,11.1,Domingo,23,0,1,0,alto,Metro
Niquia,Floresta,16.2,Lunes,1,0,0,0,alto,Bus
Acevedo,Caribe,12.3,Domingo,8,1,1,0,alto,Metro
Bello,Santa Lucia,5.7,Miercoles,18,1,0,0,medio,Bus
Universidad,Madera,14.2,Sabado,4,0,1,1,alto,Taxi
Caribe,Suramericana,1.3,Martes,23,0,0,0,alto,Bus
Madera,Hospital,16.7,Sabado,11,1,1,0,bajo,Bus
Hospital,Parque Berrio,7.9,Sabado,10,0,1,0,bajo,Bus
Cisneros,Parque Berrio,1.6,Miercoles,23,0,0,0,bajo,Caminando
Hospital,Aguacatala,11.7,Martes,8,1,0,0,bajo,Bus
Parque Berrio,San Javier,18.9,Lunes,3,0,0,1,medio,Taxi
Sabaneta,Aguacatala,6.8,Domingo,22,0,1,0,medio,Taxi
Exposiciones,Acevedo,7.9,Domingo,18,1,1,1,medio,Taxi
Alpujarra,Caribe,6.1,Martes,14,1,0,0,alto,Taxi
Floresta,Universidad,10.3,Lunes,3,0,0,0,alto,Metro
Itagui,Madera,10.3,Lunes,13,1,0,0,medio,Taxi
Aguacatala,Acevedo,9.6,Viernes,1,0,0,1,bajo,Taxi
Itagui,Caribe,6.1,Martes,3,0,0,0,alto,Taxi
Industriales,Sabaneta,16.4,Sabado,20,0,1,1,medio,Taxi
Itagui,Universidad,17.8,Lunes,6,1,0,1,bajo,Taxi
Hospital,Bello,13.7,Domingo,23,0,1,1,alto,Taxi
Niquia,Universidad,12.5,Miercoles,16,0,0,1,bajo,Taxi
San Javier,Alpujarra,15.7,Viernes,6,1,0,1,bajo,Taxi
Hospital,Caribe,8.5,Jueves,23,0,0,0,medio,Metro
Itagui,Poblado,17.7,Miercoles,7,1,0,1,bajo,Taxi
Itagui,Hospital,3.7,Miercoles,23,0,0,0,medio,Metro
Universidad,Prado,17.9,Lunes,13,1,0,1,medio,Taxi
Madera,Itagui,4.9,Miercoles,12,1,0,0,medio,Metro
Aguacatala,Envigado,11.1,Sabado,21,0,1,0,bajo,Bus
Estadio,San Javier,4.0,Lunes,17,1,0,0,medio,Bus
Suramericana,Tricentenario,17.8,Viernes,18,1,0,1,bajo,Taxi
Floresta,Cisneros,9.6,Lunes,13,1,0,0,alto,Metro
La Estrella,Caribe,3.3,Lunes,10,0,0,1,alto,Taxi
San Javier,Universidad,16.2,Domingo,2,0,1,1,bajo,Taxi
Bello,Acevedo,16.9,Domingo,2,0,1,1,medio,Taxi
Madera,Estadio,7.5,Miercoles,15,0,0,0,alto,Taxi
Aguacatala,Parque Berrio,15.1,Jueves,13,1,0,0,medio,Metro
Niquia,Alpujarra,19.6,Jueves,18,1,0,1,bajo,Taxi
Industriales,Bello,11.5,Viernes,4,0,0,0,alto,Taxi
Alpujarra,San Javier,11.5,Miercoles,16,0,0,0,bajo,Bus
San Javier,Madera,19.2,Lunes,14,1,0,1,bajo,Taxi
Sabaneta,San Antonio,5.3,Viernes,20,0,0,0,bajo,Bus
Aguacatala,Suramericana,19.4,Martes,15,0,0,0,bajo,Bus
Exposiciones,Suramericana,18.1,Martes,16,0,0,1,medio,Taxi
Envigado,Alpujarra,8.4,Lunes,2,0,0,0,medio,Metro
Envigado,Poblado,11.2,Martes,9,0,0,1,bajo,Taxi
Madera,Sabaneta,15.7,Sabado,16,0,1,0,alto,Metro
Acevedo,Ayura,13.7,Martes,10,0,0,0,bajo,Bus
Exposiciones,Santa Lucia,5.1,Lunes,4,0,0,1,alto,Taxi
Parque Berrio,Niquia,5.8,Domingo,18,1,1,0,alto,Bus
Estadio,Tricentenario,8.2,Miercoles,11,1,0,0,bajo,Bus
San Javier,Aguacatala,19.2,Viernes,12,1,0,0,medio,Bus
Ayura,Caribe,14.2,Lunes,23,0,0,0,bajo,Bus
Itagui,Parque Berrio,14.6,Martes,2,0,0,1,alto,Taxi
Industriales,Exposiciones,11.7,Lunes,19,1,0,1,alto,Taxi
Madera,Poblado,16.5,Viernes,23,0,0,1,bajo,Taxi
Alpujarra,Bello,14.5,Sabado,19,1,1,1,medio,Taxi
Caribe,Itagui,17.1,Domingo,13,1,1,1,medio,Taxi
La Estrella,Hospital,10.4,Viernes,0,0,0,0,bajo,Bus
Santa Lucia,Itagui,8.2,Domingo,22,0,1,1,medio,Taxi
Universidad,Prado,4.5,Martes,17,1,0,1,medio,Taxi
Floresta,Bello,1.2,Jueves,8,1,0,0,medio,Caminando
Aguacatala,Madera,8.5,Miercoles,4,0,0,0,bajo,Bus
Niquia,Floresta,16.4,Viernes,15,0,0,1,bajo,Taxi
Estadio,Acevedo,14.2,Viernes,4,0,0,1,bajo,Taxi
Acevedo,Aguacatala,5.4,Lunes,17,1,0,1,alto,Taxi
Prado,Universidad,16.6,Martes,2,0,0,1,medio,Taxi
Acevedo,Exposiciones,8.8,Jueves,14,1,0,1,alto,Taxi
La Estrella,Poblado,16.8,Jueves,18,1,0,0,bajo,Bus
Acevedo,Prado,6.5,Miercoles,16,0,0,0,alto,Taxi
Tricentenario,Industriales,2.8,Lunes,19,1,0,1,alto,Taxi
Caribe,Alpujarra,3.7,Domingo,11,1,1,0,bajo,Bus
Tricentenario,Caribe,12.0,Jueves,13,1,0,1,alto,Taxi
Itagui,Bello,2.4,Miercoles,10,0,0,0,bajo,Metro
Poblado,Sabaneta,3.9,Domingo,23,0,1,0,alto,Bus
La Estrella,Universidad,7.5,Martes,18,1,0,1,bajo,Taxi
Madera,San Antonio,3.7,Martes,23,0,0,1,medio,Taxi
Parque Berrio,Industriales,4.4,Jueves,19,1,0,1,medio,Taxi
Suramericana,La Estrella,14.8,Sabado,12,1,1,0,medio,Metro
Universidad,Envigado,9.5,Jueves,16,0,0,1,alto,Taxi
San Javier,San Antonio,4.7,Jueves,2,0,0,1,medio,Taxi
Prado,La Estrella,1.7,Viernes,20,0,0,1,alto,Taxi
Caribe,Suramericana,14.2,Domingo,23,0,1,1,alto,Taxi
Bello,San Javier,17.5,Martes,8,1,0,1,bajo,Taxi
Floresta,Suramericana,1.2,Sabado,14,1,1,0,bajo,Caminando
Industriales,Hospital,1.5,Miercoles,21,0,0,0,alto,Caminando
Itagui,Estadio,12.8,Martes,16,0,0,0,alto,Taxi
Santa Lucia,Tricentenario,7.2,Domingo,1,0,1,1,medio,Taxi
Sabaneta,Madera,15.5,Domingo,14,1,1,1,medio,Taxi
Caribe,Poblado,3.8,Viernes,6,1,0,1,alto,Taxi
Caribe,Itagui,8.2,Miercoles,21,0,0,0,medio,Metro
Floresta,Niquia,2.3,Jueves,5,0,0,0,medio,Bus
Tricentenario,Estadio,6.5,Sabado,7,1,1,1,medio,Taxi
San Antonio,Tricentenario,1.1,Jueves,8,1,0,0,medio,Caminando
Hospital,Prado,15.4,Viernes,20,0,0,1,bajo,Taxi
Niquia,Itagui,4.9,Miercoles,5,0,0,1,bajo,Taxi
Aguacatala,Itagui,15.0,Sabado,20,0,1,1,bajo,Taxi
Madera,Universidad,16.6,Viernes,4,0,0,0,alto,Taxi
Tricentenario,Suramericana,7.7,Miercoles,9,0,0,0,medio,Metro
Prado,Parque Berrio,4.6,Jueves,16,0,0,1,medio,Taxi
Santa Lucia,Acevedo,3.3,Miercoles,12,1,0,0,bajo,Taxi
Niquia,Suramericana,9.9,Martes,10,0,0,0,bajo,Bus
San Antonio,Caribe,14.4,Viernes,0,0,0,0,medio,Metro
Aguacatala,San Antonio,2.6,Domingo,2,0,1,0,alto,Bus
San Javier,Sabaneta,3.5,Domingo,12,1,1,1,medio,Taxi
Niquia,Parque Berrio,19.4,Lunes,5,0,0,0,medio,Taxi
Estadio,Poblado,7.8,Miercoles,2,0,0,1,bajo,Taxi
Suramericana,Alpujarra,10.3,Jueves,21,0,0,0,bajo,Bus
Ayura,Tricentenario,4.7,Viernes,3,0,0,0,alto,Taxi
Exposiciones,Caribe,13.4,Miercoles,23,0,0,1,medio,Taxi
Estadio,Floresta,10.2,Sabado,21,0,1,1,bajo,Taxi
Hospital,San Javier,6.4,Jueves,5,0,0,1,alto,Taxi
Estadio,Tricentenario,9.1,Viernes,19,1,0,0,medio,Bus
Poblado,Estadio,7.6,Domingo,6,1,1,1,medio,Taxi
Universidad,Itagui,16.6,Domingo,9,0,1,0,medio,Bus
Caribe,Suramericana,19.5,Miercoles,19,1,0,1,bajo,Taxi
Alpujarra,Suramericana,8.5,Domingo,5,0,1,0,bajo,Bus
Aguacatala,Bello,12.7,Viernes,20,0,0,0,bajo,Bus
Prado,Tricentenario,16.4,Martes,10,0,0,1,bajo,Taxi
Santa Lucia,Tricentenario,3.8,Lunes,22,0,0,0,bajo,Metro
Suramericana,Envigado,18.1,Martes,21,0,0,0,medio,Bus
Sabaneta,Envigado,6.0,Lunes,14,1,0,0,bajo,Bus
Sabaneta,Caribe,6.0,Miercoles,23,0,0,1,medio,Taxi
Bello,San Antonio,7.4,Domingo,11,1,1,0,alto,Bus
Floresta,Estadio,16.2,Sabado,11,1,1,1,medio,Taxi
Estadio,Floresta,3.1,Jueves,11,1,0,1,bajo,Taxi
La Estrella,Alpujarra,6.8,Domingo,2,0,1,0,bajo,Bus
Parque Berrio,Estadio,5.5,Miercoles,20,0,0,1,medio,Taxi
Industriales,Floresta,9.1,Martes,14,1,0,0,medio,Bus
Caribe,Industriales,11.9,Jueves,17,1,0,1,bajo,Taxi
San Javier,Cisneros,10.7,Miercoles,12,1,0,0,alto,Bus
Poblado,Cisneros,1.2,Sabado,16,0,1,1,alto,Taxi
Ayura,Estadio,6.2,Viernes,18,1,0,1,bajo,Taxi
Poblado,Santa Lucia,5.5,Miercoles,9,0,0,0,medio,Bus
San Antonio,Itagui,15.0,Domingo,8,1,1,1,medio,Taxi
Suramericana,Floresta,5.9,Domingo,18,1,1,1,bajo,Taxi
Exposiciones,Aguacatala,5.9,Martes,16,0,0,1,medio,Taxi
Cisneros,San Javier,16.2,Domingo,9,0,1,0,medio,Taxi
La Estrella,Alpujarra,18.0,Sabado,22,0,1,1,bajo,Taxi
Alpujarra,Santa Lucia,5.4,Domingo,8,1,1,1,medio,Taxi
Aguacatala,Acevedo,19.4,Miercoles,5,0,0,0,alto,Bus
Itagui,Madera,16.6,Viernes,16,0,0,0,medio,Metro
Aguacatala,Sabaneta,4.5,Domingo,12,1,1,0,medio,Bus
Exposiciones,Caribe,19.0,Domingo,11,1,1,0,bajo,Bus
Santa Lucia,Alpujarra,2.6,Miercoles,0,0,0,0,bajo,Bus
Niquia,Envigado,13.9,Lunes,5,0,0,1,medio,Taxi
Exposiciones,Tricentenario,11.3,Miercoles,7,1,0,1,bajo,Taxi
San Antonio,Envigado,1.9,Domingo,5,0,1,0,bajo,Caminando
Universidad,La Estrella,7.0,Lunes,19,1,0,0,medio,Bus
Estadio,Poblado,12.0,Viernes,12,1,0,0,medio,Taxi
Madera,Estadio,10.0,Domingo,1,0,1,1,alto,Taxi
Prado,Bello,17.7,Jueves,7,1,0,0,bajo,Bus
Parque Berrio,Tricentenario,12.3,Viernes,2,0,0,0,bajo,Bus
San Antonio,Suramericana,8.2,Sabado,4,0,1,0,medio,Taxi
Cisneros,Universidad,9.1,Sabado,13,1,1,1,medio,Taxi
Parque Berrio,Ayura,19.4,Martes,14,1,0,0,bajo,Bus
Madera,Bello,3.3,Jueves,22,0,0,0,alto,Metro
Aguacatala,Estadio,4.9,Viernes,13,1,0,1,medio,Taxi
Tricentenario,Sabaneta,13.9,Viernes,20,0,0,1,alto,Taxi
Industriales,San Antonio,16.0,Viernes,17,1,0,0,alto,Bus
Envigado,Santa Lucia,1.6,Martes,22,0,0,1,medio,Taxi
Hospital,Exposiciones,14.1,Domingo,7,1,1,1,alto,Taxi
Poblado,Hospital,2.5,Martes,9,0,0,1,bajo,Taxi
San Javier,Parque Berrio,15.9,Lunes,18,1,0,1,medio,Taxi
Estadio,Madera,17.1,Lunes,15,0,0,0,alto,Bus
Universidad,Bello,10.6,Lunes,21,0,0,1,alto,Taxi
Tricentenario,La Estrella,4.1,Jueves,4,0,0,0,medio,Taxi
Acevedo,Santa Lucia,4.9,Martes,5,0,0,0,alto,Bus
San Javier,Acevedo,16.9,Miercoles,8,1,0,0,medio,Bus
Acevedo,Envigado,14.7,Lunes,10,0,0,1,bajo,Taxi
Prado,Madera,7.2,Martes,19,1,0,1,alto,Taxi
Universidad,Acevedo,3.6,Sabado,12,1,1,0,alto,Bus
Industriales,Itagui,12.1,Jueves,21,0,0,1,bajo,Taxi
Estadio,Acevedo,18.9,Miercoles,16,0,0,0,alto,Taxi
Ayura,Floresta,13.3,Jueves,17,1,0,0,alto,Metro
Alpujarra,Tricentenario,18.1,Sabado,7,1,1,0,alto,Metro
La Estrella,Alpujarra,5.8,Domingo,6,1,1,1,bajo,Taxi
Industriales,Poblado,14.7,Martes,16,0,0,1,alto,Taxi
Bello,Itagui,9.7,Miercoles,21,0,0,0,medio,Metro
Aguacatala,Prado,14.1,Domingo,7,1,1,0,medio,Metro
Cisneros,Niquia,17.3,Domingo,15,0,1,0,bajo,Bus
Parque Berrio,Niquia,18.2,Martes,18,1,0,0,medio,Metro
Ayura,Hospital,6.9,Miercoles,15,0,0,0,bajo,Bus
Tricentenario,La Estrella,17.9,Lunes,8,1,0,0,medio,Metro
Envigado,Itagui,16.9,Lunes,1,0,0,0,medio,Metro
Caribe,Hospital,1.7,Sabado,19,1,1,1,bajo,Taxi
Floresta,Bello,15.2,Lunes,21,0,0,1,alto,Taxi
Bello,San Javier,15.7,Viernes,2,0,0,0,alto,Metro
Caribe,San Javier,8.6,Domingo,23,0,1,0,alto,Metro
Ayura,Floresta,1.3,Viernes,6,1,0,0,bajo,Caminando
Sabaneta,Estadio,1.3,Lunes,20,0,0,0,medio,Bus
Parque Berrio,Acevedo,7.2,Viernes,6,1,0,1,medio,Taxi
Niquia,Ayura,2.4,Sabado,7,1,1,0,alto,Bus
Aguacatala,San Javier,5.7,Miercoles,4,0,0,0,alto,Metro
Hospital,Madera,13.0,Miercoles,6,1,0,1,alto,Taxi
Bello,Envigado,15.0,Martes,6,1,0,0,medio,Bus
San Javier,San Antonio,9.1,Miercoles,17,1,0,0,medio,Bus
Cisneros,Bello,11.2,Miercoles,16,0,0,0,alto,Taxi
Envigado,La Estrella,12.1,Jueves,3,0,0,0,alto,Taxi
Ayura,Tricentenario,1.8,Jueves,20,0,0,1,alto,Taxi
Itagui,Prado,3.9,Martes,0,0,0,1,bajo,Taxi
Suramericana,Industriales,5.2,Lunes,1,0,0,1,alto,Taxi
Itagui,Santa Lucia,13.8,Miercoles,22,0,0,1,bajo,Taxi
Suramericana,San Antonio,4.8,Domingo,22,0,1,0,bajo,Metro
Parque Berrio,Madera,19.8,Jueves,15,0,0,0,bajo,Bus
Prado,Santa Lucia,3.3,Viernes,20,0,0,1,alto,Taxi
Santa Lucia,Itagui,15.5,Jueves,1,0,0,0,bajo,Bus
Universidad,Caribe,7.9,Domingo,5,0,1,0,alto,Taxi
Suramericana,Tricentenario,13.2,Martes,9,0,0,0,medio,Metro
Tricentenario,Aguacatala,13.2,Domingo,20,0,1,1,medio,Taxi
Sabaneta,Bello,4.8,Martes,21,0,0,1,medio,Taxi
La Estrella,Acevedo,17.3,Domingo,1,0,1,1,medio,Taxi
San Javier,Cisneros,14.4,Viernes,22,0,0,0,alto,Bus
Prado,Sabaneta,18.1,Martes,21,0,0,1,medio,Taxi
Tricentenario,Floresta,5.2,Viernes,13,1,0,1,bajo,Taxi
Itagui,San Antonio,6.1,Jueves,6,1,0,0,bajo,Bus
Niquia,Industriales,8.9,Sabado,19,1,1,1,bajo,Taxi
Universidad,Madera,13.1,Sabado,15,0,1,1,medio,Taxi
Industriales,Acevedo,15.9,Martes,7,1,0,0,alto,Metro
Santa Lucia,San Javier,17.3,Martes,6,1,0,1,bajo,Taxi
Exposiciones,Prado,13.7,Martes,4,0,0,1,alto,Taxi
Caribe,Floresta,2.4,Miercoles,4,0,0,0,medio,Bus
Estadio,Hospital,15.9,Lunes,15,0,0,1,bajo,Taxi
Aguacatala,Floresta,16.0,Domingo,10,0,1,1,alto,Taxi
Madera,Prado,9.8,Lunes,23,0,0,0,bajo,Bus
Prado,San Antonio,9.4,Miercoles,13,1,0,0,medio,Bus
Parque Berrio,La Estrella,16.1,Domingo,5,0,1,1,bajo,Taxi
San Javier,La Estrella,14.0,Lunes,5,0,0,0,bajo,Bus
Hospital,Acevedo,9.6,Miercoles,7,1,0,0,medio,Metro
Itagui,Madera,3.2,Martes,9,0,0,0,alto,Bus
Suramericana,Universidad,4.2,Martes,18,1,0,1,bajo,Taxi
Acevedo,Madera,3.9,Viernes,21,0,0,1,medio,Taxi
Exposiciones,Santa Lucia,7.3,Jueves,16,0,0,0,medio,Bus
San Javier,Floresta,5.3,Miercoles,0,0,0,1,alto,Taxi
Envigado,Prado,19.6,Miercoles,3,0,0,1,alto,Taxi
Niquia,Cisneros,8.2,Lunes,1,0,0,0,bajo,Bus
Universidad,Poblado,18.9,Sabado,0,0,1,1,alto,Taxi
La Estrella,Acevedo,3.2,Domingo,0,0,1,1,bajo,Taxi
Floresta,Universidad,18.5,Miercoles,19,1,0,0,alto,Metro
Alpujarra,San Antonio,8.3,Sabado,2,0,1,0,alto,Bus
Madera,Alpujarra,14.7,Lunes,7,1,0,1,bajo,Taxi
Universidad,Prado,7.3,Jueves,14,1,0,0,alto,Bus
La Estrella,Acevedo,20.0,Jueves,1,0,0,0,alto,Metro
Universidad,Hospital,13.2,Viernes,17,1,0,0,bajo,Bus
Industriales,Bello,11.2,Viernes,0,0,0,0,alto,Bus
Prado,Sabaneta,10.4,Viernes,19,1,0,0,medio,Metro
La Estrella,Ayura,10.5,Martes,19,1,0,1,bajo,Taxi
Sabaneta,Acevedo,6.0,Martes,17,1,0,0,medio,Bus
Itagui,Tricentenario,8.3,Domingo,23,0,1,0,alto,Metro
Itagui,Universidad,10.2,Miercoles,11,1,0,1,bajo,Taxi
Prado,Floresta,14.0,Sabado,5,0,1,0,medio,Bus
Caribe,Tricentenario,15.6,Miercoles,19,1,0,1,alto,Taxi
Suramericana,Acevedo,4.7,Lunes,22,0,0,0,medio,Taxi
Acevedo,Envigado,15.2,Miercoles,6,1,0,0,medio,Bus
Cisneros,Alpujarra,19.2,Lunes,12,1,0,0,bajo,Bus
Sabaneta,Santa Lucia,17.2,Martes,20,0,0,0,bajo,Bus
Cisneros,Poblado,17.9,Viernes,22,0,0,0,bajo,Bus
Caribe,Exposiciones,14.1,Miercoles,3,0,0,0,medio,Metro
Aguacatala,Ayura,4.5,Martes,22,0,0,0,bajo,Taxi
Ayura,San Antonio,7.7,Viernes,10,0,0,1,bajo,Taxi
Parque Berrio,Madera,13.5,Miercoles,2,0,0,1,medio,Taxi
Prado,Cisneros,14.1,Jueves,17,1,0,0,medio,Metro
Tricentenario,Madera,1.4,Jueves,17,1,0,0,medio,Caminando
Ayura,Santa Lucia,5.6,Miercoles,1,0,0,0,medio,Metro
Universidad,Caribe,18.6,Lunes,18,1,0,0,bajo,Bus
Caribe,Alpujarra,6.6,Lunes,6,1,0,0,bajo,Bus
Niquia,Itagui,13.6,Miercoles,3,0,0,1,alto,Taxi
Santa Lucia,Caribe,16.8,Lunes,0,0,0,0,medio,Bus
Floresta,Santa Lucia,3.8,Martes,14,1,0,1,medio,Taxi
Caribe,Madera,15.3,Jueves,3,0,0,0,bajo,Bus
Suramericana,La Estrella,13.6,Viernes,18,1,0,1,alto,Taxi
Cisneros,Tricentenario,7.4,Lunes,12,1,0,0,bajo,Bus
Poblado,Floresta,17.9,Miercoles,14,1,0,1,alto,Taxi
San Antonio,Envigado,17.2,Sabado,17,1,1,0,medio,Metro
Ayura,Exposiciones,2.5,Sabado,11,1,1,0,medio,Taxi
Universidad,Floresta,4.0,Domingo,6,1,1,0,alto,Bus
Madera,Floresta,2.3,Lunes,2,0,0,1,bajo,Taxi
Bello,Suramericana,6.7,Martes,10,0,0,0,alto,Metro
Itagui,Envigado,6.2,Jueves,15,0,0,1,medio,Taxi
Caribe,Madera,15.7,Miercoles,19,1,0,0,medio,Bus
Ayura,Itagui,3.4,Domingo,16,0,1,1,alto,Taxi
San Javier,Bello,5.9,Domingo,15,0,1,0,bajo,Bus
Aguacatala,Santa Lucia,1.7,Viernes,4,0,0,0,alto,Caminando
San Javier,Ayura,4.1,Lunes,12,1,0,1,medio,Taxi
San Javier,Estadio,16.7,Domingo,18,1,1,0,bajo,Bus
Envigado,Bello,19.8,Sabado,11,1,1,1,alto,Taxi
Exposiciones,Tricentenario,15.2,Domingo,14,1,1,1,bajo,Taxi
Sabaneta,Industriales,4.5,Jueves,13,1,0,1,alto,Taxi
Poblado,Alpujarra,18.3,Lunes,13,1,0,1,medio,Taxi
Envigado,Tricentenario,7.8,Jueves,14,1,0,0,medio,Metro
Prado,Cisneros,7.8,Miercoles,13,1,0,1,bajo,Taxi
Suramericana,San Javier,3.6,Lunes,0,0,0,1,alto,Taxi
Itagui,Envigado,13.1,Martes,2,0,0,1,bajo,Taxi
Ayura,Itagui,16.1,Sabado,0,0,1,0,medio,Bus
Bello,Industriales,18.9,Jueves,15,0,0,0,bajo,Bus
Floresta,San Javier,1.3,Viernes,22,0,0,1,medio,Taxi
Poblado,Acevedo,1.6,Viernes,16,0,0,1,alto,Taxi
San Antonio,Ayura,18.5,Martes,5,0,0,1,alto,Taxi
Aguacatala,Poblado,13.5,Sabado,6,1,1,1,bajo,Taxi
Industriales,Parque Berrio,8.8,Viernes,15,0,0,1,alto,Taxi
Aguacatala,Madera,16.3,Martes,6,1,0,1,medio,Taxi
Universidad,Itagui,13.7,Lunes,14,1,0,1,alto,Taxi
Hospital,Madera,10.4,Sabado,8,1,1,0,bajo,Bus
Madera,San Antonio,18.0,Sabado,17,1,1,0,bajo,Bus
Caribe,Alpujarra,11.0,Martes,0,0,0,1,medio,Taxi
Alpujarra,Acevedo,8.9,Martes,11,1,0,0,medio,Taxi
Tricentenario,Exposiciones,12.1,Martes,8,1,0,1,bajo,Taxi
Aguacatala,Suramericana,18.3,Sabado,10,0,1,1,bajo,Taxi
Estadio,Niquia,11.5,Martes,8,1,0,0,bajo,Bus
Parque Berrio,San Javier,1.3,Lunes,6,1,0,0,bajo,Bus
Universidad,Itagui,13.6,Jueves,0,0,0,0,medio,Taxi
Exposiciones,Sabaneta,5.3,Jueves,4,0,0,0,bajo,Bus
Hospital,Santa Lucia,1.1,Martes,19,1,0,0,medio,Bus
Parque Berrio,Tricentenario,10.4,Lunes,9,0,0,1,bajo,Taxi
Exposiciones,San Javier,16.1,Lunes,15,0,0,1,bajo,Taxi
Sabaneta,Hospital,4.3,Lunes,20,0,0,1,bajo,Taxi
Bello,Envigado,9.5,Miercoles,15,0,0,0,bajo,Bus
Aguacatala,Alpujarra,14.7,Miercoles,10,0,0,0,medio,Metro
Santa Lucia,Ayura,18.9,Martes,0,0,0,0,medio,Metro
Cisneros,Madera,18.9,Miercoles,22,0,0,1,medio,Taxi
Caribe,Universidad,5.4,Jueves,0,0,0,1,medio,Taxi
Santa Lucia,Niquia,8.6,Domingo,21,0,1,1,bajo,Taxi
Aguacatala,Santa Lucia,4.5,Lunes,13,1,0,1,medio,Taxi
Estadio,Sabaneta,13.2,Sabado,18,1,1,0,bajo,Bus
Tricentenario,La Estrella,19.1,Viernes,15,0,0,0,alto,Taxi
Hospital,Alpujarra,16.9,Sabado,6,1,1,0,medio,Metro
Envigado,Cisneros,1.9,Martes,22,0,0,1,medio,Taxi
Universidad,Exposiciones,14.1,Sabado,1,0,1,0,alto,Taxi
Alpujarra,Itagui,13.2,Martes,3,0,0,0,medio,Bus
Bello,Madera,11.6,Sabado,10,0,1,0,alto,Taxi
Ayura,Industriales,12.4,Lunes,22,0,0,1,bajo,Taxi
Alpujarra,Sabaneta,15.1,Lunes,6,1,0,1,medio,Taxi
Industriales,Poblado,6.3,Lunes,15,0,0,0,alto,Bus
San Javier,Santa Lucia,9.5,Domingo,1,0,1,1,medio,Taxi
La Estrella,Niquia,13.9,Viernes,16,0,0,0,medio,Taxi
Universidad,Envigado,1.0,Viernes,8,1,0,1,bajo,Taxi
Caribe,Alpujarra,14.2,Sabado,17,1,1,1,alto,Taxi
Hospital,Madera,15.6,Viernes,6,1,0,1,bajo,Taxi
Suramericana,Bello,10.7,Jueves,21,0,0,0,alto,Taxi
Envigado,San Javier,4.3,Viernes,7,1,0,0,alto,Bus
Universidad,Tricentenario,11.9,Lunes,7,1,0,0,bajo,Bus
La Estrella,Suramericana,14.2,Jueves,11,1,0,1,alto,Taxi
Sabaneta,Suramericana,19.4,Miercoles,4,0,0,0,alto,Bus
Ayura,Sabaneta,12.5,Jueves,17,1,0,0,bajo,Bus
Aguacatala,Floresta,14.4,Lunes,5,0,0,0,alto,Metro
Acevedo,Hospital,4.3,Martes,10,0,0,0,alto,Metro
Acevedo,Niquia,8.8,Domingo,16,0,1,1,medio,Taxi
Santa Lucia,Acevedo,11.2,Viernes,22,0,0,0,bajo,Bus
Caribe,Ayura,13.4,Viernes,17,1,0,1,alto,Taxi
Suramericana,Prado,5.4,Miercoles,7,1,0,0,alto,Bus
Cisneros,Aguacatala,9.5,Jueves,0,0,0,1,bajo,Taxi
Parque Berrio,Sabaneta,13.8,Sabado,1,0,1,1,alto,Taxi
Parque Berrio,Exposiciones,2.3,Sabado,4,0,1,1,medio,Taxi
Universidad,Exposiciones,9.3,Sabado,0,0,1,0,alto,Taxi
Aguacatala,Prado,12.3,Miercoles,16,0,0,1,bajo,Taxi
Aguacatala,Exposiciones,16.7,Jueves,23,0,0,1,medio,Taxi
Alpujarra,Bello,11.4,Jueves,12,1,0,1,alto,Taxi
Aguacatala,Hospital,15.5,Miercoles,19,1,0,1,medio,Taxi
Santa Lucia,Niquia,14.0,Viernes,3,0,0,1,bajo,Taxi
Ayura,Cisneros,19.5,Martes,21,0,0,0,alto,Bus
Estadio,Caribe,14.3,Domingo,6,1,1,0,medio,Bus
Cisneros,San Antonio,16.0,Domingo,18,1,1,0,medio,Metro
Suramericana,Bello,14.5,Viernes,0,0,0,0,bajo,Bus
Cisneros,Parque Berrio,2.0,Lunes,17,1,0,0,medio,Caminando
Alpujarra,San Antonio,2.1,Miercoles,4,0,0,1,medio,Taxi
Exposiciones,San Javier,2.6,Domingo,2,0,1,0,alto,Metro
Hospital,Madera,5.4,Domingo,1,0,1,1,medio,Taxi
Prado,Industriales,19.4,Martes,19,1,0,0,bajo,Bus
Industriales,Cisneros,4.4,Jueves,16,0,0,1,bajo,Taxi
Estadio,Prado,12.1,Martes,17,1,0,1,alto,Taxi
Sabaneta,Ayura,10.4,Domingo,8,1,1,1,alto,Taxi
Itagui,Envigado,19.2,Domingo,8,1,1,0,alto,Metro
San Javier,Suramericana,6.0,Viernes,11,1,0,0,alto,Bus
Sabaneta,La Estrella,15.9,Domingo,19,1,1,1,alto,Taxi
Cisneros,Alpujarra,8.2,Lunes,21,0,0,1,medio,Taxi
Sabaneta,Prado,11.8,Miercoles,0,0,0,0,alto,Metro
Cisneros,Sabaneta,13.2,Miercoles,18,1,0,1,medio,Taxi
Cisneros,Suramericana,8.1,Sabado,11,1,1,1,bajo,Taxi
Sabaneta,Aguacatala,11.2,Jueves,15,0,0,0,bajo,Bus
Floresta,Acevedo,1.8,Jueves,21,0,0,0,alto,Bus
Santa Lucia,Tricentenario,15.8,Domingo,14,1,1,0,bajo,Bus
Exposiciones,San Javier,6.3,Lunes,20,0,0,0,medio,Bus
Tricentenario,Prado,14.3,Domingo,16,0,1,1,alto,Taxi
Tricentenario,Acevedo,19.1,Miercoles,2,0,0,1,bajo,Taxi
La Estrella,Aguacatala,19.4,Miercoles,17,1,0,0,alto,Bus
La Estrella,Hospital,11.2,Domingo,9,0,1,1,medio,Taxi
Sabaneta,Cisneros,19.1,Jueves,15,0,0,0,alto,Taxi
Niquia,Industriales,17.1,Jueves,15,0,0,0,bajo,Bus
Santa Lucia,Floresta,18.3,Martes,7,1,0,1,medio,Taxi
Niquia,Floresta,4.6,Viernes,1,0,0,0,medio,Taxi
Alpujarra,Niquia,16.7,Martes,22,0,0,1,bajo,Taxi
Industriales,Bello,7.8,Viernes,0,0,0,0,medio,Bus
Itagui,Envigado,6.8,Miercoles,23,0,0,0,bajo,Bus
Caribe,Suramericana,18.2,Lunes,18,1,0,1,alto,Taxi
Universidad,Industriales,9.8,Miercoles,10,0,0,1,bajo,Taxi
Ayura,Bello,13.6,Lunes,7,1,0,0,bajo,Bus
Envigado,Caribe,8.7,Sabado,13,1,1,0,bajo,Bus
Sabaneta,Cisneros,16.6,Lunes,20,0,0,1,bajo,Taxi
Aguacatala,Estadio,3.6,Lunes,8,1,0,1,medio,Taxi
Sabaneta,Madera,15.4,Jueves,13,1,0,0,medio,Metro
Bello,Niquia,14.9,Domingo,16,0,1,1,alto,Taxi
Exposiciones,San Javier,14.1,Martes,13,1,0,0,alto,Metro
Tricentenario,Aguacatala,5.1,Lunes,11,1,0,0,medio,Metro
Prado,Cisneros,16.7,Domingo,7,1,1,1,alto,Taxi
Niquia,Santa Lucia,9.1,Lunes,11,1,0,0,medio,Taxi
Hospital,Envigado,8.7,Jueves,22,0,0,1,medio,Taxi
La Estrella,Parque Berrio,11.3,Martes,15,0,0,1,bajo,Taxi
Parque Berrio,Cisneros,3.9,Lunes,22,0,0,1,medio,Taxi
Suramericana,Exposiciones,10.6,Martes,16,0,0,1,alto,Taxi
Tricentenario,Acevedo,4.6,Domingo,20,0,1,1,bajo,Taxi
Suramericana,San Javier,17.9,Jueves,9,0,0,0,medio,Taxi
San Javier,Parque Berrio,5.9,Domingo,6,1,1,0,alto,Bus
Santa Lucia,Floresta,14.2,Sabado,14,1,1,1,alto,Taxi
Madera,Santa Lucia,6.6,Domingo,8,1,1,1,bajo,Taxi
Aguacatala,Sabaneta,11.2,Lunes,5,0,0,1,alto,Taxi
Tricentenario,Sabaneta,5.9,Domingo,17,1,1,1,medio,Taxi
Exposiciones,Suramericana,3.8,Martes,14,1,0,1,medio,Taxi
Floresta,Niquia,16.7,Viernes,18,1,0,0,bajo,Bus
Parque Berrio,La Estrella,16.0,Viernes,13,1,0,0,bajo,Bus
Prado,Cisneros,3.7,Sabado,3,0,1,1,bajo,Taxi
La Estrella,Exposiciones,11.0,Domingo,12,1,1,0,alto,Taxi
Poblado,Industriales,6.7,Miercoles,9,0,0,1,medio,Taxi
San Antonio,La Estrella,2.2,Martes,18,1,0,1,alto,Taxi
Ayura,Estadio,16.4,Domingo,17,1,1,0,alto,Metro
Acevedo,Tricentenario,18.4,Lunes,9,0,0,0,bajo,Bus
Hospital,Poblado,10.7,Lunes,10,0,0,1,bajo,Taxi
Prado,Acevedo,8.5,Viernes,1,0,0,0,medio,Metro
Poblado,Hospital,2.4,Viernes,18,1,0,0,medio,Bus
San Antonio,Acevedo,3.8,Jueves,23,0,0,1,bajo,Taxi
Santa Lucia,Aguacatala,4.9,Martes,0,0,0,0,bajo,Taxi
Estadio,Prado,9.5,Viernes,18,1,0,0,alto,Bus
Alpujarra,Suramericana,1.8,Jueves,3,0,0,1,bajo,Taxi
Alpujarra,Prado,7.9,Lunes,5,0,0,1,bajo,Taxi
Floresta,Santa Lucia,12.1,Jueves,17,1,0,1,medio,Taxi
Madera,Parque Berrio,14.8,Miercoles,0,0,0,1,bajo,Taxi
Alpujarra,Prado,15.6,Domingo,18,1,1,1,bajo,Taxi
Hospital,Estadio,16.1,Lunes,23,0,0,1,alto,Taxi
Exposiciones,Caribe,12.1,Jueves,3,0,0,0,alto,Metro
Madera,Alpujarra,2.6,Martes,20,0,0,0,medio,Metro
Industriales,Cisneros,14.2,Lunes,9,0,0,0,medio,Taxi
Floresta,Alpujarra,17.4,Domingo,5,0,1,0,bajo,Bus
Industriales,Poblado,12.0,Miercoles,21,0,0,1,bajo,Taxi
Industriales,Prado,10.8,Lunes,10,0,0,1,medio,Taxi
San Antonio,Estadio,19.7,Jueves,21,0,0,1,alto,Taxi
Ayura,Tricentenario,8.7,Miercoles,3,0,0,1,bajo,Taxi
Aguacatala,Santa Lucia,16.7,Domingo,14,1,1,1,medio,Taxi
La Estrella,Parque Berrio,13.8,Miercoles,2,0,0,0,medio,Metro
Niquia,Industriales,7.5,Viernes,21,0,0,1,bajo,Taxi
Floresta,Suramericana,4.0,Miercoles,18,1,0,0,bajo,Bus
Envigado,Madera,19.4,Sabado,8,1,1,1,alto,Taxi
Aguacatala,Niquia,4.3,Lunes,16,0,0,1,bajo,Taxi
Estadio,San Javier,18.0,Sabado,11,1,1,1,bajo,Taxi
Niquia,Industriales,17.2,Sabado,10,0,1,1,bajo,Taxi
Ayura,Bello,12.2,Jueves,17,1,0,0,medio,Bus
Santa Lucia,Aguacatala,4.8,Domingo,19,1,1,1,bajo,Taxi
Exposiciones,Prado,2.7,Jueves,16,0,0,0,alto,Metro
Caribe,Universidad,10.8,Lunes,13,1,0,0,medio,Taxi
Prado,Universidad,6.5,Miercoles,2,0,0,1,alto,Taxi
Madera,Caribe,3.2,Miercoles,8,1,0,1,medio,Taxi
Acevedo,Aguacatala,10.3,Viernes,20,0,0,0,alto,Bus
Acevedo,Alpujarra,2.2,Lunes,11,1,0,0,bajo,Metro
San Javier,Envigado,5.2,Viernes,0,0,0,1,medio,Taxi
Universidad,Estadio,3.6,Domingo,6,1,1,0,medio,Bus
Exposiciones,Suramericana,15.3,Sabado,15,0,1,0,bajo,Bus
Niquia,Madera,14.1,Lunes,15,0,0,0,medio,Metro
Aguacatala,La Estrella,14.5,Jueves,23,0,0,1,bajo,Taxi
Tricentenario,Estadio,9.8,Sabado,23,0,1,1,alto,Taxi
Exposiciones,Ayura,9.1,Sabado,1,0,1,1,medio,Taxi
Santa Lucia,Hospital,17.9,Domingo,19,1,1,1,medio,Taxi
San Antonio,Niquia,14.5,Jueves,12,1,0,0,bajo,Bus
Parque Berrio,Universidad,9.7,Martes,8,1,0,0,medio,Metro
Aguacatala,San Javier,11.9,Miercoles,20,0,0,1,medio,Taxi
Ayura,Universidad,11.8,Martes,20,0,0,0,bajo,Bus
Suramericana,Industriales,19.1,Domingo,18,1,1,0,bajo,Bus
Madera,Universidad,11.9,Jueves,4,0,0,0,medio,Bus
Estadio,Tricentenario,4.2,Lunes,13,1,0,0,alto,Bus
Universidad,Estadio,19.3,Sabado,12,1,1,0,alto,Metro
Aguacatala,Poblado,18.1,Domingo,2,0,1,0,alto,Metro
Prado,Exposiciones,9.1,Domingo,16,0,1,1,medio,Taxi
San Javier,Sabaneta,19.6,Lunes,15,0,0,0,bajo,Bus
Santa Lucia,Alpujarra,14.2,Viernes,5,0,0,0,bajo,Bus
San Javier,Aguacatala,8.5,Domingo,20,0,1,0,alto,Taxi
Santa Lucia,Parque Berrio,11.5,Domingo,5,0,1,0,alto,Metro
Aguacatala,Hospital,13.3,Lunes,1,0,0,1,bajo,Taxi
Prado,Envigado,15.2,Martes,21,0,0,1,medio,Taxi
Niquia,Poblado,14.4,Viernes,5,0,0,1,medio,Taxi
Ayura,Poblado,9.9,Domingo,0,0,1,0,bajo,Bus
San Javier,Niquia,17.0,Lunes,11,1,0,1,bajo,Taxi
Floresta,Itagui,12.0,Sabado,0,0,1,0,alto,Bus
Alpujarra,Caribe,15.1,Sabado,9,0,1,1,alto,Taxi
Alpujarra,Acevedo,1.8,Viernes,10,0,0,1,bajo,Taxi
Bello,La Estrella,10.7,Viernes,15,0,0,1,bajo,Taxi
Aguacatala,Hospital,7.4,Miercoles,4,0,0,0,medio,Metro
Ayura,Bello,12.9,Lunes,9,0,0,1,medio,Taxi
La Estrella,Aguacatala,14.5,Viernes,18,1,0,1,bajo,Taxi
Poblado,Industriales,6.3,Lunes,14,1,0,0,alto,Taxi
Acevedo,Hospital,10.5,Lunes,9,0,0,1,medio,Taxi
Ayura,Madera,10.5,Miercoles,18,1,0,1,medio,Taxi
Alpujarra,San Javier,14.4,Martes,16,0,0,0,alto,Bus
Hospital,Madera,19.4,Lunes,2,0,0,1,medio,Taxi
Envigado,Itagui,11.0,Lunes,8,1,0,1,bajo,Taxi
La Estrella,Universidad,2.9,Martes,16,0,0,0,alto,Metro
Madera,Exposiciones,2.0,Lunes,16,0,0,0,medio,Caminando
La Estrella,Ayura,14.9,Lunes,17,1,0,1,alto,Taxi
Floresta,Cisneros,5.2,Lunes,16,0,0,1,medio,Taxi
San Antonio,Ayura,18.8,Sabado,20,0,1,0,bajo,Bus
Sabaneta,Universidad,8.9,Domingo,18,1,1,1,bajo,Taxi
Poblado,Itagui,12.7,Viernes,13,1,0,1,bajo,Taxi
Universidad,Industriales,6.7,Miercoles,22,0,0,0,medio,Metro
Poblado,Hospital,14.0,Sabado,1,0,1,0,alto,Metro
Estadio,Suramericana,2.2,Viernes,12,1,0,1,medio,Taxi
Tricentenario,Aguacatala,17.2,Domingo,4,0,1,0,alto,Bus
Madera,Acevedo,9.2,Viernes,4,0,0,1,alto,Taxi
Santa Lucia,Universidad,10.2,Martes,10,0,0,1,bajo,Taxi
Floresta,Prado,14.0,Jueves,23,0,0,0,medio,Taxi
Alpujarra,Hospital,13.8,Lunes,7,1,0,0,alto,Bus
Alpujarra,Santa Lucia,4.5,Domingo,9,0,1,0,bajo,Taxi
Hospital,Industriales,15.5,Lunes,3,0,0,1,alto,Taxi
Alpujarra,San Antonio,11.8,Martes,12,1,0,0,alto,Metro
La Estrella,Universidad,8.8,Miercoles,16,0,0,1,bajo,Taxi
Prado,Niquia,17.0,Martes,10,0,0,1,medio,Taxi
Universidad,Estadio,3.4,Viernes,15,0,0,0,medio,Taxi
San Antonio,Madera,1.9,Sabado,5,0,1,0,alto,Caminando
Ayura,Niquia,8.0,Jueves,15,0,0,1,alto,Taxi
Industriales,San Javier,9.9,Sabado,15,0,1,0,bajo,Bus
Ayura,Itagui,11.6,Lunes,21,0,0,1,medio,Taxi
Madera,Exposiciones,18.6,Jueves,20,0,0,0,medio,Metro
Itagui,Cisneros,16.6,Viernes,7,1,0,0,bajo,Bus
Suramericana,Prado,13.2,Lunes,14,1,0,1,medio,Taxi
Cisneros,Prado,10.4,Miercoles,20,0,0,0,alto,Metro
Madera,Parque Berrio,11.2,Lunes,9,0,0,1,medio,Taxi
San Antonio,Santa Lucia,17.1,Viernes,2,0,0,0,medio,Bus
Poblado,San Javier,3.5,Sabado,4,0,1,0,medio,Taxi
Alpujarra,Floresta,6.2,Martes,19,1,0,0,alto,Bus
Exposiciones,Niquia,9.0,Martes,3,0,0,1,bajo,Taxi
San Antonio,Madera,1.4,Lunes,1,0,0,1,alto,Taxi
Caribe,Poblado,1.4,Sabado,10,0,1,1,medio,Taxi
Madera,Cisneros,10.4,Domingo,3,0,1,0,bajo,Bus
Madera,Poblado,10.9,Domingo,10,0,1,1,alto,Taxi
Prado,San Javier,13.3,Sabado,10,0,1,1,alto,Taxi
Exposiciones,Industriales,9.6,Miercoles,9,0,0,1,medio,Taxi
Caribe,Universidad,1.7,Viernes,9,0,0,1,alto,Taxi
Santa Lucia,Suramericana,7.1,Jueves,16,0,0,0,medio,Bus
Envigado,Sabaneta,13.8,Lunes,12,1,0,0,medio,Taxi
La Estrella,San Antonio,18.8,Lunes,4,0,0,1,bajo,Taxi
Bello,Envigado,6.8,Martes,12,1,0,1,medio,Taxi
Suramericana,Estadio,11.9,Sabado,4,0,1,0,medio,Metro
Sabaneta,Envigado,18.9,Jueves,13,1,0,1,alto,Taxi
Industriales,Caribe,18.0,Martes,2,0,0,0,medio,Bus
Parque Berrio,Alpujarra,5.9,Domingo,7,1,1,0,medio,Bus
Alpujarra,Madera,2.8,Martes,3,0,0,0,alto,Metro
Bello,Niquia,5.2,Domingo,3,0,1,0,bajo,Bus
Acevedo,Hospital,9.7,Sabado,13,1,1,1,bajo,Taxi
Madera,Floresta,18.3,Lunes,7,1,0,1,bajo,Taxi
Envigado,Poblado,17.8,Domingo,7,1,1,1,bajo,Taxi
Hospital,Tricentenario,1.3,Jueves,13,1,0,0,medio,Bus
Tricentenario,Caribe,2.5,Jueves,12,1,0,0,alto,Taxi
Aguacatala,Tricentenario,13.4,Sabado,1,0,1,1,alto,Taxi
Floresta,Suramericana,8.9,Lunes,12,1,0,0,alto,Bus
San Javier,Alpujarra,4.1,Martes,23,0,0,1,bajo,Taxi
Industriales,Tricentenario,15.8,Miercoles,16,0,0,0,medio,Metro
Alpujarra,Floresta,6.0,Lunes,9,0,0,0,medio,Taxi
Poblado,San Antonio,9.7,Lunes,10,0,0,1,bajo,Taxi
Alpujarra,Caribe,1.2,Domingo,10,0,1,1,medio,Taxi
San Javier,Santa Lucia,3.1,Jueves,15,0,0,1,bajo,Taxi
Suramericana,Universidad,2.9,Domingo,23,0,1,0,medio,Metro
San Antonio,Sabaneta,11.4,Sabado,15,0,1,0,bajo,Bus
Itagui,San Antonio,16.2,Lunes,11,1,0,0,bajo,Bus
Niquia,Acevedo,8.6,Domingo,17,1,1,1,medio,Taxi
Cisneros,Niquia,8.0,Viernes,10,0,0,1,bajo,Taxi
Industriales,Niquia,9.8,Martes,2,0,0,1,alto,Taxi
Floresta,Universidad,4.0,Viernes,5,0,0,1,bajo,Taxi
Alpujarra,La Estrella,10.2,Viernes,11,1,0,1,medio,Taxi
Envigado,Parque Berrio,2.4,Miercoles,14,1,0,1,alto,Taxi
Suramericana,Envigado,12.0,Domingo,2,0,1,0,alto,Bus
Universidad,Prado,18.4,Sabado,1,0,1,1,alto,Taxi
Poblado,Caribe,13.2,Domingo,22,0,1,1,medio,Taxi
Aguacatala,Ayura,8.5,Viernes,7,1,0,1,bajo,Taxi
Acevedo,Santa Lucia,3.2,Sabado,18,1,1,1,medio,Taxi
Exposiciones,Ayura,19.7,Sabado,3,0,1,1,bajo,Taxi
Suramericana,Ayura,1.9,Domingo,3,0,1,1,alto,Taxi
Cisneros,Suramericana,7.4,Sabado,7,1,1,1,medio,Taxi
Parque Berrio,Alpujarra,17.9,Jueves,12,1,0,0,bajo,Bus
Caribe,Ayura,14.4,Lunes,7,1,0,1,medio,Taxi
Ayura,Floresta,11.3,Lunes,10,0,0,1,bajo,Taxi
Universidad,Industriales,2.5,Jueves,13,1,0,1,alto,Taxi
Exposiciones,La Estrella,10.3,Lunes,3,0,0,0,medio,Bus
Alpujarra,Cisneros,11.8,Lunes,7,1,0,1,medio,Taxi
Santa Lucia,Itagui,1.9,Viernes,8,1,0,0,bajo,Caminando
Industriales,Aguacatala,2.9,Martes,5,0,0,0,medio,Bus
Madera,Bello,4.6,Viernes,10,0,0,0,bajo,Taxi
Niquia,Ayura,1.0,Jueves,5,0,0,0,bajo,Caminando
Ayura,Sabaneta,5.5,Jueves,17,1,0,0,medio,Bus
Madera,Niquia,3.2,Lunes,17,1,0,1,bajo,Taxi
Tricentenario,Poblado,14.3,Martes,21,0,0,1,alto,Taxi
Santa Lucia,Itagui,10.8,Sabado,11,1,1,1,medio,Taxi
Estadio,Exposiciones,11.9,Sabado,15,0,1,1,bajo,Taxi
Universidad,Parque Berrio,16.1,Viernes,17,1,0,0,medio,Metro
Tricentenario,Hospital,13.9,Sabado,14,1,1,0,bajo,Bus
Santa Lucia,Exposiciones,4.3,Viernes,17,1,0,1,medio,Taxi
Acevedo,Estadio,14.8,Domingo,0,0,1,1,bajo,Taxi
La Estrella,Floresta,14.5,Viernes,5,0,0,0,alto,Bus
Sabaneta,Industriales,7.3,Lunes,15,0,0,1,alto,Taxi
Ayura,Cisneros,15.3,Martes,18,1,0,0,alto,Metro
Alpujarra,Poblado,9.4,Lunes,8,1,0,1,bajo,Taxi
Hospital,Universidad,18.7,Miercoles,18,1,0,0,medio,Bus
Alpujarra,Niquia,10.3,Lunes,7,1,0,0,medio,Bus
Tricentenario,Poblado,8.4,Domingo,19,1,1,1,medio,Taxi
Caribe,Universidad,17.0,Sabado,10,0,1,0,medio,Taxi
Itagui,Ayura,10.4,Domingo,1,0,1,0,bajo,Bus
Floresta,Bello,19.4,Miercoles,7,1,0,0,bajo,Bus
Niquia,Caribe,4.8,Miercoles,22,0,0,0,medio,Taxi
San Javier,Alpujarra,14.6,Jueves,17,1,0,1,bajo,Taxi
Caribe,Universidad,19.4,Jueves,18,1,0,0,alto,Bus
Suramericana,Bello,3.8,Viernes,4,0,0,1,medio,Taxi
Cisneros,Universidad,20.0,Martes,13,1,0,0,alto,Bus
Floresta,Ayura,8.6,Lunes,4,0,0,0,medio,Taxi
Itagui,Sabaneta,17.1,Lunes,7,1,0,1,bajo,Taxi
Envigado,San Antonio,7.6,Viernes,19,1,0,1,medio,Taxi
Acevedo,Itagui,15.8,Domingo,0,0,1,1,medio,Taxi
Caribe,Prado,20.0,Miercoles,7,1,0,1,alto,Taxi
Hospital,Sabaneta,8.5,Sabado,16,0,1,0,bajo,Bus
Universidad,Tricentenario,17.5,Domingo,10,0,1,1,bajo,Taxi
Itagui,Acevedo,2.3,Sabado,18,1,1,1,medio,Taxi
Sabaneta,San Javier,11.3,Jueves,23,0,0,1,bajo,Taxi
Aguacatala,La Estrella,11.1,Lunes,20,0,0,1,alto,Taxi
Madera,Alpujarra,18.8,Jueves,5,0,0,1,alto,Taxi
Universidad,Itagui,19.3,Jueves,21,0,0,0,bajo,Bus
Caribe,Exposiciones,10.8,Sabado,16,0,1,0,medio,Taxi
Acevedo,Itagui,19.3,Lunes,17,1,0,1,alto,Taxi
Prado,Caribe,13.0,Jueves,5,0,0,0,medio,Metro
Poblado,San Antonio,13.7,Jueves,5,0,0,0,medio,Taxi
Hospital,San Javier,1.9,Sabado,6,1,1,0,alto,Caminando
Alpujarra,Aguacatala,7.3,Domingo,20,0,1,1,medio,Taxi
Caribe,Floresta,17.9,Sabado,22,0,1,0,alto,Metro
Alpujarra,Bello,10.6,Domingo,21,0,1,1,medio,Taxi
Niquia,Sabaneta,1.9,Domingo,17,1,1,1,medio,Taxi
San Antonio,Sabaneta,3.5,Miercoles,20,0,0,0,alto,Bus
Cisneros,San Javier,16.1,Domingo,17,1,1,0,bajo,Bus
Alpujarra,Parque Berrio,5.3,Lunes,1,0,0,1,bajo,Taxi
Aguacatala,Envigado,8.6,Sabado,2,0,1,1,alto,Taxi
Estadio,Prado,4.9,Miercoles,22,0,0,1,alto,Taxi
San Javier,Bello,3.4,Domingo,4,0,1,1,bajo,Taxi
Aguacatala,Ayura,10.5,Martes,2,0,0,1,alto,Taxi
Prado,Santa Lucia,18.3,Domingo,10,0,1,0,alto,Metro
Niquia,Itagui,8.3,Domingo,12,1,1,1,alto,Taxi
Santa Lucia,Caribe,14.9,Miercoles,5,0,0,1,medio,Taxi
San Antonio,Prado,5.0,Viernes,22,0,0,1,medio,Taxi
Alpujarra,Estadio,9.4,Viernes,5,0,0,1,bajo,Taxi
Envigado,Hospital,14.8,Viernes,16,0,0,0,medio,Taxi
Itagui,San Javier,2.1,Lunes,11,1,0,0,medio,Bus
Madera,Tricentenario,3.7,Viernes,13,1,0,1,medio,Taxi
Floresta,Aguacatala,4.4,Jueves,6,1,0,0,alto,Bus
Floresta,Aguacatala,7.7,Sabado,20,0,1,1,alto,Taxi
Niquia,Envigado,17.5,Jueves,22,0,0,1,medio,Taxi
Industriales,Exposiciones,3.2,Domingo,12,1,1,1,medio,Taxi
Niquia,Sabaneta,4.5,Lunes,12,1,0,0,medio,Bus
Tricentenario,Sabaneta,7.3,Miercoles,14,1,0,1,bajo,Taxi
Niquia,La Estrella,18.1,Sabado,15,0,1,1,alto,Taxi
Niquia,Bello,12.9,Domingo,6,1,1,0,medio,Bus
Acevedo,Bello,12.3,Sabado,22,0,1,1,medio,Taxi
Madera,Poblado,13.5,Viernes,5,0,0,0,bajo,Bus
Sabaneta,Santa Lucia,3.7,Lunes,1,0,0,0,medio,Taxi
Bello,Envigado,6.9,Sabado,3,0,1,0,alto,Metro
Industriales,Madera,5.2,Viernes,22,0,0,1,alto,Taxi
Parque Berrio,San Javier,10.4,Jueves,16,0,0,0,medio,Bus
Santa Lucia,Hospital,7.6,Miercoles,9,0,0,1,alto,Taxi
Universidad,Alpujarra,8.1,Sabado,13,1,1,0,bajo,Bus
Alpujarra,Niquia,19.5,Martes,11,1,0,1,alto,Taxi
Floresta,Universidad,3.3,Jueves,16,0,0,1,alto,Taxi
San Antonio,Poblado,9.7,Lunes,15,0,0,1,bajo,Taxi
Alpujarra,San Javier,13.6,Viernes,17,1,0,1,bajo,Taxi
Madera,Aguacatala,15.4,Martes,18,1,0,1,medio,Taxi
Industriales,Tricentenario,11.6,Viernes,5,0,0,1,medio,Taxi
San Antonio,Madera,8.8,Domingo,3,0,1,0,alto,Taxi
Santa Lucia,Universidad,5.5,Sabado,22,0,1,0,bajo,Bus
Bello,Parque Berrio,16.0,Viernes,4,0,0,0,bajo,Bus
Exposiciones,Envigado,11.1,Sabado,18,1,1,0,alto,Bus
Cisneros,San Javier,12.3,Sabado,11,1,1,1,bajo,Taxi
Suramericana,Universidad,19.9,Domingo,0,0,1,0,bajo,Bus
San Antonio,Sabaneta,8.2,Martes,12,1,0,0,alto,Taxi
Cisneros,Tricentenario,7.7,Jueves,16,0,0,0,bajo,Bus
Envigado,Santa Lucia,5.8,Martes,5,0,0,0,medio,Metro
Envigado,Universidad,19.2,Sabado,23,0,1,1,alto,Taxi
San Antonio,Cisneros,3.1,Miercoles,0,0,0,1,alto,Taxi
Hospital,Industriales,15.4,Domingo,1,0,1,0,alto,Metro
Sabaneta,Universidad,5.0,Sabado,14,1,1,0,alto,Metro
Parque Berrio,Niquia,11.3,Domingo,7,1,1,0,bajo,Bus
Estadio,Parque Berrio,16.6,Domingo,19,1,1,0,medio,Bus
Prado,Suramericana,16.7,Martes,22,0,0,1,bajo,Taxi
Madera,La Estrella,12.6,Viernes,11,1,0,0,alto,Taxi
Alpujarra,Hospital,11.7,Domingo,8,1,1,1,alto,Taxi
Niquia,Bello,18.5,Martes,4,0,0,1,alto,Taxi
Alpujarra,Sabaneta,1.2,Viernes,13,1,0,1,bajo,Taxi
Madera,Tricentenario,14.0,Lunes,8,1,0,1,bajo,Taxi
San Antonio,Caribe,17.6,Martes,11,1,0,1,alto,Taxi
Madera,Estadio,1.3,Sabado,0,0,1,0,alto,Bus
San Antonio,Caribe,15.6,Jueves,18,1,0,1,medio,Taxi
Ayura,Tricentenario,3.8,Martes,10,0,0,1,bajo,Taxi
Hospital,Estadio,4.5,Sabado,14,1,1,1,bajo,Taxi
Sabaneta,Estadio,9.2,Domingo,19,1,1,1,alto,Taxi
Santa Lucia,Parque Berrio,7.0,Viernes,13,1,0,1,medio,Taxi
Cisneros,Itagui,7.6,Viernes,12,1,0,0,alto,Metro
Madera,Bello,18.5,Lunes,4,0,0,1,alto,Taxi
Hospital,Niquia,10.1,Jueves,8,1,0,1,medio,Taxi
Envigado,Cisneros,4.6,Viernes,1,0,0,1,medio,Taxi
Madera,Aguacatala,7.2,Miercoles,10,0,0,1,bajo,Taxi
Ayura,Estadio,5.0,Viernes,5,0,0,0,medio,Bus
Bello,Sabaneta,9.4,Martes,11,1,0,0,medio,Bus
San Antonio,Envigado,3.4,Martes,2,0,0,1,bajo,Taxi
Universidad,San Javier,16.0,Sabado,2,0,1,1,bajo,Taxi
Ayura,Niquia,8.9,Domingo,17,1,1,0,medio,Bus
Sabaneta,Poblado,4.3,Domingo,12,1,1,1,alto,Taxi
Cisneros,Industriales,16.3,Domingo,4,0,1,0,bajo,Bus
Santa Lucia,Niquia,18.6,Sabado,22,0,1,0,bajo,Bus
San Javier,Exposiciones,20.0,Viernes,9,0,0,0,medio,Bus
Itagui,Prado,10.4,Miercoles,21,0,0,0,bajo,Bus
Sabaneta,Industriales,18.6,Jueves,1,0,0,0,bajo,Bus
Madera,Poblado,16.2,Domingo,11,1,1,1,alto,Taxi
Tricentenario,Caribe,6.2,Martes,8,1,0,1,bajo,Taxi
Suramericana,Tricentenario,6.1,Jueves,6,1,0,0,medio,Bus
Madera,Floresta,10.8,Jueves,0,0,0,1,medio,Taxi
Hospital,Cisneros,7.6,Martes,5,0,0,0,medio,Taxi
San Antonio,Parque Berrio,3.1,Miercoles,13,1,0,0,medio,Bus
La Estrella,San Antonio,4.2,Miercoles,3,0,0,0,bajo,Bus
San Javier,Caribe,1.3,Martes,14,1,0,1,alto,Taxi
Alpujarra,Acevedo,5.0,Domingo,9,0,1,1,bajo,Taxi
Industriales,Tricentenario,9.2,Domingo,1,0,1,0,alto,Bus
Aguacatala,San Javier,4.4,Martes,4,0,0,0,bajo,Taxi
Envigado,Poblado,8.1,Lunes,1,0,0,0,medio,Taxi
Suramericana,Cisneros,15.8,Viernes,1,0,0,1,medio,Taxi
Hospital,Universidad,14.4,Miercoles,14,1,0,1,alto,Taxi
Sabaneta,Universidad,17.7,Jueves,7,1,0,1,medio,Taxi
Niquia,Suramericana,13.5,Lunes,17,1,0,1,bajo,Taxi
Aguacatala,Bello,11.3,Domingo,21,0,1,1,medio,Taxi
Santa Lucia,Parque Berrio,14.8,Viernes,13,1,0,0,medio,Taxi
Alpujarra,Acevedo,1.3,Domingo,3,0,1,0,bajo,Caminando
San Javier,San Antonio,16.7,Martes,7,1,0,1,alto,Taxi
Suramericana,Hospital,8.7,Martes,0,0,0,1,alto,Taxi
Poblado,Ayura,1.4,Miercoles,9,0,0,1,medio,Taxi
Santa Lucia,Alpujarra,13.6,Lunes,22,0,0,1,alto,Taxi
Caribe,Estadio,11.5,Martes,3,0,0,0,medio,Taxi
Caribe,Exposiciones,11.2,Miercoles,23,0,0,0,alto,Taxi
Poblado,Envigado,19.7,Viernes,4,0,0,1,alto,Taxi
Itagui,Acevedo,12.8,Jueves,21,0,0,1,medio,Taxi
Madera,Acevedo,16.5,Domingo,19,1,1,1,medio,Taxi
Universidad,Madera,13.2,Miercoles,22,0,0,0,bajo,Bus
Estadio,Hospital,2.0,Sabado,22,0,1,1,alto,Taxi
Prado,Alpujarra,7.7,Domingo,15,0,1,1,medio,Taxi
Niquia,Hospital,19.3,Miercoles,0,0,0,0,medio,Bus
Exposiciones,Universidad,19.6,Viernes,14,1,0,1,bajo,Taxi
Caribe,Santa Lucia,20.0,Miercoles,1,0,0,1,medio,Taxi
Sabaneta,Bello,17.2,Lunes,21,0,0,1,alto,Taxi
La Estrella,Aguacatala,6.9,Lunes,6,1,0,1,alto,Taxi
Acevedo,Universidad,2.7,Viernes,21,0,0,0,medio,Taxi
Madera,Industriales,7.1,Jueves,17,1,0,1,medio,Taxi
Floresta,Santa Lucia,3.5,Lunes,5,0,0,0,alto,Taxi
Prado,Parque Berrio,6.1,Miercoles,12,1,0,1,medio,Taxi
La Estrella,Exposiciones,16.9,Lunes,15,0,0,0,medio,Bus
Prado,Envigado,16.5,Martes,4,0,0,1,medio,Taxi
Hospital,Estadio,9.7,Martes,11,1,0,1,medio,Taxi
Santa Lucia,San Antonio,16.6,Lunes,16,0,0,1,bajo,Taxi
Acevedo,Poblado,1.6,Viernes,20,0,0,0,bajo,Caminando
Envigado,Estadio,4.3,Lunes,5,0,0,0,bajo,Taxi
Aguacatala,San Antonio,5.3,Miercoles,20,0,0,0,medio,Bus
Estadio,Santa Lucia,17.3,Viernes,21,0,0,1,bajo,Taxi
Estadio,Aguacatala,12.4,Domingo,15,0,1,0,alto,Bus
Industriales,Prado,13.8,Domingo,15,0,1,0,medio,Bus
Poblado,Madera,1.8,Viernes,20,0,0,1,bajo,Taxi
Tricentenario,Poblado,17.9,Viernes,21,0,0,1,bajo,Taxi
Cisneros,Hospital,14.3,Miercoles,19,1,0,1,alto,Taxi
Ayura,Industriales,19.3,Jueves,11,1,0,0,medio,Taxi
Parque Berrio,Caribe,11.6,Jueves,5,0,0,0,alto,Taxi
Acevedo,Industriales,12.7,Miercoles,17,1,0,1,alto,Taxi
Ayura,Exposiciones,15.3,Lunes,23,0,0,0,bajo,Bus
Tricentenario,Hospital,14.4,Miercoles,18,1,0,1,alto,Taxi
Niquia,Envigado,1.8,Jueves,8,1,0,0,medio,Caminando
Sabaneta,Envigado,1.7,Martes,1,0,0,0,medio,Caminando
Parque Berrio,Caribe,1.8,Miercoles,23,0,0,1,alto,Taxi
Floresta,Tricentenario,2.1,Miercoles,20,0,0,0,bajo,Metro
Bello,Cisneros,10.5,Jueves,21,0,0,1,alto,Taxi
Madera,La Estrella,12.1,Viernes,13,1,0,0,bajo,Bus
Floresta,Exposiciones,4.1,Jueves,1,0,0,0,medio,Bus
Sabaneta,Madera,9.0,Jueves,1,0,0,0,bajo,Bus
Tricentenario,Industriales,13.1,Miercoles,22,0,0,0,medio,Metro
Parque Berrio,Envigado,10.7,Miercoles,14,1,0,1,bajo,Taxi
Caribe,Itagui,9.9,Viernes,9,0,0,1,bajo,Taxi
Industriales,Poblado,5.9,Martes,10,0,0,0,bajo,Bus
Acevedo,Ayura,2.7,Domingo,6,1,1,1,bajo,Taxi
Madera,Sabaneta,11.9,Miercoles,18,1,0,0,medio,Metro
San Javier,Hospital,1.7,Domingo,10,0,1,0,bajo,Bus
La Estrella,Estadio,15.1,Domingo,5,0,1,0,alto,Metro
Bello,Acevedo,15.6,Miercoles,16,0,0,1,medio,Taxi
Parque Berrio,Industriales,19.6,Viernes,11,1,0,1,bajo,Taxi
Acevedo,Floresta,13.1,Miercoles,3,0,0,1,alto,Taxi
Universidad,Exposiciones,7.6,Miercoles,4,0,0,0,medio,Bus
Niquia,Itagui,5.1,Domingo,10,0,1,0,medio,Taxi
La Estrella,Alpujarra,19.6,Sabado,12,1,1,1,medio,Taxi
Poblado,Prado,9.6,Sabado,16,0,1,0,medio,Metro
Alpujarra,Floresta,12.4,Jueves,9,0,0,0,alto,Metro
Ayura,Parque Berrio,5.9,Domingo,17,1,1,0,bajo,Bus
Floresta,Niquia,11.3,Miercoles,1,0,0,0,medio,Metro
Floresta,Itagui,5.3,Jueves,12,1,0,1,medio,Taxi
San Antonio,San Javier,18.1,Jueves,19,1,0,0,medio,Metro
Acevedo,San Antonio,5.9,Jueves,2,0,0,0,alto,Bus
Caribe,Exposiciones,2.2,Lunes,0,0,0,0,medio,Bus
Parque Berrio,Acevedo,16.9,Jueves,9,0,0,0,bajo,Bus
Acevedo,Santa Lucia,3.2,Sabado,16,0,1,0,alto,Metro
Alpujarra,Tricentenario,12.2,Viernes,0,0,0,0,alto,Taxi
Industriales,Alpujarra,6.0,Martes,22,0,0,1,alto,Taxi
Ayura,Universidad,10.8,Viernes,8,1,0,1,bajo,Taxi
Caribe,Ayura,9.9,Jueves,20,0,0,1,bajo,Taxi
Santa Lucia,Bello,10.8,Lunes,13,1,0,1,bajo,Taxi
Poblado,Industriales,15.7,Martes,6,1,0,1,alto,Taxi
Ayura,Parque Berrio,1.8,Sabado,4,0,1,1,alto,Taxi
Universidad,Estadio,7.1,Sabado,14,1,1,1,alto,Taxi
Tricentenario,Estadio,4.4,Martes,18,1,0,1,alto,Taxi
San Antonio,Envigado,8.6,Miercoles,17,1,0,1,alto,Taxi
Itagui,Acevedo,11.3,Lunes,8,1,0,0,bajo,Bus
Parque Berrio,Acevedo,3.6,Martes,18,1,0,0,bajo,Bus
Industriales,Estadio,7.4,Sabado,1,0,1,1,alto,Taxi
Ayura,Hospital,1.7,Viernes,17,1,0,1,medio,Taxi
San Javier,Niquia,1.2,Lunes,21,0,0,1,bajo,Taxi
Bello,San Antonio,16.2,Martes,12,1,0,0,alto,Taxi
Floresta,Envigado,9.2,Miercoles,11,1,0,0,alto,Bus
Parque Berrio,Industriales,8.6,Sabado,17,1,1,0,bajo,Bus
Santa Lucia,Aguacatala,16.5,Jueves,8,1,0,1,medio,Taxi
Cisneros,San Antonio,14.1,Domingo,6,1,1,1,alto,Taxi
Itagui,Madera,16.4,Domingo,7,1,1,1,bajo,Taxi
Alpujarra,San Javier,4.3,Domingo,4,0,1,1,medio,Taxi
Poblado,Envigado,8.2,Viernes,9,0,0,0,alto,Taxi
Prado,Suramericana,10.3,Lunes,23,0,0,1,alto,Taxi
Hospital,Floresta,9.8,Jueves,17,1,0,1,bajo,Taxi
Madera,Niquia,6.5,Miercoles,5,0,0,1,medio,Taxi
Caribe,Parque Berrio,12.9,Domingo,11,1,1,1,alto,Taxi
La Estrella,Itagui,9.0,Miercoles,13,1,0,0,bajo,Bus
Suramericana,Itagui,4.8,Sabado,23,0,1,0,bajo,Bus
Sabaneta,Acevedo,18.6,Jueves,10,0,0,1,medio,Taxi
Sabaneta,Envigado,9.7,Sabado,16,0,1,0,medio,Metro
Bello,Suramericana,7.8,Lunes,11,1,0,1,bajo,Taxi
Suramericana,Santa Lucia,4.6,Miercoles,14,1,0,1,alto,Taxi
Industriales,Aguacatala,12.7,Lunes,2,0,0,1,bajo,Taxi
Estadio,La Estrella,3.9,Sabado,2,0,1,1,alto,Taxi
Exposiciones,Caribe,17.0,Viernes,12,1,0,0,bajo,Bus
La Estrella,Exposiciones,19.3,Sabado,2,0,1,0,bajo,Bus
Poblado,San Javier,13.5,Miercoles,3,0,0,1,bajo,Taxi
Universidad,Suramericana,1.5,Martes,4,0,0,1,bajo,Taxi
Tricentenario,Poblado,1.2,Miercoles,15,0,0,0,bajo,Caminando
Envigado,Madera,16.3,Viernes,20,0,0,1,bajo,Taxi
Niquia,Exposiciones,11.6,Lunes,9,0,0,1,bajo,Taxi
Sabaneta,Niquia,2.7,Jueves,16,0,0,1,alto,Taxi
Floresta,Industriales,2.9,Viernes,21,0,0,0,bajo,Metro
Acevedo,Santa Lucia,16.3,Martes,10,0,0,0,bajo,Bus
Suramericana,Aguacatala,2.0,Martes,1,0,0,1,bajo,Taxi
Prado,Cisneros,4.4,Miercoles,23,0,0,0,medio,Metro
Universidad,Sabaneta,2.1,Martes,19,1,0,0,alto,Bus
Aguacatala,Cisneros,3.2,Domingo,21,0,1,1,alto,Taxi
San Antonio,Alpujarra,11.8,Martes,3,0,0,0,alto,Metro
Poblado,Caribe,1.2,Martes,20,0,0,0,alto,Bus
San Javier,Sabaneta,8.4,Lunes,13,1,0,1,bajo,Taxi
Itagui,Estadio,15.2,Domingo,7,1,1,1,bajo,Taxi
Madera,Exposiciones,9.4,Jueves,1,0,0,1,bajo,Taxi
Universidad,Industriales,2.3,Lunes,20,0,0,1,alto,Taxi
San Antonio,Madera,5.2,Sabado,8,1,1,1,bajo,Taxi
Universidad,Industriales,19.6,Domingo,16,0,1,0,alto,Taxi
Exposiciones,Santa Lucia,6.0,Miercoles,0,0,0,1,bajo,Taxi
Alpujarra,Exposiciones,10.5,Lunes,12,1,0,0,bajo,Bus
Poblado,Ayura,5.7,Martes,5,0,0,0,medio,Metro
Envigado,Suramericana,3.0,Domingo,14,1,1,1,medio,Taxi
Estadio,Parque Berrio,9.3,Domingo,2,0,1,0,medio,Metro
Suramericana,La Estrella,16.1,Lunes,13,1,0,0,medio,Metro
Caribe,Hospital,9.0,Miercoles,2,0,0,0,bajo,Bus
Suramericana,Caribe,16.2,Domingo,20,0,1,1,alto,Taxi
Santa Lucia,Poblado,2.6,Lunes,2,0,0,0,medio,Bus
Prado,Tricentenario,6.9,Miercoles,2,0,0,1,medio,Taxi
Santa Lucia,Hospital,15.8,Domingo,0,0,1,0,alto,Metro
Caribe,Tricentenario,2.8,Lunes,8,1,0,1,alto,Taxi
Exposiciones,Estadio,10.0,Lunes,23,0,0,1,bajo,Taxi
Universidad,Floresta,8.7,Jueves,13,1,0,1,medio,Taxi
Exposiciones,Tricentenario,14.1,Miercoles,16,0,0,0,medio,Metro
Caribe,La Estrella,8.2,Viernes,14,1,0,1,bajo,Taxi
Cisneros,Madera,11.2,Viernes,19,1,0,1,alto,Taxi
Itagui,Bello,13.0,Martes,6,1,0,0,medio,Bus
Ayura,Floresta,4.7,Miercoles,8,1,0,1,alto,Taxi
Madera,Hospital,11.5,Sabado,12,1,1,1,bajo,Taxi
Parque Berrio,Tricentenario,5.2,Miercoles,19,1,0,1,bajo,Taxi
San Antonio,Ayura,12.4,Lunes,4,0,0,1,alto,Taxi
Universidad,Parque Berrio,8.4,Martes,11,1,0,0,bajo,Bus
San Antonio,Madera,1.5,Jueves,17,1,0,1,alto,Taxi
Alpujarra,Acevedo,2.4,Miercoles,7,1,0,1,medio,Taxi
San Antonio,Acevedo,4.1,Viernes,6,1,0,0,alto,Bus
Suramericana,Santa Lucia,11.3,Lunes,8,1,0,0,bajo,Bus
Industriales,San Antonio,17.3,Martes,13,1,0,0,medio,Bus
Madera,Floresta,18.8,Sabado,0,0,1,0,alto,Taxi
La Estrella,Itagui,11.3,Lunes,9,0,0,1,alto,Taxi
Ayura,Tricentenario,15.0,Domingo,23,0,1,1,alto,Taxi
Tricentenario,Suramericana,19.9,Miercoles,1,0,0,0,bajo,Bus
Hospital,Acevedo,18.5,Lunes,4,0,0,1,medio,Taxi
Hospital,Suramericana,12.3,Domingo,1,0,1,1,alto,Taxi
San Antonio,La Estrella,15.5,Domingo,1,0,1,1,medio,Taxi
Alpujarra,Ayura,6.9,Viernes,1,0,0,0,alto,Bus
Madera,Poblado,1.9,Lunes,10,0,0,1,medio,Taxi
Madera,Industriales,5.0,Sabado,8,1,1,1,alto,Taxi
Universidad,Tricentenario,14.6,Miercoles,9,0,0,0,alto,Taxi
Cisneros,San Javier,1.3,Lunes,5,0,0,0,alto,Caminando
Niquia,San Antonio,14.1,Martes,6,1,0,0,alto,Bus
San Antonio,San Javier,5.3,Jueves,16,0,0,0,medio,Bus
Aguacatala,Acevedo,15.8,Viernes,0,0,0,1,alto,Taxi
Tricentenario,Industriales,4.1,Viernes,4,0,0,1,medio,Taxi
Universidad,Cisneros,17.5,Domingo,16,0,1,1,bajo,Taxi
Bello,Ayura,5.1,Miercoles,15,0,0,0,bajo,Bus
Prado,Caribe,19.7,Lunes,5,0,0,1,bajo,Taxi
Poblado,San Antonio,8.8,Domingo,16,0,1,1,bajo,Taxi
Alpujarra,Madera,3.8,Domingo,2,0,1,0,medio,Taxi
San Javier,Madera,17.7,Martes,5,0,0,0,medio,Metro
Sabaneta,Alpujarra,11.4,Viernes,6,1,0,0,medio,Bus
Industriales,Floresta,12.0,Lunes,4,0,0,0,bajo,Bus
Hospital,Acevedo,2.8,Miercoles,18,1,0,1,medio,Taxi
Alpujarra,Floresta,14.6,Viernes,11,1,0,0,bajo,Bus
Hospital,Madera,13.8,Miercoles,5,0,0,0,bajo,Bus
Santa Lucia,Caribe,3.6,Martes,10,0,0,0,alto,Taxi
Madera,Acevedo,16.3,Viernes,14,1,0,0,medio,Bus
Envigado,Suramericana,12.5,Viernes,16,0,0,1,bajo,Taxi
Alpujarra,Itagui,14.4,Miercoles,21,0,0,1,alto,Taxi
Acevedo,Poblado,12.2,Miercoles,23,0,0,0,bajo,Bus
Floresta,Estadio,18.4,Jueves,8,1,0,0,medio,Bus
Caribe,Tricentenario,18.3,Domingo,14,1,1,0,medio,Bus
Alpujarra,Cisneros,7.7,Sabado,22,0,1,0,bajo,Bus
La Estrella,Santa Lucia,16.4,Domingo,23,0,1,1,alto,Taxi
Estadio,Aguacatala,19.8,Jueves,14,1,0,0,bajo,Bus
Madera,San Javier,3.9,Domingo,16,0,1,0,alto,Taxi
Suramericana,Parque Berrio,12.4,Jueves,20,0,0,0,bajo,Bus
Floresta,Madera,12.9,Lunes,2,0,0,1,bajo,Taxi
Itagui,Acevedo,12.3,Viernes,11,1,0,1,bajo,Taxi
San Antonio,La Estrella,10.4,Jueves,6,1,0,0,medio,Bus
Parque Berrio,Madera,2.9,Viernes,16,0,0,1,alto,Taxi
Madera,Floresta,8.9,Jueves,23,0,0,1,medio,Taxi
Prado,La Estrella,16.0,Sabado,1,0,1,0,bajo,Bus
Poblado,La Estrella,9.5,Martes,8,1,0,1,alto,Taxi
Sabaneta,Industriales,18.5,Martes,9,0,0,1,alto,Taxi
Madera,Santa Lucia,3.9,Lunes,13,1,0,0,bajo,Bus
Caribe,Madera,13.0,Viernes,18,1,0,0,alto,Metro
Tricentenario,Niquia,16.2,Miercoles,20,0,0,1,alto,Taxi
San Javier,Tricentenario,8.1,Jueves,21,0,0,0,bajo,Bus
Exposiciones,Alpujarra,9.6,Martes,0,0,0,1,bajo,Taxi
Ayura,Poblado,12.4,Viernes,10,0,0,0,medio,Bus
Cisneros,Itagui,12.6,Lunes,8,1,0,1,alto,Taxi
Parque Berrio,Floresta,5.5,Jueves,19,1,0,0,bajo,Bus
Caribe,Hospital,17.1,Miercoles,12,1,0,1,medio,Taxi
San Javier,Alpujarra,8.5,Domingo,15,0,1,0,alto,Taxi
Bello,Estadio,9.5,Sabado,23,0,1,0,alto,Metro
Acevedo,Sabaneta,5.3,Domingo,21,0,1,0,medio,Taxi
La Estrella,Ayura,9.3,Sabado,4,0,1,0,bajo,Bus
Tricentenario,Envigado,14.0,Martes,5,0,0,0,medio,Bus
Bello,Envigado,10.2,Miercoles,9,0,0,1,alto,Taxi
Industriales,Itagui,11.5,Domingo,20,0,1,0,alto,Metro
Exposiciones,Floresta,16.7,Martes,3,0,0,1,alto,Taxi
Envigado,Acevedo,6.2,Domingo,16,0,1,0,medio,Taxi
Caribe,Tricentenario,8.9,Lunes,17,1,0,1,bajo,Taxi
Suramericana,Niquia,5.8,Jueves,13,1,0,0,medio,Metro
San Antonio,Bello,7.3,Lunes,15,0,0,1,alto,Taxi
Prado,Parque Berrio,2.4,Jueves,21,0,0,1,medio,Taxi
Envigado,Caribe,9.2,Sabado,15,0,1,1,bajo,Taxi
Caribe,Niquia,6.6,Lunes,6,1,0,1,bajo,Taxi
Estadio,Bello,15.6,Jueves,19,1,0,1,alto,Taxi
Estadio,Bello,10.7,Domingo,2,0,1,0,alto,Metro
San Javier,Bello,15.1,Martes,5,0,0,1,bajo,Taxi
Poblado,Caribe,3.6,Jueves,8,1,0,0,alto,Bus
Floresta,Hospital,9.5,Martes,20,0,0,0,medio,Metro
Bello,Exposiciones,15.1,Sabado,6,1,1,1,medio,Taxi
Cisneros,San Javier,4.4,Jueves,7,1,0,1,alto,Taxi
Bello,Sabaneta,2.3,Domingo,4,0,1,1,alto,Taxi
Industriales,Santa Lucia,9.2,Miercoles,14,1,0,1,bajo,Taxi
Itagui,Madera,5.0,Miercoles,14,1,0,0,bajo,Metro
Universidad,Ayura,3.8,Miercoles,1,0,0,1,bajo,Taxi
Aguacatala,Niquia,9.4,Domingo,21,0,1,1,medio,Taxi
Itagui,Alpujarra,6.9,Sabado,14,1,1,0,bajo,Bus
Acevedo,Exposiciones,3.6,Jueves,13,1,0,0,medio,Metro
San Javier,Sabaneta,18.0,Lunes,5,0,0,0,medio,Taxi
Cisneros,Sabaneta,8.1,Martes,15,0,0,0,bajo,Bus
Bello,San Javier,13.5,Martes,16,0,0,1,medio,Taxi
San Javier,Parque Berrio,13.6,Miercoles,8,1,0,0,alto,Metro
Poblado,San Javier,11.5,Viernes,9,0,0,0,alto,Taxi
Aguacatala,Acevedo,8.5,Viernes,11,1,0,1,medio,Taxi
Alpujarra,Hospital,6.0,Miercoles,23,0,0,0,alto,Metro
Suramericana,Universidad,17.9,Lunes,3,0,0,1,bajo,Taxi
Ayura,Estadio,1.7,Sabado,23,0,1,0,medio,Caminando
Parque Berrio,Tricentenario,18.4,Domingo,9,0,1,0,medio,Bus
Niquia,Estadio,8.0,Lunes,10,0,0,0,medio,Taxi
Prado,Industriales,1.5,Martes,4,0,0,0,bajo,Bus
Ayura,Caribe,5.8,Viernes,6,1,0,0,alto,Bus
Parque Berrio,Ayura,19.8,Viernes,17,1,0,0,alto,Bus
Prado,Estadio,6.1,Lunes,8,1,0,0,medio,Bus
Santa Lucia,Poblado,4.4,Miercoles,20,0,0,0,alto,Taxi
Cisneros,Floresta,3.3,Martes,23,0,0,1,medio,Taxi
Madera,Estadio,4.2,Domingo,7,1,1,0,bajo,Bus
Bello,Cisneros,17.4,Viernes,17,1,0,1,bajo,Taxi
Prado,Itagui,16.4,Viernes,13,1,0,1,medio,Taxi
Cisneros,Industriales,11.8,Jueves,9,0,0,0,bajo,Bus
San Javier,Estadio,1.3,Jueves,13,1,0,0,alto,Caminando
Prado,San Antonio,4.1,Viernes,19,1,0,1,bajo,Taxi
Parque Berrio,Exposiciones,3.6,Domingo,22,0,1,0,alto,Bus
Parque Berrio,Caribe,1.3,Sabado,7,1,1,0,bajo,Bus
Floresta,Acevedo,10.6,Domingo,20,0,1,1,bajo,Taxi
Ayura,Acevedo,15.7,Sabado,19,1,1,0,bajo,Bus
Hospital,Cisneros,2.0,Sabado,15,0,1,1,bajo,Taxi
Prado,Suramericana,15.5,Jueves,7,1,0,0,bajo,Bus
Floresta,Itagui,2.8,Domingo,17,1,1,0,bajo,Bus
Itagui,Aguacatala,16.6,Martes,8,1,0,0,bajo,Bus
La Estrella,San Antonio,5.4,Martes,10,0,0,0,alto,Bus
Parque Berrio,Cisneros,18.7,Viernes,18,1,0,1,alto,Taxi
Estadio,Envigado,3.0,Miercoles,6,1,0,0,alto,Bus
Hospital,Bello,17.8,Domingo,13,1,1,1,bajo,Taxi
La Estrella,Poblado,15.9,Miercoles,6,1,0,0,medio,Metro
Tricentenario,Prado,9.2,Lunes,18,1,0,1,bajo,Taxi
Itagui,Universidad,6.1,Lunes,19,1,0,0,alto,Bus
Envigado,Niquia,10.7,Viernes,22,0,0,1,alto,Taxi
Caribe,Exposiciones,16.9,Domingo,10,0,1,1,medio,Taxi
Sabaneta,La Estrella,4.1,Martes,23,0,0,0,bajo,Taxi
Suramericana,Poblado,15.8,Miercoles,8,1,0,1,medio,Taxi
Exposiciones,Tricentenario,10.0,Jueves,10,0,0,0,medio,Metro
Madera,Parque Berrio,10.4,Viernes,12,1,0,1,bajo,Taxi
Estadio,Madera,10.1,Sabado,0,0,1,0,bajo,Bus
Floresta,Cisneros,11.4,Lunes,20,0,0,1,bajo,Taxi
Bello,Alpujarra,10.8,Lunes,21,0,0,0,alto,Metro
Alpujarra,Parque Berrio,18.8,Domingo,12,1,1,1,medio,Taxi
Acevedo,Niquia,3.5,Martes,11,1,0,0,bajo,Bus
Envigado,Parque Berrio,4.3,Viernes,0,0,0,0,bajo,Bus
Bello,Alpujarra,12.6,Lunes,21,0,0,0,medio,Metro
Tricentenario,Prado,12.9,Jueves,20,0,0,0,medio,Metro
Estadio,Santa Lucia,5.9,Lunes,4,0,0,1,bajo,Taxi
Sabaneta,Prado,3.8,Viernes,11,1,0,0,medio,Metro
Ayura,Industriales,10.4,Domingo,18,1,1,0,medio,Metro
Alpujarra,Sabaneta,12.4,Viernes,16,0,0,1,bajo,Taxi
Madera,Ayura,9.3,Domingo,11,1,1,0,alto,Metro
Santa Lucia,Poblado,10.4,Jueves,9,0,0,0,alto,Taxi
Niquia,Alpujarra,18.6,Jueves,10,0,0,0,medio,Bus
Caribe,Acevedo,18.0,Martes,16,0,0,0,medio,Taxi
Alpujarra,Ayura,13.2,Miercoles,16,0,0,1,bajo,Taxi
Industriales,La Estrella,8.6,Jueves,0,0,0,0,alto,Bus
Acevedo,Suramericana,3.8,Domingo,23,0,1,1,bajo,Taxi
Parque Berrio,Exposiciones,11.8,Domingo,22,0,1,0,alto,Taxi
Cisneros,Poblado,2.4,Martes,4,0,0,1,medio,Taxi
Industriales,Niquia,18.9,Viernes,21,0,0,1,medio,Taxi
La Estrella,Sabaneta,11.8,Lunes,7,1,0,0,alto,Bus
Parque Berrio,La Estrella,9.7,Miercoles,15,0,0,1,medio,Taxi
Santa Lucia,Prado,5.5,Martes,5,0,0,1,alto,Taxi
Itagui,Aguacatala,8.1,Lunes,11,1,0,1,alto,Taxi
Industriales,Suramericana,7.2,Miercoles,5,0,0,0,bajo,Bus
Madera,Floresta,13.2,Miercoles,12,1,0,0,alto,Bus
Cisneros,Envigado,9.0,Lunes,3,0,0,1,alto,Taxi
Sabaneta,Envigado,5.1,Viernes,7,1,0,0,alto,Bus
Hospital,Caribe,5.3,Martes,6,1,0,1,alto,Taxi
Madera,Estadio,13.5,Miercoles,20,0,0,0,bajo,Bus
Poblado,Parque Berrio,5.0,Miercoles,9,0,0,0,bajo,Bus
Acevedo,Cisneros,19.1,Martes,1,0,0,1,medio,Taxi
Aguacatala,Itagui,9.7,Miercoles,19,1,0,1,medio,Taxi
San Antonio,Alpujarra,10.8,Sabado,14,1,1,0,bajo,Bus
Alpujarra,San Antonio,11.3,Viernes,22,0,0,0,bajo,Bus
Universidad,San Antonio,15.9,Martes,18,1,0,1,medio,Taxi
La Estrella,Alpujarra,16.6,Lunes,13,1,0,0,medio,Metro
Itagui,Madera,2.4,Miercoles,20,0,0,0,alto,Taxi
Prado,Poblado,19.3,Jueves,19,1,0,1,medio,Taxi
Aguacatala,Alpujarra,18.0,Domingo,0,0,1,0,alto,Metro
Madera,Hospital,17.8,Domingo,19,1,1,0,medio,Bus
Parque Berrio,Floresta,3.9,Jueves,2,0,0,0,bajo,Taxi
Tricentenario,Suramericana,1.2,Martes,13,1,0,0,medio,Caminando
La Estrella,Prado,14.7,Domingo,19,1,1,1,bajo,Taxi
Acevedo,Sabaneta,18.6,Martes,4,0,0,0,bajo,Bus
Exposiciones,Floresta,3.6,Martes,13,1,0,1,alto,Taxi
La Estrella,Aguacatala,15.3,Viernes,5,0,0,1,alto,Taxi
Floresta,Envigado,6.5,Jueves,20,0,0,0,medio,Bus
Suramericana,Acevedo,9.5,Viernes,12,1,0,0,alto,Taxi
Poblado,Floresta,10.8,Domingo,18,1,1,0,alto,Bus
Envigado,Hospital,10.7,Lunes,5,0,0,1,bajo,Taxi
Poblado,Aguacatala,1.6,Sabado,1,0,1,0,medio,Caminando
Aguacatala,Sabaneta,1.2,Domingo,16,0,1,1,medio,Taxi
Poblado,Hospital,4.4,Sabado,15,0,1,0,bajo,Taxi
Alpujarra,Bello,16.9,Viernes,14,1,0,0,medio,Taxi
Bello,Sabaneta,2.1,Lunes,20,0,0,1,alto,Taxi
Madera,La Estrella,15.2,Domingo,20,0,1,0,medio,Bus
Caribe,Parque Berrio,9.8,Martes,8,1,0,1,medio,Taxi
Tricentenario,Madera,16.1,Miercoles,16,0,0,0,medio,Metro
Suramericana,San Javier,4.3,Martes,20,0,0,1,medio,Taxi
Suramericana,Acevedo,8.7,Jueves,3,0,0,0,bajo,Bus
Exposiciones,Itagui,5.6,Miercoles,14,1,0,1,bajo,Taxi
Tricentenario,Universidad,16.7,Viernes,0,0,0,0,medio,Metro
Floresta,Universidad,9.2,Viernes,13,1,0,1,bajo,Taxi
Itagui,Parque Berrio,14.2,Jueves,3,0,0,0,alto,Metro
La Estrella,Cisneros,10.5,Jueves,19,1,0,0,alto,Bus
Exposiciones,Alpujarra,15.5,Lunes,19,1,0,1,medio,Taxi
Suramericana,Bello,10.2,Sabado,0,0,1,0,alto,Metro
Itagui,Estadio,13.1,Viernes,10,0,0,0,medio,Bus
San Antonio,Estadio,5.1,Martes,16,0,0,0,bajo,Bus
Caribe,San Antonio,14.6,Sabado,14,1,1,1,alto,Taxi
Caribe,Bello,13.7,Viernes,16,0,0,1,medio,Taxi
Sabaneta,Ayura,13.4,Jueves,6,1,0,1,medio,Taxi
Aguacatala,Hospital,19.2,Lunes,21,0,0,0,alto,Metro
Tricentenario,Poblado,9.7,Viernes,2,0,0,0,bajo,Bus
Poblado,Aguacatala,3.0,Lunes,16,0,0,0,bajo,Bus
San Javier,San Antonio,8.3,Lunes,13,1,0,0,medio,Metro
Exposiciones,La Estrella,11.9,Jueves,7,1,0,0,bajo,Bus
Madera,Parque Berrio,1.1,Sabado,10,0,1,0,alto,Caminando
Itagui,Caribe,17.0,Miercoles,10,0,0,1,bajo,Taxi
Madera,Hospital,18.1,Lunes,8,1,0,1,alto,Taxi
Envigado,San Javier,12.3,Jueves,9,0,0,0,bajo,Bus
La Estrella,San Antonio,4.3,Jueves,19,1,0,1,medio,Taxi
Aguacatala,Ayura,7.2,Martes,15,0,0,1,medio,Taxi
San Antonio,Floresta,6.1,Jueves,0,0,0,0,medio,Bus
Exposiciones,La Estrella,15.4,Domingo,1,0,1,1,medio,Taxi
Prado,Bello,15.8,Jueves,19,1,0,1,medio,Taxi
Niquia,Floresta,15.0,Viernes,7,1,0,1,alto,Taxi
Tricentenario,Madera,8.8,Viernes,21,0,0,1,medio,Taxi
Parque Berrio,Santa Lucia,4.5,Viernes,13,1,0,0,medio,Bus
Envigado,San Javier,5.8,Lunes,7,1,0,1,alto,Taxi
Madera,San Javier,11.0,Jueves,1,0,0,1,medio,Taxi
Hospital,Alpujarra,6.0,Lunes,16,0,0,1,alto,Taxi
Acevedo,Caribe,13.8,Lunes,12,1,0,1,medio,Taxi
Bello,Sabaneta,3.5,Miercoles,4,0,0,0,alto,Taxi
Caribe,Sabaneta,15.3,Jueves,6,1,0,0,bajo,Bus
Alpujarra,Exposiciones,1.4,Domingo,20,0,1,0,alto,Caminando
Cisneros,Itagui,14.6,Jueves,16,0,0,0,alto,Bus
Parque Berrio,Caribe,13.1,Martes,13,1,0,1,medio,Taxi
Sabaneta,Cisneros,13.6,Domingo,15,0,1,1,alto,Taxi
Madera,San Antonio,10.2,Viernes,10,0,0,0,medio,Bus
Bello,Sabaneta,19.8,Sabado,11,1,1,1,bajo,Taxi
La Estrella,Poblado,16.6,Viernes,9,0,0,1,bajo,Taxi
Itagui,Tricentenario,19.0,Viernes,7,1,0,1,bajo,Taxi
Suramericana,Tricentenario,14.9,Sabado,10,0,1,0,medio,Bus
Acevedo,Exposiciones,5.6,Jueves,15,0,0,1,medio,Taxi
Ayura,Aguacatala,6.4,Lunes,18,1,0,0,alto,Bus
Universidad,Cisneros,4.4,Viernes,8,1,0,0,medio,Bus
Industriales,Sabaneta,11.3,Domingo,6,1,1,0,bajo,Bus
Caribe,Envigado,10.9,Lunes,21,0,0,0,medio,Taxi
Aguacatala,Bello,7.8,Jueves,12,1,0,0,bajo,Bus
Alpujarra,Caribe,12.8,Jueves,21,0,0,1,medio,Taxi
Alpujarra,La Estrella,2.1,Miercoles,10,0,0,1,bajo,Taxi
Itagui,Floresta,1.2,Jueves,9,0,0,1,bajo,Taxi
Santa Lucia,Hospital,3.6,Domingo,0,0,1,1,bajo,Taxi
Itagui,Acevedo,12.9,Domingo,10,0,1,0,alto,Taxi
Suramericana,Caribe,17.6,Miercoles,22,0,0,0,alto,Bus
Estadio,Universidad,14.5,Domingo,13,1,1,0,bajo,Bus
Santa Lucia,Acevedo,2.5,Lunes,1,0,0,1,alto,Taxi
Alpujarra,Caribe,14.0,Jueves,11,1,0,1,medio,Taxi
Itagui,Envigado,13.6,Sabado,7,1,1,1,alto,Taxi
Bello,Sabaneta,10.6,Miercoles,2,0,0,1,medio,Taxi
Parque Berrio,Envigado,12.1,Viernes,2,0,0,1,medio,Taxi
San Antonio,Cisneros,10.8,Martes,7,1,0,1,alto,Taxi
Hospital,Universidad,8.7,Viernes,7,1,0,0,alto,Metro
Poblado,Acevedo,12.9,Domingo,15,0,1,1,medio,Taxi
Exposiciones,Caribe,20.0,Sabado,5,0,1,0,bajo,Bus
Bello,Industriales,9.8,Jueves,9,0,0,1,bajo,Taxi
Poblado,Bello,17.9,Viernes,13,1,0,1,alto,Taxi
Suramericana,Tricentenario,5.4,Domingo,20,0,1,1,medio,Taxi
Santa Lucia,Envigado,18.9,Jueves,6,1,0,0,medio,Metro
Poblado,Aguacatala,11.4,Jueves,20,0,0,0,bajo,Bus
Sabaneta,Envigado,5.5,Miercoles,12,1,0,0,medio,Bus
Industriales,La Estrella,3.5,Martes,1,0,0,1,medio,Taxi
Itagui,Exposiciones,9.5,Martes,20,0,0,0,medio,Taxi
Prado,Industriales,17.2,Miercoles,9,0,0,0,bajo,Bus
San Antonio,Industriales,3.5,Lunes,7,1,0,1,medio,Taxi
Universidad,Exposiciones,12.7,Jueves,13,1,0,1,bajo,Taxi
Madera,Envigado,15.1,Sabado,10,0,1,0,medio,Taxi
Acevedo,Industriales,16.6,Domingo,22,0,1,1,medio,Taxi
Ayura,Madera,12.6,Lunes,4,0,0,1,medio,Taxi
Poblado,Exposiciones,13.2,Lunes,18,1,0,0,alto,Metro
Bello,Industriales,17.4,Viernes,19,1,0,1,medio,Taxi
Universidad,Exposiciones,1.7,Miercoles,20,0,0,0,alto,Bus
Estadio,San Antonio,17.4,Jueves,10,0,0,1,bajo,Taxi
Madera,Poblado,16.6,Viernes,17,1,0,1,alto,Taxi
Suramericana,Cisneros,13.4,Sabado,3,0,1,0,medio,Taxi
Universidad,Aguacatala,2.9,Domingo,4,0,1,0,bajo,Bus
Suramericana,San Antonio,14.4,Sabado,5,0,1,1,bajo,Taxi
Caribe,Bello,14.9,Lunes,13,1,0,1,medio,Taxi
Parque Berrio,Aguacatala,3.5,Viernes,21,0,0,0,medio,Bus
Parque Berrio,Envigado,4.6,Lunes,12,1,0,1,alto,Taxi
Hospital,Bello,4.7,Jueves,22,0,0,0,medio,Metro
San Javier,Universidad,13.7,Viernes,8,1,0,0,alto,Bus
Suramericana,Alpujarra,17.1,Martes,4,0,0,0,bajo,Bus
Tricentenario,Parque Berrio,5.4,Viernes,3,0,0,0,medio,Taxi
San Antonio,Ayura,5.0,Viernes,17,1,0,1,alto,Taxi
Hospital,Ayura,4.8,Jueves,17,1,0,0,alto,Bus
Cisneros,Envigado,18.1,Martes,11,1,0,1,alto,Taxi
Itagui,Exposiciones,2.7,Jueves,23,0,0,0,bajo,Metro
Niquia,Itagui,3.9,Domingo,10,0,1,1,bajo,Taxi
Niquia,Acevedo,10.8,Domingo,22,0,1,1,alto,Taxi
Aguacatala,Hospital,16.7,Viernes,10,0,0,1,alto,Taxi
Estadio,Acevedo,14.6,Domingo,22,0,1,1,alto,Taxi
Alpujarra,Prado,19.6,Martes,8,1,0,1,bajo,Taxi
Alpujarra,San Javier,6.0,Lunes,4,0,0,0,medio,Metro
Alpujarra,Bello,4.9,Lunes,5,0,0,0,bajo,Bus
Envigado,Bello,5.5,Viernes,15,0,0,0,bajo,Bus
Aguacatala,Acevedo,5.0,Viernes,22,0,0,0,bajo,Bus
Alpujarra,Floresta,13.4,Domingo,21,0,1,1,bajo,Taxi
Parque Berrio,San Antonio,8.7,Miercoles,19,1,0,0,medio,Bus
Acevedo,Santa Lucia,11.3,Viernes,15,0,0,0,alto,Taxi
Alpujarra,San Antonio,2.8,Domingo,13,1,1,1,medio,Taxi
La Estrella,Sabaneta,2.5,Martes,0,0,0,1,bajo,Taxi
Estadio,Niquia,9.8,Jueves,20,0,0,0,alto,Taxi
San Antonio,Bello,9.6,Sabado,17,1,1,0,alto,Metro
Itagui,Bello,3.4,Domingo,12,1,1,1,alto,Taxi
Madera,San Antonio,3.7,Lunes,18,1,0,1,medio,Taxi
La Estrella,Alpujarra,16.8,Viernes,6,1,0,1,medio,Taxi
Parque Berrio,Caribe,16.3,Domingo,7,1,1,1,medio,Taxi
Suramericana,Industriales,19.3,Martes,13,1,0,1,medio,Taxi
Parque Berrio,Niquia,1.8,Domingo,14,1,1,1,medio,Taxi
Niquia,Prado,7.1,Sabado,4,0,1,1,alto,Taxi
Parque Berrio,Tricentenario,1.2,Miercoles,9,0,0,1,alto,Taxi
Floresta,Itagui,3.6,Lunes,7,1,0,0,bajo,Bus
La Estrella,Niquia,13.2,Jueves,23,0,0,0,bajo,Bus
Tricentenario,Madera,5.7,Miercoles,7,1,0,0,medio,Bus
Floresta,Caribe,6.3,Viernes,9,0,0,0,medio,Metro
Aguacatala,Sabaneta,5.6,Domingo,20,0,1,0,alto,Taxi
Tricentenario,Estadio,18.6,Miercoles,6,1,0,0,medio,Metro
Cisneros,Itagui,9.0,Jueves,0,0,0,1,bajo,Taxi
Floresta,Bello,10.9,Sabado,11,1,1,0,alto,Taxi
Cisneros,Madera,8.7,Martes,13,1,0,0,medio,Metro
San Javier,Hospital,4.8,Jueves,5,0,0,0,medio,Taxi
Envigado,Ayura,8.6,Lunes,3,0,0,0,medio,Metro
Alpujarra,Parque Berrio,16.7,Jueves,19,1,0,1,alto,Taxi
San Antonio,Acevedo,7.8,Domingo,1,0,1,0,alto,Taxi
Cisneros,Exposiciones,6.7,Jueves,15,0,0,0,medio,Bus
San Antonio,Universidad,5.1,Lunes,22,0,0,1,bajo,Taxi
San Javier,San Antonio,6.2,Domingo,0,0,1,0,medio,Bus
Madera,Aguacatala,1.9,Martes,16,0,0,1,bajo,Taxi
Floresta,Sabaneta,17.0,Sabado,2,0,1,1,bajo,Taxi
Prado,La Estrella,14.7,Domingo,23,0,1,1,alto,Taxi
Bello,Estadio,18.0,Jueves,4,0,0,0,bajo,Bus
Industriales,Suramericana,10.4,Sabado,10,0,1,0,alto,Bus
Bello,Industriales,10.9,Viernes,13,1,0,0,alto,Taxi
Itagui,Ayura,3.0,Sabado,8,1,1,1,medio,Taxi
San Javier,La Estrella,19.7,Domingo,6,1,1,0,bajo,Bus
Caribe,La Estrella,18.6,Miercoles,1,0,0,1,medio,Taxi
San Antonio,La Estrella,9.9,Martes,23,0,0,1,medio,Taxi
Poblado,Universidad,15.6,Jueves,11,1,0,0,alto,Metro
Prado,Ayura,19.6,Miercoles,3,0,0,1,bajo,Taxi
Industriales,Estadio,15.7,Lunes,7,1,0,1,alto,Taxi
Caribe,Ayura,7.3,Sabado,3,0,1,1,alto,Taxi
Universidad,Bello,14.4,Domingo,4,0,1,0,medio,Bus
Alpujarra,Bello,18.7,Sabado,11,1,1,0,alto,Bus
Universidad,Acevedo,6.8,Martes,19,1,0,1,alto,Taxi
Parque Berrio,Floresta,14.8,Martes,21,0,0,1,alto,Taxi
Hospital,Parque Berrio,4.5,Sabado,3,0,1,0,medio,Taxi
Poblado,Floresta,1.3,Viernes,5,0,0,1,alto,Taxi
Poblado,Caribe,12.4,Martes,8,1,0,1,bajo,Taxi
Itagui,Poblado,9.3,Martes,9,0,0,0,medio,Metro
Estadio,Tricentenario,2.9,Jueves,7,1,0,1,alto,Taxi
Santa Lucia,Madera,4.5,Lunes,6,1,0,1,alto,Taxi
Parque Berrio,Madera,4.2,Domingo,12,1,1,0,alto,Bus
San Javier,Industriales,12.9,Martes,3,0,0,1,bajo,Taxi
San Javier,Madera,13.3,Jueves,14,1,0,1,alto,Taxi
Exposiciones,Ayura,2.4,Lunes,2,0,0,0,alto,Metro
Parque Berrio,Alpujarra,7.4,Martes,16,0,0,1,bajo,Taxi
La Estrella,Exposiciones,7.3,Jueves,23,0,0,0,alto,Metro
Industriales,Parque Berrio,4.5,Sabado,13,1,1,1,medio,Taxi
Niquia,Madera,18.6,Sabado,2,0,1,0,medio,Bus
Caribe,Exposiciones,4.0,Domingo,22,0,1,0,alto,Metro
Madera,Sabaneta,7.3,Viernes,19,1,0,1,medio,Taxi
Exposiciones,Alpujarra,8.7,Domingo,4,0,1,0,medio,Taxi
Sabaneta,Estadio,9.3,Domingo,6,1,1,1,medio,Taxi
Aguacatala,Parque Berrio,3.5,Sabado,8,1,1,1,bajo,Taxi
San Javier,Poblado,13.7,Miercoles,0,0,0,1,alto,Taxi
Santa Lucia,Estadio,19.9,Jueves,7,1,0,1,bajo,Taxi
Universidad,Niquia,1.3,Miercoles,16,0,0,1,alto,Taxi
Estadio,Alpujarra,12.8,Sabado,2,0,1,0,medio,Taxi
San Antonio,Itagui,12.9,Domingo,19,1,1,1,bajo,Taxi
Suramericana,La Estrella,11.0,Jueves,11,1,0,0,bajo,Bus
Parque Berrio,Aguacatala,18.0,Martes,0,0,0,0,alto,Taxi
Industriales,Universidad,1.1,Domingo,0,0,1,0,medio,Bus
Prado,Aguacatala,2.5,Domingo,13,1,1,0,medio,Taxi
Itagui,Floresta,15.7,Martes,13,1,0,0,bajo,Bus
Acevedo,Ayura,18.7,Domingo,1,0,1,0,medio,Bus
Floresta,Aguacatala,4.2,Miercoles,13,1,0,0,bajo,Metro
Envigado,Suramericana,9.3,Sabado,5,0,1,0,bajo,Bus
Universidad,Prado,9.3,Miercoles,11,1,0,0,medio,Metro
San Javier,Estadio,3.0,Miercoles,17,1,0,1,alto,Taxi
Acevedo,Suramericana,4.8,Jueves,18,1,0,0,alto,Bus
Industriales,Itagui,6.2,Lunes,23,0,0,0,medio,Bus
Itagui,Cisneros,16.0,Viernes,10,0,0,1,bajo,Taxi
Industriales,Suramericana,7.9,Miercoles,10,0,0,1,bajo,Taxi
La Estrella,Parque Berrio,10.8,Viernes,15,0,0,0,bajo,Bus
Tricentenario,San Javier,5.3,Miercoles,8,1,0,0,bajo,Bus
Exposiciones,La Estrella,8.7,Jueves,13,1,0,0,medio,Metro
San Antonio,Cisneros,15.4,Lunes,14,1,0,1,medio,Taxi
Ayura,La Estrella,7.5,Miercoles,20,0,0,1,bajo,Taxi
Aguacatala,Estadio,14.0,Miercoles,10,0,0,0,bajo,Bus
Exposiciones,Poblado,13.9,Sabado,18,1,1,0,alto,Bus
Industriales,La Estrella,16.1,Lunes,17,1,0,1,bajo,Taxi
Floresta,San Javier,17.8,Sabado,20,0,1,1,bajo,Taxi
Madera,Ayura,4.3,Martes,23,0,0,0,bajo,Bus
Prado,Aguacatala,7.3,Domingo,4,0,1,0,alto,Taxi
Sabaneta,Caribe,11.0,Jueves,21,0,0,0,medio,Taxi
San Antonio,Floresta,8.7,Martes,17,1,0,0,bajo,Bus
Tricentenario,La Estrella,10.6,Domingo,3,0,1,0,bajo,Bus
Estadio,Santa Lucia,19.4,Viernes,4,0,0,1,bajo,Taxi
Ayura,Sabaneta,15.0,Lunes,12,1,0,0,bajo,Bus
Tricentenario,Parque Berrio,17.2,Domingo,7,1,1,1,bajo,Taxi
Exposiciones,Floresta,13.1,Miercoles,6,1,0,0,medio,Metro
Hospital,Madera,15.1,Lunes,17,1,0,0,alto,Metro
Exposiciones,Niquia,15.4,Lunes,20,0,0,0,alto,Metro
Acevedo,Prado,7.3,Viernes,6,1,0,1,medio,Taxi
Estadio,Poblado,8.3,Lunes,3,0,0,0,bajo,Bus
Hospital,Poblado,1.7,Martes,12,1,0,1,medio,Taxi
Poblado,Hospital,15.7,Jueves,11,1,0,1,alto,Taxi
Prado,San Javier,10.5,Domingo,14,1,1,1,bajo,Taxi
Hospital,Sabaneta,19.6,Sabado,20,0,1,0,medio,Taxi
Estadio,Prado,17.9,Domingo,11,1,1,1,bajo,Taxi
Suramericana,Itagui,16.6,Domingo,8,1,1,1,medio,Taxi
Acevedo,Exposiciones,14.6,Martes,13,1,0,0,alto,Bus
Santa Lucia,Floresta,9.7,Sabado,10,0,1,0,alto,Taxi
Universidad,Exposiciones,15.9,Martes,1,0,0,1,alto,Taxi
Prado,Itagui,5.0,Miercoles,0,0,0,1,alto,Taxi
Envigado,Industriales,17.7,Miercoles,23,0,0,0,bajo,Bus
Bello,Alpujarra,19.1,Jueves,19,1,0,0,medio,Bus
Madera,Tricentenario,10.0,Jueves,7,1,0,1,medio,Taxi
Estadio,Itagui,9.1,Domingo,18,1,1,1,bajo,Taxi
Tricentenario,Parque Berrio,8.8,Martes,19,1,0,0,alto,Bus
Envigado,Hospital,16.7,Martes,20,0,0,1,bajo,Taxi
Tricentenario,Prado,6.5,Miercoles,2,0,0,1,medio,Taxi
Alpujarra,Hospital,6.6,Martes,8,1,0,0,bajo,Bus
Acevedo,Universidad,1.9,Jueves,17,1,0,1,alto,Taxi
Madera,Parque Berrio,17.2,Domingo,13,1,1,1,alto,Taxi
Itagui,Caribe,8.2,Sabado,17,1,1,1,alto,Taxi
Santa Lucia,Envigado,19.6,Miercoles,9,0,0,0,medio,Taxi
Envigado,Bello,14.6,Jueves,8,1,0,1,medio,Taxi
Bello,Sabaneta,6.8,Sabado,10,0,1,1,alto,Taxi
Itagui,San Antonio,12.0,Lunes,20,0,0,1,medio,Taxi
Floresta,Itagui,6.3,Jueves,21,0,0,0,alto,Taxi
Tricentenario,Floresta,18.3,Sabado,18,1,1,1,medio,Taxi
Exposiciones,Poblado,7.0,Miercoles,17,1,0,0,bajo,Bus
Santa Lucia,Caribe,3.1,Lunes,18,1,0,1,bajo,Taxi
Suramericana,Alpujarra,14.5,Viernes,11,1,0,1,alto,Taxi
Exposiciones,Alpujarra,4.3,Lunes,6,1,0,0,bajo,Bus
Santa Lucia,Alpujarra,5.0,Jueves,3,0,0,1,bajo,Taxi
Exposiciones,Bello,8.9,Sabado,17,1,1,1,medio,Taxi
La Estrella,Poblado,12.0,Jueves,20,0,0,0,medio,Bus
Alpujarra,La Estrella,2.5,Jueves,2,0,0,0,bajo,Metro
Santa Lucia,Estadio,12.5,Sabado,4,0,1,1,medio,Taxi
Bello,Universidad,12.5,Lunes,14,1,0,1,medio,Taxi
Suramericana,Industriales,4.7,Miercoles,0,0,0,1,bajo,Taxi
Caribe,Envigado,10.9,Martes,9,0,0,1,bajo,Taxi
Estadio,Itagui,18.4,Viernes,14,1,0,1,bajo,Taxi
San Antonio,Suramericana,18.6,Viernes,10,0,0,0,bajo,Bus
Floresta,Estadio,1.2,Viernes,5,0,0,1,alto,Taxi
Exposiciones,Prado,13.5,Viernes,3,0,0,0,bajo,Bus
Estadio,Floresta,7.8,Martes,2,0,0,0,alto,Taxi
Envigado,San Javier,18.6,Miercoles,8,1,0,0,medio,Bus
Ayura,La Estrella,6.2,Sabado,5,0,1,0,bajo,Bus
Industriales,Parque Berrio,16.9,Sabado,14,1,1,1,medio,Taxi
Acevedo,San Antonio,18.1,Lunes,7,1,0,0,medio,Bus
Bello,Universidad,1.0,Sabado,22,0,1,0,medio,Caminando
Hospital,Parque Berrio,18.1,Jueves,14,1,0,1,bajo,Taxi
Sabaneta,La Estrella,3.1,Sabado,19,1,1,0,bajo,Bus
Floresta,Madera,9.2,Sabado,10,0,1,1,alto,Taxi
La Estrella,Madera,4.5,Jueves,1,0,0,0,alto,Bus
Bello,San Javier,18.7,Viernes,3,0,0,1,alto,Taxi
Ayura,Tricentenario,19.4,Domingo,0,0,1,1,medio,Taxi
Prado,Parque Berrio,18.1,Sabado,1,0,1,1,alto,Taxi
Alpujarra,Tricentenario,17.5,Domingo,14,1,1,0,medio,Bus
Aguacatala,Madera,2.5,Viernes,23,0,0,0,alto,Taxi
Ayura,Santa Lucia,8.3,Viernes,15,0,0,0,bajo,Bus
Bello,Prado,16.5,Viernes,3,0,0,0,bajo,Bus
La Estrella,Itagui,1.0,Martes,18,1,0,1,bajo,Taxi
Alpujarra,Exposiciones,5.4,Sabado,19,1,1,1,medio,Taxi
Floresta,Tricentenario,13.9,Martes,23,0,0,0,bajo,Bus
Floresta,Cisneros,18.6,Miercoles,12,1,0,1,bajo,Taxi
Envigado,Suramericana,8.7,Martes,1,0,0,1,alto,Taxi
Santa Lucia,Cisneros,9.3,Martes,15,0,0,1,alto,Taxi
Suramericana,Parque Berrio,5.1,Lunes,16,0,0,1,alto,Taxi
Poblado,San Javier,1.8,Sabado,6,1,1,1,alto,Taxi
Acevedo,Alpujarra,8.8,Viernes,12,1,0,0,bajo,Bus
San Antonio,Parque Berrio,9.5,Domingo,16,0,1,0,bajo,Bus
Niquia,Bello,14.3,Sabado,21,0,1,1,alto,Taxi
Parque Berrio,Itagui,15.5,Viernes,20,0,0,1,medio,Taxi
Industriales,Ayura,9.7,Miercoles,5,0,0,1,bajo,Taxi
Niquia,Cisneros,4.3,Sabado,22,0,1,1,alto,Taxi
Itagui,Ayura,13.1,Lunes,10,0,0,0,alto,Taxi
Suramericana,Hospital,11.6,Lunes,3,0,0,0,alto,Metro
Parque Berrio,Niquia,9.2,Lunes,8,1,0,0,bajo,Bus
Floresta,Cisneros,1.9,Martes,19,1,0,0,medio,Caminando
Ayura,Santa Lucia,3.6,Martes,4,0,0,1,bajo,Taxi
Acevedo,Itagui,16.0,Miercoles,14,1,0,1,bajo,Taxi
Caribe,Santa Lucia,18.4,Domingo,2,0,1,1,bajo,Taxi
Universidad,Santa Lucia,2.9,Jueves,17,1,0,0,medio,Bus
Santa Lucia,Acevedo,6.3,Miercoles,5,0,0,1,bajo,Taxi
Santa Lucia,San Javier,4.5,Domingo,8,1,1,1,bajo,Taxi
Industriales,Itagui,10.5,Miercoles,1,0,0,0,medio,Bus
San Antonio,San Javier,17.4,Viernes,23,0,0,0,bajo,Bus
Estadio,Sabaneta,5.9,Domingo,23,0,1,1,bajo,Taxi
Poblado,Industriales,16.5,Jueves,13,1,0,1,medio,Taxi
Itagui,Tricentenario,4.2,Jueves,12,1,0,1,bajo,Taxi
Itagui,Hospital,5.6,Miercoles,3,0,0,0,bajo,Bus
Envigado,Tricentenario,11.4,Miercoles,23,0,0,0,alto,Taxi
Poblado,Exposiciones,13.9,Sabado,7,1,1,1,bajo,Taxi
La Estrella,Tricentenario,3.2,Miercoles,3,0,0,0,alto,Bus
Poblado,Exposiciones,16.1,Viernes,9,0,0,1,alto,Taxi
San Antonio,Santa Lucia,17.8,Miercoles,22,0,0,0,alto,Taxi
Madera,Alpujarra,15.9,Sabado,16,0,1,0,alto,Metro
Universidad,Madera,9.3,Domingo,17,1,1,1,bajo,Taxi
Acevedo,Industriales,7.2,Martes,0,0,0,1,bajo,Taxi
Parque Berrio,Niquia,6.4,Jueves,0,0,0,1,alto,Taxi
Ayura,Parque Berrio,13.1,Sabado,23,0,1,0,bajo,Bus
Itagui,Aguacatala,11.5,Lunes,16,0,0,1,bajo,Taxi
Universidad,Sabaneta,5.4,Jueves,13,1,0,0,bajo,Bus
San Javier,Cisneros,17.4,Lunes,15,0,0,1,medio,Taxi
Hospital,San Javier,13.6,Jueves,11,1,0,0,bajo,Bus
San Antonio,Estadio,5.1,Lunes,23,0,0,0,medio,Bus
Floresta,Industriales,12.7,Domingo,9,0,1,1,medio,Taxi
Tricentenario,Envigado,6.0,Viernes,11,1,0,1,bajo,Taxi
Ayura,Estadio,16.8,Domingo,23,0,1,0,alto,Taxi
Acevedo,Niquia,10.3,Lunes,19,1,0,0,alto,Metro
San Antonio,Alpujarra,13.8,Lunes,6,1,0,1,bajo,Taxi
Exposiciones,San Javier,19.0,Jueves,22,0,0,0,medio,Metro
Niquia,San Javier,15.9,Martes,20,0,0,1,medio,Taxi
San Antonio,Madera,11.5,Viernes,16,0,0,0,medio,Bus
Floresta,Itagui,3.3,Lunes,21,0,0,0,alto,Metro
Itagui,Bello,18.5,Domingo,1,0,1,0,medio,Bus
Hospital,Floresta,2.3,Domingo,17,1,1,1,bajo,Taxi
Caribe,Exposiciones,12.0,Lunes,7,1,0,1,medio,Taxi
Industriales,Estadio,3.4,Jueves,11,1,0,1,medio,Taxi
Alpujarra,Envigado,6.2,Miercoles,5,0,0,1,bajo,Taxi
Exposiciones,Prado,13.5,Jueves,7,1,0,1,bajo,Taxi
Sabaneta,Bello,1.3,Miercoles,21,0,0,0,alto,Bus
Hospital,Parque Berrio,10.5,Domingo,19,1,1,0,bajo,Bus
Tricentenario,San Antonio,10.2,Martes,9,0,0,0,medio,Taxi
Suramericana,Aguacatala,13.7,Jueves,8,1,0,0,alto,Bus
Prado,San Antonio,19.6,Domingo,1,0,1,0,bajo,Bus
Santa Lucia,Suramericana,12.9,Jueves,15,0,0,1,bajo,Taxi
San Javier,Suramericana,2.3,Miercoles,17,1,0,0,medio,Bus
Universidad,Parque Berrio,2.3,Lunes,16,0,0,1,medio,Taxi
Estadio,San Antonio,10.2,Jueves,19,1,0,0,bajo,Bus
Exposiciones,Parque Berrio,12.7,Martes,18,1,0,1,bajo,Taxi
Tricentenario,Floresta,16.4,Lunes,13,1,0,0,bajo,Bus
Aguacatala,Prado,15.1,Miercoles,8,1,0,1,medio,Taxi
Aguacatala,San Antonio,17.4,Sabado,14,1,1,1,alto,Taxi
Envigado,San Javier,16.1,Lunes,14,1,0,0,medio,Taxi
Universidad,Exposiciones,15.0,Viernes,14,1,0,0,medio,Taxi
Hospital,Madera,16.5,Jueves,20,0,0,0,alto,Taxi
Itagui,San Antonio,15.7,Martes,5,0,0,0,bajo,Bus
Envigado,San Antonio,19.5,Martes,15,0,0,0,alto,Bus
Parque Berrio,Aguacatala,5.9,Miercoles,16,0,0,1,bajo,Taxi
Alpujarra,Envigado,3.7,Domingo,1,0,1,0,bajo,Taxi
Aguacatala,Alpujarra,16.2,Lunes,8,1,0,0,alto,Metro
Ayura,Bello,12.1,Jueves,9,0,0,0,alto,Taxi
Prado,Tricentenario,13.3,Viernes,11,1,0,1,alto,Taxi
San Antonio,Caribe,5.6,Miercoles,6,1,0,0,bajo,Bus
San Antonio,Alpujarra,3.5,Miercoles,6,1,0,0,medio,Bus
Aguacatala,Bello,2.6,Sabado,19,1,1,0,alto,Bus
Acevedo,Estadio,3.3,Martes,13,1,0,0,bajo,Bus
Hospital,Sabaneta,3.0,Lunes,4,0,0,0,bajo,Bus
Estadio,Niquia,6.0,Lunes,7,1,0,1,alto,Taxi
Poblado,Exposiciones,14.7,Martes,4,0,0,0,bajo,Bus
Cisneros,Caribe,12.5,Viernes,22,0,0,1,bajo,Taxi
Acevedo,Cisneros,12.2,Jueves,16,0,0,1,bajo,Taxi
Tricentenario,Exposiciones,16.0,Sabado,17,1,1,1,alto,Taxi
Parque Berrio,Poblado,7.1,Miercoles,2,0,0,0,medio,Bus
Acevedo,Bello,14.8,Martes,0,0,0,0,alto,Metro
San Antonio,Estadio,16.0,Lunes,19,1,0,1,alto,Taxi
Madera,Exposiciones,14.4,Viernes,11,1,0,1,bajo,Taxi
Estadio,Floresta,5.3,Jueves,9,0,0,0,medio,Metro
Envigado,La Estrella,5.4,Martes,22,0,0,0,medio,Metro
Santa Lucia,Prado,1.7,Lunes,3,0,0,0,bajo,Bus
Alpujarra,Niquia,17.4,Domingo,22,0,1,0,bajo,Bus
Itagui,Ayura,11.1,Lunes,22,0,0,1,medio,Taxi
Madera,Parque Berrio,11.3,Martes,7,1,0,1,medio,Taxi
Madera,Industriales,15.5,Martes,21,0,0,0,medio,Bus
Parque Berrio,Hospital,10.8,Viernes,17,1,0,1,medio,Taxi
Alpujarra,Itagui,4.5,Domingo,21,0,1,0,medio,Taxi
Envigado,Tricentenario,3.2,Martes,19,1,0,0,alto,Bus
Alpujarra,Niquia,17.4,Domingo,3,0,1,0,alto,Metro
Bello,Exposiciones,13.4,Sabado,8,1,1,1,bajo,Taxi
Exposiciones,Parque Berrio,7.2,Viernes,3,0,0,0,alto,Bus
Parque Berrio,Alpujarra,1.9,Martes,4,0,0,0,medio,Caminando
Cisneros,Suramericana,2.2,Jueves,0,0,0,0,medio,Taxi
Sabaneta,Aguacatala,5.9,Lunes,5,0,0,1,alto,Taxi
Floresta,Aguacatala,13.5,Sabado,23,0,1,0,medio,Bus
Niquia,San Antonio,12.9,Miercoles,16,0,0,0,alto,Metro
Sabaneta,Tricentenario,11.0,Lunes,10,0,0,0,bajo,Bus
Aguacatala,San Antonio,10.1,Martes,21,0,0,0,medio,Taxi
Itagui,Niquia,1.3,Miercoles,16,0,0,0,bajo,Bus
Exposiciones,Tricentenario,14.7,Jueves,12,1,0,0,alto,Metro
Bello,Tricentenario,19.1,Viernes,0,0,0,1,bajo,Taxi
Itagui,Suramericana,15.7,Martes,23,0,0,1,bajo,Taxi
Hospital,Parque Berrio,10.4,Jueves,17,1,0,1,alto,Taxi
Tricentenario,San Javier,6.0,Martes,21,0,0,1,alto,Taxi
Prado,Santa Lucia,6.4,Miercoles,23,0,0,1,alto,Taxi
Bello,San Antonio,12.4,Martes,2,0,0,0,medio,Bus
Alpujarra,Parque Berrio,5.9,Domingo,7,1,1,1,medio,Taxi
La Estrella,Parque Berrio,14.7,Jueves,11,1,0,1,alto,Taxi
Estadio,Aguacatala,10.1,Miercoles,1,0,0,0,medio,Bus
Bello,Acevedo,5.3,Viernes,3,0,0,1,alto,Taxi
Industriales,Exposiciones,4.4,Viernes,17,1,0,1,bajo,Taxi
Itagui,Poblado,16.0,Domingo,14,1,1,1,medio,Taxi
Aguacatala,Suramericana,13.6,Miercoles,8,1,0,0,bajo,Bus
San Antonio,Industriales,5.2,Lunes,2,0,0,1,medio,Taxi
Hospital,Suramericana,6.2,Martes,1,0,0,1,alto,Taxi
Industriales,Prado,11.0,Martes,18,1,0,0,medio,Bus
Parque Berrio,Hospital,2.9,Viernes,22,0,0,0,bajo,Metro
Hospital,Bello,8.3,Miercoles,3,0,0,1,medio,Taxi
Exposiciones,Envigado,10.0,Lunes,6,1,0,1,medio,Taxi
Cisneros,Acevedo,13.7,Domingo,7,1,1,1,alto,Taxi
Bello,Poblado,18.4,Domingo,13,1,1,0,medio,Bus
Santa Lucia,Alpujarra,10.8,Sabado,9,0,1,1,alto,Taxi
Suramericana,San Antonio,17.9,Jueves,12,1,0,0,medio,Taxi
Exposiciones,Poblado,15.0,Lunes,12,1,0,1,alto,Taxi
Itagui,Industriales,11.1,Miercoles,12,1,0,0,bajo,Bus
Suramericana,Tricentenario,14.8,Miercoles,11,1,0,1,medio,Taxi
Itagui,Bello,11.9,Domingo,10,0,1,0,medio,Taxi
Bello,Niquia,3.8,Lunes,6,1,0,1,alto,Taxi
Santa Lucia,Envigado,17.0,Sabado,13,1,1,0,bajo,Bus
Hospital,Caribe,4.9,Lunes,16,0,0,1,bajo,Taxi
Industriales,Aguacatala,17.7,Miercoles,1,0,0,0,bajo,Bus
Floresta,Aguacatala,16.7,Viernes,22,0,0,0,bajo,Bus
Cisneros,Floresta,6.2,Domingo,17,1,1,0,bajo,Bus
Envigado,Niquia,16.1,Lunes,18,1,0,0,bajo,Bus
Sabaneta,Floresta,16.0,Jueves,2,0,0,0,bajo,Bus
Acevedo,Bello,1.4,Sabado,3,0,1,1,medio,Taxi
Sabaneta,Itagui,1.6,Domingo,10,0,1,1,medio,Taxi
Santa Lucia,Universidad,19.1,Martes,21,0,0,0,bajo,Bus
Ayura,Exposiciones,19.6,Sabado,18,1,1,1,bajo,Taxi
Acevedo,Ayura,19.0,Jueves,5,0,0,1,bajo,Taxi
Itagui,Envigado,2.8,Lunes,8,1,0,1,alto,Taxi
Exposiciones,Cisneros,13.6,Viernes,11,1,0,0,alto,Taxi
Aguacatala,Itagui,10.5,Jueves,2,0,0,1,alto,Taxi
Niquia,Tricentenario,12.2,Sabado,1,0,1,0,bajo,Bus
San Javier,San Antonio,7.3,Martes,7,1,0,1,bajo,Taxi
Alpujarra,Itagui,3.0,Jueves,21,0,0,1,alto,Taxi
San Antonio,Alpujarra,12.7,Sabado,2,0,1,0,medio,Bus
Itagui,Parque Berrio,6.3,Lunes,14,1,0,1,bajo,Taxi
Aguacatala,Ayura,17.9,Lunes,4,0,0,1,bajo,Taxi
La Estrella,Cisneros,5.6,Jueves,14,1,0,0,medio,Taxi
Hospital,Madera,2.6,Domingo,6,1,1,0,bajo,Bus
La Estrella,Hospital,14.0,Jueves,3,0,0,0,medio,Taxi
Parque Berrio,Tricentenario,19.5,Martes,16,0,0,1,bajo,Taxi
San Antonio,Hospital,15.4,Martes,23,0,0,0,bajo,Bus
Suramericana,Floresta,17.4,Lunes,15,0,0,0,alto,Metro
San Javier,Universidad,17.7,Jueves,17,1,0,0,alto,Bus
Niquia,Hospital,6.8,Miercoles,6,1,0,1,alto,Taxi
Madera,Acevedo,18.6,Lunes,20,0,0,1,medio,Taxi
Aguacatala,Poblado,6.7,Miercoles,20,0,0,1,bajo,Taxi
La Estrella,Niquia,18.4,Miercoles,0,0,0,0,bajo,Bus
Cisneros,Sabaneta,1.1,Jueves,11,1,0,0,alto,Caminando
San Antonio,Santa Lucia,10.1,Lunes,4,0,0,0,bajo,Bus
Parque Berrio,Itagui,17.1,Lunes,14,1,0,0,medio,Bus
Caribe,Santa Lucia,2.4,Lunes,11,1,0,1,medio,Taxi
Poblado,Caribe,14.9,Domingo,0,0,1,0,bajo,Bus
Bello,La Estrella,19.6,Martes,2,0,0,1,medio,Taxi
Santa Lucia,Envigado,17.7,Domingo,15,0,1,1,bajo,Taxi
La Estrella,Alpujarra,2.7,Miercoles,6,1,0,1,alto,Taxi
Suramericana,Parque Berrio,6.9,Jueves,22,0,0,1,medio,Taxi
Caribe,San Antonio,6.7,Sabado,10,0,1,0,alto,Bus
La Estrella,Prado,7.0,Viernes,6,1,0,0,alto,Bus
Cisneros,Prado,2.3,Martes,12,1,0,1,alto,Taxi
Suramericana,Hospital,8.0,Martes,7,1,0,0,alto,Bus
Envigado,Madera,9.6,Jueves,22,0,0,0,medio,Bus
Sabaneta,Floresta,17.3,Miercoles,23,0,0,1,bajo,Taxi
Floresta,Madera,6.5,Miercoles,14,1,0,0,alto,Metro
Exposiciones,Estadio,4.1,Jueves,11,1,0,0,bajo,Bus
Madera,San Javier,17.1,Viernes,14,1,0,0,medio,Metro
Itagui,Prado,6.5,Lunes,13,1,0,1,bajo,Taxi
La Estrella,Poblado,8.0,Lunes,20,0,0,0,bajo,Bus
Envigado,Alpujarra,15.4,Martes,18,1,0,0,medio,Bus
Exposiciones,Aguacatala,10.4,Martes,20,0,0,1,medio,Taxi
Madera,Parque Berrio,4.1,Jueves,19,1,0,0,medio,Bus
Sabaneta,Suramericana,17.1,Jueves,18,1,0,0,alto,Metro
Industriales,Floresta,15.8,Sabado,22,0,1,0,medio,Metro
Industriales,Caribe,13.9,Domingo,18,1,1,0,medio,Metro
Bello,Caribe,14.6,Viernes,2,0,0,0,medio,Metro
Estadio,Santa Lucia,3.5,Jueves,19,1,0,0,bajo,Bus
Prado,Madera,18.8,Lunes,11,1,0,0,medio,Metro
Acevedo,Santa Lucia,17.7,Sabado,8,1,1,1,alto,Taxi
San Javier,Niquia,17.4,Sabado,22,0,1,1,bajo,Taxi
Poblado,Alpujarra,8.0,Domingo,9,0,1,1,medio,Taxi
San Antonio,Madera,1.2,Viernes,4,0,0,0,bajo,Caminando
Suramericana,Aguacatala,2.9,Sabado,10,0,1,0,medio,Bus
Santa Lucia,Poblado,18.9,Jueves,2,0,0,0,alto,Metro
Floresta,Aguacatala,4.5,Sabado,0,0,1,1,medio,Taxi
La Estrella,Ayura,5.3,Lunes,7,1,0,1,bajo,Taxi
Exposiciones,Bello,5.7,Jueves,18,1,0,0,bajo,Bus
Santa Lucia,Aguacatala,19.0,Domingo,23,0,1,1,medio,Taxi
Exposiciones,Prado,6.7,Viernes,13,1,0,0,bajo,Bus
La Estrella,Sabaneta,19.2,Martes,16,0,0,1,medio,Taxi
Prado,Floresta,11.3,Lunes,16,0,0,1,bajo,Taxi
Floresta,Exposiciones,17.1,Lunes,5,0,0,0,alto,Bus
Suramericana,Universidad,4.8,Miercoles,16,0,0,0,medio,Taxi
Sabaneta,Hospital,9.8,Viernes,15,0,0,0,alto,Taxi
Envigado,San Antonio,3.9,Sabado,4,0,1,0,medio,Bus
Madera,Parque Berrio,5.2,Domingo,17,1,1,0,alto,Bus
Floresta,Madera,14.5,Sabado,18,1,1,0,alto,Metro
Ayura,Santa Lucia,1.9,Lunes,4,0,0,1,medio,Taxi
Hospital,La Estrella,12.6,Lunes,20,0,0,0,bajo,Bus
Hospital,Prado,11.2,Domingo,18,1,1,0,medio,Bus
Acevedo,La Estrella,14.6,Jueves,2,0,0,0,alto,Bus
Estadio,Santa Lucia,10.1,Viernes,2,0,0,0,bajo,Bus
Industriales,Sabaneta,13.5,Sabado,22,0,1,0,medio,Taxi
Itagui,Envigado,19.6,Lunes,14,1,0,0,alto,Metro
Santa Lucia,Ayura,8.3,Viernes,9,0,0,1,alto,Taxi
San Antonio,Universidad,14.7,Viernes,12,1,0,0,bajo,Bus
Itagui,San Javier,9.3,Jueves,13,1,0,1,medio,Taxi
Floresta,Poblado,11.1,Sabado,21,0,1,1,bajo,Taxi
Floresta,Acevedo,2.3,Lunes,5,0,0,1,alto,Taxi
Acevedo,Alpujarra,5.7,Martes,22,0,0,0,bajo,Bus
Caribe,Alpujarra,7.8,Domingo,2,0,1,0,alto,Bus
Caribe,Tricentenario,7.4,Martes,10,0,0,1,medio,Taxi
Suramericana,Prado,14.0,Sabado,10,0,1,1,bajo,Taxi
Suramericana,Estadio,17.5,Domingo,2,0,1,0,medio,Bus
Niquia,Alpujarra,18.3,Sabado,14,1,1,0,medio,Bus
Parque Berrio,La Estrella,7.0,Jueves,1,0,0,0,medio,Metro
Alpujarra,Itagui,15.7,Lunes,15,0,0,0,bajo,Bus
Alpujarra,Floresta,11.9,Viernes,10,0,0,1,medio,Taxi
Alpujarra,San Antonio,2.8,Martes,23,0,0,0,medio,Metro
Cisneros,Parque Berrio,17.7,Lunes,9,0,0,1,bajo,Taxi
Sabaneta,Tricentenario,8.7,Jueves,1,0,0,0,medio,Metro
Aguacatala,Tricentenario,10.8,Domingo,14,1,1,0,bajo,Bus
Santa Lucia,Exposiciones,18.8,Lunes,0,0,0,1,medio,Taxi
Floresta,Alpujarra,12.9,Martes,1,0,0,1,alto,Taxi
Ayura,Floresta,18.1,Jueves,5,0,0,0,bajo,Bus
Caribe,Hospital,4.9,Martes,2,0,0,0,medio,Metro
Alpujarra,Exposiciones,7.7,Jueves,14,1,0,1,alto,Taxi
Tricentenario,Floresta,11.3,Jueves,7,1,0,0,bajo,Bus
Aguacatala,La Estrella,8.2,Martes,16,0,0,0,alto,Bus
Floresta,Santa Lucia,19.6,Viernes,10,0,0,1,medio,Taxi
Itagui,Parque Berrio,17.3,Martes,10,0,0,1,medio,Taxi
Acevedo,Tricentenario,2.4,Lunes,2,0,0,0,bajo,Taxi
Ayura,Aguacatala,7.8,Miercoles,12,1,0,1,medio,Taxi
Cisneros,San Javier,18.1,Viernes,17,1,0,0,alto,Bus
Parque Berrio,Hospital,17.5,Jueves,5,0,0,0,alto,Taxi
La Estrella,Ayura,6.5,Domingo,14,1,1,0,alto,Bus
Sabaneta,Cisneros,4.3,Martes,9,0,0,1,bajo,Taxi
Ayura,Prado,7.6,Lunes,3,0,0,0,bajo,Bus
Sabaneta,Aguacatala,1.3,Jueves,10,0,0,0,medio,Caminando
Universidad,Prado,17.3,Lunes,21,0,0,0,bajo,Bus
Aguacatala,Sabaneta,19.2,Martes,2,0,0,1,bajo,Taxi
Prado,Exposiciones,14.1,Jueves,0,0,0,1,bajo,Taxi
Envigado,Poblado,18.7,Miercoles,21,0,0,0,alto,Bus
Estadio,Acevedo,6.6,Viernes,22,0,0,1,medio,Taxi
Ayura,Prado,10.4,Domingo,7,1,1,1,bajo,Taxi
Sabaneta,Ayura,2.1,Miercoles,21,0,0,0,alto,Taxi
Ayura,Universidad,15.0,Sabado,5,0,1,1,medio,Taxi
La Estrella,Estadio,2.0,Lunes,22,0,0,0,bajo,Bus
Ayura,Estadio,2.8,Domingo,16,0,1,0,medio,Bus
Sabaneta,Poblado,14.6,Lunes,5,0,0,0,bajo,Bus
San Javier,Itagui,6.0,Jueves,0,0,0,1,alto,Taxi
Niquia,Sabaneta,15.7,Miercoles,11,1,0,1,bajo,Taxi
Suramericana,Industriales,10.4,Viernes,21,0,0,1,bajo,Taxi
Envigado,Universidad,1.4,Viernes,17,1,0,0,medio,Bus
Hospital,Prado,7.0,Lunes,14,1,0,1,bajo,Taxi
Prado,Alpujarra,9.9,Miercoles,5,0,0,1,bajo,Taxi
Tricentenario,Madera,2.3,Lunes,16,0,0,0,alto,Metro
La Estrella,Sabaneta,5.9,Martes,18,1,0,0,alto,Bus
Aguacatala,Envigado,5.7,Miercoles,8,1,0,1,alto,Taxi
Universidad,Suramericana,6.5,Domingo,9,0,1,1,alto,Taxi
Sabaneta,Itagui,12.7,Viernes,13,1,0,0,bajo,Bus
Ayura,Poblado,19.3,Jueves,1,0,0,0,bajo,Bus
Bello,Universidad,16.2,Miercoles,19,1,0,0,medio,Bus
Alpujarra,Cisneros,7.3,Viernes,22,0,0,1,medio,Taxi
Envigado,San Antonio,4.9,Lunes,8,1,0,1,medio,Taxi
Aguacatala,Prado,4.0,Viernes,16,0,0,0,bajo,Bus
Suramericana,Sabaneta,7.4,Sabado,20,0,1,1,bajo,Taxi
Parque Berrio,Ayura,16.6,Lunes,23,0,0,0,medio,Taxi
Estadio,Envigado,10.2,Sabado,13,1,1,0,alto,Metro
Itagui,Universidad,5.1,Miercoles,23,0,0,1,medio,Taxi
Exposiciones,Prado,13.0,Miercoles,19,1,0,1,bajo,Taxi
Prado,Santa Lucia,12.9,Martes,8,1,0,0,bajo,Bus
Santa Lucia,Cisneros,2.9,Jueves,11,1,0,0,alto,Bus
Exposiciones,Parque Berrio,15.9,Sabado,14,1,1,1,alto,Taxi
Bello,Aguacatala,16.0,Miercoles,16,0,0,1,bajo,Taxi
Tricentenario,Prado,13.4,Jueves,19,1,0,0,medio,Metro
San Javier,Sabaneta,8.6,Jueves,0,0,0,0,alto,Taxi
Alpujarra,Estadio,17.5,Miercoles,12,1,0,1,bajo,Taxi
Madera,Niquia,6.2,Jueves,23,0,0,1,alto,Taxi
Universidad,Exposiciones,15.7,Viernes,5,0,0,1,alto,Taxi
San Javier,Cisneros,18.6,Viernes,9,0,0,0,bajo,Bus
Suramericana,Sabaneta,19.4,Jueves,15,0,0,0,bajo,Bus
Universidad,Industriales,3.6,Sabado,13,1,1,0,alto,Metro
La Estrella,Universidad,4.6,Lunes,3,0,0,0,bajo,Metro
Aguacatala,Poblado,16.1,Jueves,15,0,0,0,alto,Taxi
Estadio,Aguacatala,19.9,Jueves,5,0,0,1,alto,Taxi
San Antonio,Itagui,10.9,Viernes,5,0,0,0,bajo,Bus
Industriales,San Antonio,17.3,Domingo,15,0,1,1,bajo,Taxi
Niquia,Bello,8.3,Miercoles,21,0,0,1,alto,Taxi
Prado,Exposiciones,9.5,Martes,5,0,0,1,alto,Taxi
Hospital,Bello,17.0,Miercoles,15,0,0,1,medio,Taxi
Alpujarra,Universidad,3.8,Martes,8,1,0,0,bajo,Bus
Santa Lucia,Sabaneta,5.0,Lunes,8,1,0,0,bajo,Bus
Itagui,Madera,9.9,Jueves,8,1,0,1,medio,Taxi
San Antonio,Envigado,6.3,Sabado,11,1,1,0,alto,Metro
Ayura,La Estrella,5.4,Sabado,5,0,1,0,bajo,Bus
San Javier,Exposiciones,10.9,Miercoles,4,0,0,1,medio,Taxi
Parque Berrio,San Javier,4.4,Lunes,2,0,0,0,medio,Metro
Santa Lucia,Caribe,17.6,Jueves,23,0,0,0,alto,Taxi
Acevedo,Prado,12.8,Jueves,9,0,0,1,alto,Taxi
Tricentenario,Cisneros,15.1,Jueves,7,1,0,1,medio,Taxi
Santa Lucia,Sabaneta,16.4,Domingo,11,1,1,1,medio,Taxi
Floresta,La Estrella,16.8,Jueves,3,0,0,0,medio,Metro
Universidad,Cisneros,14.5,Sabado,21,0,1,0,alto,Bus
Tricentenario,Parque Berrio,13.2,Viernes,12,1,0,0,medio,Taxi
Envigado,Acevedo,14.4,Jueves,1,0,0,1,alto,Taxi
Suramericana,Sabaneta,13.2,Viernes,14,1,0,0,medio,Metro
Prado,Floresta,10.2,Lunes,8,1,0,1,bajo,Taxi
Suramericana,Cisneros,11.1,Viernes,17,1,0,0,alto,Metro
Niquia,Caribe,13.5,Sabado,19,1,1,1,alto,Taxi
Itagui,Tricentenario,15.2,Miercoles,11,1,0,0,alto,Taxi
Envigado,Suramericana,4.5,Domingo,0,0,1,1,medio,Taxi
Hospital,Madera,1.8,Miercoles,7,1,0,1,alto,Taxi
Acevedo,Hospital,12.4,Martes,8,1,0,1,bajo,Taxi
Industriales,Parque Berrio,9.6,Sabado,13,1,1,1,bajo,Taxi
Suramericana,Prado,8.3,Martes,20,0,0,0,bajo,Bus
Niquia,Parque Berrio,9.0,Jueves,2,0,0,1,bajo,Taxi
Universidad,Prado,7.4,Domingo,9,0,1,0,bajo,Bus
Universidad,Ayura,16.0,Sabado,21,0,1,1,bajo,Taxi
Suramericana,Santa Lucia,13.5,Jueves,4,0,0,0,bajo,Bus
Sabaneta,Prado,16.7,Viernes,17,1,0,0,medio,Metro
Envigado,Acevedo,16.3,Jueves,4,0,0,0,bajo,Bus
Prado,San Javier,8.5,Lunes,15,0,0,0,bajo,Bus
Hospital,Industriales,8.1,Miercoles,8,1,0,1,bajo,Taxi
Bello,Industriales,9.7,Sabado,4,0,1,1,bajo,Taxi
Itagui,Estadio,11.8,Jueves,2,0,0,0,alto,Bus
Ayura,Acevedo,17.8,Viernes,7,1,0,0,medio,Metro
Itagui,Aguacatala,8.0,Lunes,23,0,0,0,medio,Taxi
Exposiciones,Niquia,8.9,Jueves,16,0,0,0,alto,Bus
Itagui,San Antonio,2.8,Viernes,14,1,0,0,bajo,Bus
Parque Berrio,La Estrella,3.3,Miercoles,11,1,0,0,bajo,Bus
Cisneros,Floresta,17.1,Lunes,22,0,0,1,medio,Taxi
Estadio,Santa Lucia,18.7,Miercoles,12,1,0,0,alto,Bus
La Estrella,Madera,1.3,Domingo,15,0,1,0,bajo,Bus
Tricentenario,Ayura,19.3,Lunes,1,0,0,1,bajo,Taxi
Estadio,Aguacatala,19.7,Sabado,15,0,1,0,medio,Taxi
Niquia,Acevedo,11.8,Sabado,1,0,1,1,medio,Taxi
Exposiciones,Industriales,15.3,Sabado,12,1,1,1,bajo,Taxi
Envigado,Acevedo,14.0,Domingo,11,1,1,1,medio,Taxi
Caribe,Acevedo,12.2,Viernes,3,0,0,0,bajo,Bus
San Javier,Industriales,17.4,Jueves,0,0,0,0,bajo,Bus
San Javier,Ayura,12.7,Domingo,23,0,1,1,bajo,Taxi
San Antonio,Prado,16.5,Jueves,3,0,0,1,alto,Taxi
Sabaneta,Parque Berrio,10.2,Jueves,9,0,0,0,bajo,Bus
San Javier,Industriales,3.6,Martes,1,0,0,1,medio,Taxi
San Javier,Hospital,15.1,Martes,19,1,0,0,bajo,Bus
Floresta,Santa Lucia,12.9,Lunes,8,1,0,1,medio,Taxi
San Antonio,San Javier,6.7,Miercoles,4,0,0,1,alto,Taxi
Parque Berrio,Prado,3.6,Lunes,8,1,0,1,alto,Taxi
Alpujarra,Hospital,12.0,Sabado,4,0,1,0,medio,Bus
Prado,La Estrella,2.5,Jueves,12,1,0,0,medio,Bus
Estadio,Prado,4.2,Domingo,4,0,1,1,alto,Taxi
San Antonio,Estadio,5.9,Martes,19,1,0,1,bajo,Taxi
Caribe,Cisneros,14.3,Viernes,19,1,0,1,medio,Taxi
Tricentenario,Bello,5.9,Lunes,23,0,0,0,medio,Taxi
Cisneros,Industriales,5.8,Viernes,15,0,0,1,medio,Taxi
Cisneros,Suramericana,9.0,Martes,1,0,0,0,medio,Bus
Prado,San Javier,16.5,Jueves,1,0,0,0,alto,Taxi
Estadio,Suramericana,4.3,Martes,12,1,0,1,medio,Taxi
Santa Lucia,Alpujarra,18.4,Domingo,12,1,1,1,bajo,Taxi
Caribe,Industriales,19.2,Lunes,23,0,0,0,bajo,Bus
Parque Berrio,Prado,18.6,Lunes,12,1,0,0,alto,Bus
Itagui,Parque Berrio,13.2,Martes,6,1,0,1,medio,Taxi
La Estrella,Estadio,16.3,Lunes,3,0,0,0,medio,Taxi
Acevedo,Floresta,10.7,Domingo,21,0,1,1,medio,Taxi
Bello,Santa Lucia,13.9,Domingo,13,1,1,0,medio,Metro
Itagui,Ayura,5.0,Domingo,20,0,1,0,alto,Taxi
Aguacatala,Alpujarra,1.0,Lunes,4,0,0,1,medio,Taxi
Hospital,Poblado,9.8,Viernes,18,1,0,0,bajo,Bus
San Antonio,La Estrella,3.9,Lunes,17,1,0,0,alto,Bus
Tricentenario,Madera,3.3,Sabado,2,0,1,0,medio,Metro
Estadio,Itagui,14.8,Miercoles,15,0,0,0,alto,Taxi
Suramericana,Acevedo,17.8,Martes,22,0,0,1,bajo,Taxi
Itagui,Hospital,1.9,Sabado,23,0,1,0,alto,Bus
Aguacatala,Industriales,6.0,Sabado,4,0,1,0,alto,Metro
Alpujarra,Aguacatala,7.6,Lunes,19,1,0,0,bajo,Bus
Hospital,Parque Berrio,14.5,Viernes,12,1,0,1,bajo,Taxi
Aguacatala,Ayura,4.9,Sabado,20,0,1,0,bajo,Bus
Universidad,Ayura,7.3,Domingo,6,1,1,1,alto,Taxi
Hospital,Suramericana,13.4,Jueves,14,1,0,1,alto,Taxi
Sabaneta,Caribe,9.6,Miercoles,12,1,0,0,bajo,Bus
Madera,Alpujarra,1.6,Lunes,0,0,0,0,alto,Bus
Industriales,Aguacatala,1.3,Viernes,1,0,0,1,bajo,Taxi
Tricentenario,Ayura,3.4,Domingo,7,1,1,0,bajo,Bus
Niquia,La Estrella,3.5,Lunes,20,0,0,1,medio,Taxi
Madera,Santa Lucia,14.4,Sabado,15,0,1,0,medio,Bus
La Estrella,Prado,7.4,Martes,12,1,0,0,medio,Metro
La Estrella,San Javier,12.8,Viernes,14,1,0,1,medio,Taxi
Niquia,Sabaneta,6.0,Jueves,9,0,0,0,bajo,Bus
Niquia,Madera,1.0,Jueves,5,0,0,0,medio,Bus
Estadio,Hospital,5.8,Miercoles,10,0,0,1,alto,Taxi
Caribe,La Estrella,12.8,Sabado,11,1,1,1,medio,Taxi
Tricentenario,Caribe,3.0,Martes,7,1,0,1,medio,Taxi
Estadio,Universidad,3.2,Viernes,14,1,0,1,alto,Taxi
Madera,Tricentenario,14.5,Lunes,6,1,0,0,alto,Metro
Cisneros,Prado,17.7,Martes,6,1,0,0,alto,Bus
Universidad,Suramericana,4.6,Domingo,4,0,1,0,medio,Bus
Cisneros,Poblado,20.0,Sabado,8,1,1,0,medio,Bus
Sabaneta,Niquia,2.3,Miercoles,20,0,0,0,medio,Bus
Ayura,Hospital,3.6,Martes,9,0,0,0,medio,Metro
La Estrella,Madera,12.6,Viernes,6,1,0,1,alto,Taxi
Universidad,Itagui,16.9,Martes,12,1,0,0,bajo,Bus
Floresta,Alpujarra,8.9,Viernes,4,0,0,1,medio,Taxi
Aguacatala,Parque Berrio,6.1,Domingo,16,0,1,0,bajo,Bus
Universidad,Madera,18.0,Viernes,1,0,0,1,bajo,Taxi
Exposiciones,Poblado,9.5,Miercoles,11,1,0,0,bajo,Bus
Bello,Exposiciones,7.3,Miercoles,6,1,0,0,bajo,Bus
Bello,Estadio,14.8,Miercoles,2,0,0,0,medio,Metro
Caribe,Exposiciones,12.6,Jueves,3,0,0,0,alto,Metro
Acevedo,Ayura,5.6,Miercoles,13,1,0,0,alto,Bus
Floresta,Acevedo,10.7,Martes,9,0,0,0,alto,Metro
Tricentenario,Exposiciones,2.0,Miercoles,9,0,0,0,alto,Caminando
Poblado,Hospital,14.1,Miercoles,19,1,0,0,bajo,Bus
Industriales,Alpujarra,11.7,Lunes,15,0,0,1,bajo,Taxi
Madera,Ayura,10.9,Domingo,23,0,1,1,alto,Taxi
Industriales,San Javier,5.9,Sabado,2,0,1,1,alto,Taxi
Santa Lucia,Madera,7.1,Viernes,10,0,0,0,bajo,Bus
San Javier,Hospital,19.6,Jueves,18,1,0,1,alto,Taxi
Madera,Prado,11.2,Lunes,16,0,0,0,alto,Metro
Poblado,Exposiciones,13.1,Viernes,15,0,0,1,alto,Taxi
Suramericana,Santa Lucia,2.0,Lunes,9,0,0,0,medio,Bus
Universidad,Exposiciones,4.1,Sabado,10,0,1,0,bajo,Bus
Parque Berrio,Tricentenario,6.4,Domingo,6,1,1,0,bajo,Bus
Suramericana,Tricentenario,8.6,Domingo,13,1,1,1,bajo,Taxi
Bello,Envigado,17.0,Lunes,10,0,0,0,bajo,Bus
San Javier,Niquia,18.5,Lunes,17,1,0,0,bajo,Bus
Caribe,Santa Lucia,11.2,Domingo,9,0,1,1,medio,Taxi
Tricentenario,Suramericana,11.6,Lunes,3,0,0,1,bajo,Taxi
Industriales,La Estrella,8.5,Sabado,5,0,1,1,bajo,Taxi
Exposiciones,Prado,17.7,Domingo,9,0,1,0,medio,Taxi
San Antonio,Industriales,13.2,Jueves,7,1,0,1,medio,Taxi
Acevedo,Madera,9.0,Viernes,16,0,0,0,bajo,Bus
Santa Lucia,Niquia,5.5,Miercoles,5,0,0,1,alto,Taxi
Prado,Hospital,5.3,Lunes,19,1,0,0,medio,Bus
Estadio,Envigado,17.4,Miercoles,8,1,0,1,medio,Taxi
Parque Berrio,Exposiciones,6.1,Viernes,14,1,0,1,medio,Taxi
Poblado,Aguacatala,3.3,Martes,8,1,0,1,bajo,Taxi
Tricentenario,Ayura,5.9,Sabado,5,0,1,0,bajo,Bus
Sabaneta,Envigado,16.4,Sabado,12,1,1,0,alto,Metro
Suramericana,Hospital,8.9,Jueves,11,1,0,1,alto,Taxi
San Antonio,Ayura,13.8,Viernes,19,1,0,1,bajo,Taxi
Cisneros,Itagui,17.2,Jueves,4,0,0,0,medio,Metro
Prado,Acevedo,17.6,Lunes,2,0,0,0,bajo,Bus
Tricentenario,San Antonio,8.4,Sabado,21,0,1,0,medio,Metro
La Estrella,Niquia,13.9,Viernes,8,1,0,1,alto,Taxi
Ayura,Cisneros,16.3,Domingo,9,0,1,1,bajo,Taxi
Santa Lucia,Exposiciones,11.5,Domingo,3,0,1,0,alto,Bus
Santa Lucia,Hospital,5.1,Jueves,22,0,0,0,alto,Metro
Exposiciones,Parque Berrio,10.1,Martes,8,1,0,1,medio,Taxi
Itagui,Ayura,5.8,Lunes,19,1,0,1,medio,Taxi
Cisneros,La Estrella,18.3,Miercoles,5,0,0,0,bajo,Bus
Caribe,Envigado,5.1,Miercoles,7,1,0,0,bajo,Bus
Estadio,San Javier,13.7,Lunes,5,0,0,0,medio,Bus
Suramericana,La Estrella,15.5,Jueves,12,1,0,1,alto,Taxi
Envigado,Universidad,19.4,Miercoles,12,1,0,0,alto,Metro
Prado,Exposiciones,18.5,Martes,23,0,0,0,medio,Taxi
Ayura,San Antonio,17.5,Lunes,14,1,0,1,bajo,Taxi
San Antonio,Acevedo,16.3,Jueves,1,0,0,1,alto,Taxi
Ayura,La Estrella,14.9,Sabado,12,1,1,0,bajo,Bus
Cisneros,Aguacatala,15.0,Jueves,1,0,0,1,medio,Taxi
Niquia,Estadio,18.5,Domingo,11,1,1,1,medio,Taxi
Estadio,Poblado,10.1,Jueves,23,0,0,1,alto,Taxi
Acevedo,Tricentenario,12.2,Viernes,17,1,0,0,bajo,Bus
Caribe,Niquia,12.1,Sabado,9,0,1,1,medio,Taxi
Aguacatala,Itagui,15.2,Sabado,17,1,1,1,medio,Taxi
La Estrella,Poblado,19.3,Lunes,1,0,0,1,bajo,Taxi
Suramericana,Industriales,5.8,Domingo,2,0,1,1,bajo,Taxi
Envigado,San Antonio,16.6,Sabado,10,0,1,1,medio,Taxi
Caribe,San Antonio,15.5,Lunes,8,1,0,0,medio,Bus
San Javier,La Estrella,12.2,Jueves,1,0,0,0,alto,Bus
Acevedo,Itagui,16.5,Domingo,12,1,1,0,alto,Bus
Acevedo,Tricentenario,3.2,Lunes,20,0,0,1,medio,Taxi
Tricentenario,Industriales,7.7,Lunes,4,0,0,1,bajo,Taxi
Industriales,Universidad,20.0,Martes,1,0,0,0,bajo,Bus
Madera,Parque Berrio,7.6,Sabado,4,0,1,0,alto,Taxi
Estadio,Madera,1.7,Domingo,19,1,1,0,alto,Bus
Prado,Aguacatala,10.8,Miercoles,11,1,0,1,alto,Taxi
Poblado,La Estrella,16.1,Viernes,2,0,0,0,bajo,Bus
Tricentenario,Itagui,3.1,Jueves,8,1,0,0,medio,Bus
Estadio,Madera,18.0,Jueves,9,0,0,0,alto,Bus
Industriales,San Antonio,18.3,Lunes,11,1,0,0,medio,Metro
La Estrella,Alpujarra,15.1,Jueves,23,0,0,0,alto,Taxi
Parque Berrio,Industriales,18.0,Jueves,20,0,0,1,medio,Taxi
Exposiciones,Itagui,12.9,Jueves,2,0,0,0,alto,Metro
Exposiciones,Sabaneta,18.8,Miercoles,3,0,0,0,medio,Bus
Universidad,Santa Lucia,1.1,Domingo,18,1,1,1,bajo,Taxi
Parque Berrio,Caribe,14.5,Domingo,6,1,1,1,bajo,Taxi
Industriales,Santa Lucia,6.4,Jueves,18,1,0,1,alto,Taxi
Madera,Parque Berrio,3.0,Miercoles,10,0,0,0,bajo,Metro
Sabaneta,Estadio,1.5,Martes,7,1,0,1,alto,Taxi
Acevedo,Itagui,10.8,Miercoles,7,1,0,0,alto,Bus
Prado,La Estrella,18.8,Viernes,22,0,0,0,medio,Taxi
Itagui,Madera,18.5,Viernes,16,0,0,0,medio,Metro
Aguacatala,San Javier,17.0,Domingo,13,1,1,1,alto,Taxi
Madera,Universidad,20.0,Miercoles,7,1,0,0,bajo,Bus
Aguacatala,Itagui,6.7,Miercoles,9,0,0,1,alto,Taxi
Poblado,Tricentenario,19.3,Sabado,20,0,1,1,alto,Taxi
Tricentenario,Floresta,5.3,Viernes,17,1,0,1,bajo,Taxi
Santa Lucia,Poblado,18.6,Sabado,4,0,1,0,bajo,Bus
Suramericana,Poblado,11.6,Martes,17,1,0,0,bajo,Bus
Cisneros,Caribe,3.7,Miercoles,7,1,0,1,medio,Taxi
Cisneros,Parque Berrio,2.5,Domingo,0,0,1,0,bajo,Bus
Cisneros,Niquia,7.6,Lunes,2,0,0,0,medio,Taxi
San Javier,Alpujarra,4.3,Lunes,19,1,0,1,alto,Taxi
Hospital,Santa Lucia,18.9,Lunes,14,1,0,0,alto,Taxi
Industriales,Sabaneta,1.6,Martes,9,0,0,0,bajo,Caminando
Ayura,Aguacatala,5.5,Domingo,0,0,1,0,alto,Metro
Exposiciones,San Antonio,13.6,Jueves,19,1,0,0,bajo,Bus
Madera,Poblado,5.1,Jueves,18,1,0,1,bajo,Taxi
Caribe,Suramericana,19.9,Sabado,16,0,1,1,alto,Taxi
Parque Berrio,Ayura,1.1,Martes,12,1,0,1,bajo,Taxi
Niquia,Industriales,9.5,Viernes,12,1,0,1,medio,Taxi
San Javier,Santa Lucia,8.9,Martes,0,0,0,1,bajo,Taxi
Hospital,San Javier,7.3,Sabado,15,0,1,1,bajo,Taxi
Alpujarra,Universidad,1.7,Miercoles,19,1,0,1,medio,Taxi
Itagui,Prado,12.2,Miercoles,21,0,0,0,medio,Taxi
Floresta,Tricentenario,6.5,Sabado,20,0,1,0,bajo,Bus
Ayura,Niquia,1.4,Miercoles,2,0,0,0,medio,Bus
Industriales,San Javier,2.8,Jueves,22,0,0,1,medio,Taxi
Hospital,Itagui,10.1,Viernes,13,1,0,0,bajo,Bus
Universidad,Acevedo,12.2,Lunes,7,1,0,0,alto,Bus
Madera,Envigado,5.0,Jueves,17,1,0,1,alto,Taxi
Universidad,Bello,1.8,Martes,17,1,0,1,medio,Taxi
Alpujarra,Cisneros,8.4,Miercoles,7,1,0,1,bajo,Taxi
Caribe,San Antonio,12.8,Lunes,17,1,0,0,medio,Metro
Itagui,Acevedo,1.3,Martes,3,0,0,0,medio,Bus
Cisneros,Universidad,7.6,Martes,19,1,0,0,bajo,Bus
Floresta,Poblado,7.4,Viernes,7,1,0,1,medio,Taxi
Exposiciones,La Estrella,17.1,Viernes,11,1,0,0,alto,Metro
Poblado,Universidad,1.5,Miercoles,23,0,0,1,bajo,Taxi
Estadio,Acevedo,9.1,Domingo,5,0,1,1,medio,Taxi
Estadio,Itagui,16.7,Viernes,14,1,0,0,bajo,Bus
Estadio,Industriales,2.5,Lunes,12,1,0,1,bajo,Taxi
Ayura,Poblado,8.3,Sabado,18,1,1,0,alto,Metro
Parque Berrio,Cisneros,11.6,Sabado,13,1,1,0,bajo,Bus
Exposiciones,Madera,13.3,Martes,10,0,0,1,alto,Taxi
Industriales,Suramericana,19.4,Domingo,12,1,1,1,bajo,Taxi
Parque Berrio,Acevedo,6.7,Martes,20,0,0,1,alto,Taxi
San Antonio,Universidad,10.0,Viernes,13,1,0,1,medio,Taxi
Suramericana,Industriales,5.0,Martes,5,0,0,1,alto,Taxi
Caribe,Aguacatala,15.4,Lunes,19,1,0,1,alto,Taxi
Ayura,Aguacatala,15.8,Sabado,13,1,1,0,alto,Taxi
Hospital,Caribe,14.8,Martes,21,0,0,1,alto,Taxi
Santa Lucia,San Antonio,8.5,Lunes,11,1,0,1,medio,Taxi
Niquia,Tricentenario,12.7,Domingo,5,0,1,0,bajo,Bus
Itagui,Ayura,16.0,Martes,19,1,0,0,medio,Bus
Santa Lucia,Aguacatala,13.9,Viernes,16,0,0,0,medio,Bus
Poblado,Estadio,3.1,Martes,20,0,0,0,alto,Metro
San Javier,Niquia,19.2,Lunes,10,0,0,0,medio,Metro
Cisneros,Ayura,5.3,Viernes,11,1,0,1,medio,Taxi
Suramericana,Madera,1.6,Viernes,13,1,0,1,medio,Taxi
Cisneros,Suramericana,3.7,Martes,5,0,0,0,medio,Bus
Poblado,Sabaneta,13.0,Viernes,14,1,0,0,medio,Metro
Exposiciones,Acevedo,17.0,Miercoles,4,0,0,0,medio,Taxi
Prado,Exposiciones,12.7,Miercoles,8,1,0,1,medio,Taxi
Parque Berrio,Cisneros,5.9,Viernes,15,0,0,0,medio,Bus
Prado,Envigado,5.4,Miercoles,8,1,0,0,alto,Bus
Tricentenario,Cisneros,4.0,Miercoles,15,0,0,1,bajo,Taxi
Industriales,Sabaneta,3.5,Miercoles,4,0,0,1,bajo,Taxi
Hospital,San Antonio,7.6,Viernes,7,1,0,1,alto,Taxi
San Javier,Envigado,4.4,Viernes,21,0,0,1,medio,Taxi
Poblado,Acevedo,17.8,Domingo,8,1,1,0,bajo,Bus
Sabaneta,La Estrella,5.9,Domingo,10,0,1,1,medio,Taxi
Envigado,Cisneros,14.9,Domingo,11,1,1,0,alto,Metro
Bello,Santa Lucia,9.8,Jueves,21,0,0,0,alto,Bus
Niquia,Caribe,1.9,Lunes,15,0,0,1,medio,Taxi
Santa Lucia,Universidad,9.0,Martes,18,1,0,0,medio,Metro
Acevedo,Hospital,6.1,Sabado,15,0,1,0,bajo,Bus
Bello,Parque Berrio,3.7,Viernes,3,0,0,0,alto,Metro
Estadio,Itagui,10.0,Jueves,23,0,0,1,alto,Taxi
Poblado,Niquia,4.8,Lunes,23,0,0,0,medio,Metro
Poblado,Aguacatala,15.9,Martes,1,0,0,0,alto,Bus
Universidad,Santa Lucia,3.4,Miercoles,23,0,0,1,alto,Taxi
Estadio,Industriales,5.2,Martes,1,0,0,0,medio,Metro
La Estrella,Prado,7.1,Miercoles,14,1,0,1,alto,Taxi
Cisneros,Niquia,17.7,Martes,17,1,0,0,medio,Bus
Acevedo,Suramericana,5.4,Miercoles,7,1,0,1,medio,Taxi
Aguacatala,Parque Berrio,2.7,Jueves,7,1,0,1,medio,Taxi
Acevedo,Madera,13.9,Lunes,8,1,0,1,medio,Taxi
Hospital,Itagui,9.5,Domingo,9,0,1,1,bajo,Taxi
Caribe,Niquia,9.4,Miercoles,1,0,0,1,alto,Taxi
Madera,Santa Lucia,18.5,Sabado,15,0,1,1,bajo,Taxi
Aguacatala,Poblado,3.6,Martes,9,0,0,1,bajo,Taxi
Cisneros,Industriales,9.9,Domingo,15,0,1,1,alto,Taxi
Alpujarra,Parque Berrio,18.9,Sabado,10,0,1,1,medio,Taxi
Alpujarra,Universidad,4.9,Miercoles,6,1,0,0,bajo,Bus
Cisneros,Ayura,19.2,Domingo,8,1,1,1,alto,Taxi
Industriales,Alpujarra,6.9,Jueves,7,1,0,1,alto,Taxi
Envigado,Parque Berrio,15.6,Viernes,14,1,0,0,bajo,Bus
San Javier,La Estrella,3.4,Martes,15,0,0,0,alto,Bus
La Estrella,Cisneros,13.6,Sabado,11,1,1,0,bajo,Bus
Suramericana,Aguacatala,10.1,Sabado,2,0,1,1,medio,Taxi
Floresta,Acevedo,16.0,Miercoles,12,1,0,0,alto,Taxi
Madera,Cisneros,13.9,Lunes,17,1,0,1,alto,Taxi
Acevedo,La Estrella,1.4,Sabado,0,0,1,0,bajo,Bus
San Javier,Parque Berrio,7.3,Miercoles,19,1,0,1,bajo,Taxi
Suramericana,Ayura,9.6,Jueves,23,0,0,1,medio,Taxi
Parque Berrio,Santa Lucia,7.5,Lunes,10,0,0,0,bajo,Bus
Poblado,Bello,18.2,Viernes,20,0,0,0,medio,Taxi
Sabaneta,Parque Berrio,19.7,Martes,12,1,0,1,medio,Taxi
Alpujarra,Prado,15.5,Jueves,22,0,0,0,bajo,Bus
Poblado,La Estrella,2.9,Lunes,12,1,0,0,alto,Bus
San Javier,Itagui,15.1,Jueves,8,1,0,1,medio,Taxi
San Javier,Tricentenario,7.7,Domingo,21,0,1,0,medio,Bus
San Antonio,Exposiciones,5.1,Jueves,4,0,0,1,bajo,Taxi
Suramericana,Niquia,13.2,Domingo,22,0,1,0,bajo,Bus
Cisneros,Poblado,16.0,Sabado,6,1,1,0,bajo,Bus
Madera,Alpujarra,16.2,Miercoles,13,1,0,0,medio,Bus
Prado,Suramericana,14.2,Viernes,14,1,0,0,bajo,Bus
San Javier,Aguacatala,3.8,Miercoles,0,0,0,0,medio,Metro
Hospital,San Antonio,7.3,Domingo,2,0,1,1,medio,Taxi
San Javier,Estadio,13.4,Domingo,5,0,1,0,bajo,Bus
Envigado,Tricentenario,8.5,Domingo,14,1,1,0,bajo,Bus
San Javier,Bello,8.3,Viernes,14,1,0,0,bajo,Bus
San Javier,Cisneros,11.5,Miercoles,0,0,0,1,bajo,Taxi
Santa Lucia,Tricentenario,3.2,Jueves,10,0,0,0,alto,Metro
Alpujarra,La Estrella,6.3,Domingo,23,0,1,1,medio,Taxi
Ayura,Caribe,12.4,Sabado,13,1,1,1,medio,Taxi
Niquia,Prado,16.0,Lunes,7,1,0,0,alto,Metro
Sabaneta,Tricentenario,15.2,Martes,0,0,0,1,bajo,Taxi
Madera,Industriales,5.6,Jueves,18,1,0,1,medio,Taxi
Niquia,San Antonio,5.9,Martes,12,1,0,1,alto,Taxi
Floresta,Envigado,9.2,Lunes,13,1,0,1,medio,Taxi
Alpujarra,Caribe,9.4,Miercoles,1,0,0,1,bajo,Taxi
Floresta,Caribe,10.9,Lunes,14,1,0,0,alto,Metro
Sabaneta,Santa Lucia,14.6,Jueves,11,1,0,1,medio,Taxi
Floresta,Tricentenario,8.1,Domingo,20,0,1,1,medio,Taxi
Aguacatala,Tricentenario,12.4,Domingo,5,0,1,1,alto,Taxi
Cisneros,Prado,18.0,Miercoles,16,0,0,0,bajo,Bus
La Estrella,Estadio,8.1,Martes,11,1,0,1,bajo,Taxi
La Estrella,Bello,2.6,Viernes,1,0,0,0,bajo,Taxi
Universidad,Aguacatala,14.9,Viernes,6,1,0,0,bajo,Bus
Caribe,Estadio,11.0,Domingo,3,0,1,1,bajo,Taxi
Parque Berrio,Prado,17.8,Jueves,20,0,0,1,alto,Taxi
Exposiciones,Universidad,11.1,Miercoles,22,0,0,1,medio,Taxi
Sabaneta,Suramericana,1.6,Domingo,3,0,1,0,bajo,Bus
Ayura,Parque Berrio,2.2,Domingo,10,0,1,1,bajo,Taxi
Estadio,Sabaneta,3.1,Jueves,17,1,0,0,medio,Bus
Sabaneta,Estadio,1.7,Martes,8,1,0,0,medio,Caminando
Santa Lucia,La Estrella,17.8,Miercoles,5,0,0,1,medio,Taxi
Ayura,Suramericana,1.5,Jueves,9,0,0,1,medio,Taxi
Tricentenario,La Estrella,1.2,Domingo,2,0,1,1,alto,Taxi
Exposiciones,Poblado,4.3,Miercoles,22,0,0,1,medio,Taxi
Alpujarra,La Estrella,13.9,Lunes,17,1,0,0,alto,Bus
Suramericana,La Estrella,11.0,Lunes,13,1,0,1,medio,Taxi
Envigado,Industriales,10.6,Lunes,21,0,0,1,bajo,Taxi
Sabaneta,La Estrella,7.3,Miercoles,2,0,0,0,medio,Taxi
Tricentenario,San Antonio,7.0,Martes,19,1,0,1,bajo,Taxi
Bello,Sabaneta,13.7,Sabado,16,0,1,1,medio,Taxi
Poblado,San Antonio,13.7,Domingo,14,1,1,1,alto,Taxi
Hospital,Cisneros,5.2,Jueves,0,0,0,0,bajo,Bus
Itagui,San Javier,19.1,Miercoles,3,0,0,0,alto,Taxi
San Javier,Aguacatala,4.9,Sabado,11,1,1,1,bajo,Taxi
Santa Lucia,Ayura,1.1,Viernes,21,0,0,0,medio,Bus
Cisneros,Prado,9.9,Domingo,5,0,1,0,alto,Bus
San Javier,Poblado,2.2,Domingo,11,1,1,1,alto,Taxi
Caribe,Bello,4.3,Domingo,15,0,1,0,alto,Bus
Acevedo,Caribe,5.7,Domingo,2,0,1,1,medio,Taxi
Cisneros,Niquia,15.0,Domingo,13,1,1,0,medio,Taxi
Envigado,Poblado,11.3,Sabado,3,0,1,1,alto,Taxi
Industriales,Madera,7.9,Viernes,23,0,0,0,medio,Taxi
San Antonio,Alpujarra,9.2,Martes,2,0,0,1,alto,Taxi
Santa Lucia,Parque Berrio,15.5,Viernes,19,1,0,1,alto,Taxi
La Estrella,Hospital,4.2,Miercoles,16,0,0,1,alto,Taxi
La Estrella,Ayura,6.6,Sabado,8,1,1,0,alto,Bus
Estadio,Niquia,1.1,Viernes,2,0,0,1,medio,Taxi
Industriales,Prado,15.7,Jueves,14,1,0,1,bajo,Taxi
San Antonio,Madera,12.6,Lunes,6,1,0,1,medio,Taxi
Aguacatala,Alpujarra,7.8,Domingo,21,0,1,0,alto,Taxi
Aguacatala,San Antonio,10.7,Domingo,21,0,1,1,medio,Taxi
Universidad,Tricentenario,7.8,Domingo,8,1,1,1,medio,Taxi
Madera,Cisneros,19.6,Sabado,15,0,1,1,bajo,Taxi
San Javier,Acevedo,5.3,Viernes,9,0,0,0,bajo,Bus
Prado,Floresta,18.8,Miercoles,1,0,0,1,alto,Taxi
Sabaneta,Suramericana,16.5,Lunes,2,0,0,0,bajo,Bus
Acevedo,Prado,7.9,Jueves,16,0,0,0,bajo,Bus
Industriales,Poblado,14.3,Lunes,9,0,0,0,bajo,Bus
Poblado,La Estrella,1.6,Domingo,14,1,1,0,medio,Bus
Itagui,Cisneros,6.4,Miercoles,1,0,0,1,bajo,Taxi
Hospital,San Javier,4.5,Martes,19,1,0,1,alto,Taxi
Ayura,Madera,5.4,Domingo,13,1,1,0,medio,Bus
Bello,Alpujarra,7.1,Viernes,17,1,0,1,alto,Taxi
Caribe,Prado,18.0,Domingo,23,0,1,0,alto,Metro
Poblado,Bello,1.7,Jueves,17,1,0,0,medio,Bus
Madera,Estadio,14.9,Miercoles,11,1,0,0,alto,Taxi
Universidad,Caribe,10.0,Martes,5,0,0,1,bajo,Taxi
Niquia,Tricentenario,12.9,Viernes,5,0,0,1,medio,Taxi
Santa Lucia,Universidad,15.1,Domingo,22,0,1,1,medio,Taxi
Niquia,La Estrella,3.0,Viernes,0,0,0,0,medio,Metro
Niquia,Exposiciones,13.2,Sabado,8,1,1,1,alto,Taxi
Acevedo,Niquia,18.5,Viernes,22,0,0,0,bajo,Bus
Industriales,Envigado,8.1,Lunes,1,0,0,1,medio,Taxi
La Estrella,San Javier,2.1,Viernes,4,0,0,0,bajo,Metro
Exposiciones,Poblado,4.5,Sabado,21,0,1,1,alto,Taxi
Exposiciones,Prado,16.9,Jueves,18,1,0,1,medio,Taxi
Tricentenario,Aguacatala,14.5,Lunes,13,1,0,0,alto,Bus
Prado,Estadio,16.2,Sabado,7,1,1,1,alto,Taxi
Envigado,Suramericana,2.5,Viernes,6,1,0,0,medio,Bus
Suramericana,La Estrella,9.7,Jueves,9,0,0,0,alto,Metro
Parque Berrio,Aguacatala,2.0,Miercoles,9,0,0,0,medio,Caminando
Industriales,Parque Berrio,18.9,Domingo,8,1,1,1,alto,Taxi
Itagui,Floresta,8.8,Domingo,8,1,1,0,medio,Metro
Industriales,Cisneros,19.6,Jueves,2,0,0,0,medio,Bus
Poblado,Exposiciones,7.6,Jueves,10,0,0,0,alto,Taxi
Sabaneta,Niquia,14.4,Domingo,4,0,1,1,bajo,Taxi
Prado,Universidad,4.5,Domingo,17,1,1,1,medio,Taxi
Bello,Parque Berrio,8.7,Viernes,14,1,0,1,medio,Taxi
Prado,San Javier,15.7,Sabado,23,0,1,0,medio,Metro
Santa Lucia,Acevedo,18.2,Martes,4,0,0,0,medio,Taxi
San Javier,Bello,9.1,Domingo,10,0,1,0,bajo,Bus
Prado,Universidad,4.2,Miercoles,19,1,0,1,medio,Taxi
Caribe,Santa Lucia,1.4,Domingo,1,0,1,1,alto,Taxi
Aguacatala,Santa Lucia,7.2,Viernes,22,0,0,0,medio,Metro
Suramericana,Prado,7.7,Jueves,1,0,0,1,bajo,Taxi
Sabaneta,Acevedo,1.2,Martes,3,0,0,0,bajo,Caminando
San Antonio,Prado,3.7,Jueves,10,0,0,1,alto,Taxi
Alpujarra,Aguacatala,10.1,Domingo,13,1,1,1,alto,Taxi
Exposiciones,Prado,2.4,Viernes,10,0,0,1,bajo,Taxi
Floresta,Ayura,18.1,Miercoles,6,1,0,0,medio,Bus
San Antonio,Envigado,4.1,Sabado,6,1,1,1,bajo,Taxi
Sabaneta,Floresta,12.6,Domingo,20,0,1,0,alto,Metro
Exposiciones,Caribe,4.8,Martes,11,1,0,1,medio,Taxi
Hospital,La Estrella,10.3,Domingo,5,0,1,1,alto,Taxi
Envigado,Hospital,19.0,Domingo,21,0,1,0,medio,Metro
Itagui,Prado,18.4,Martes,18,1,0,0,medio,Bus
Hospital,Aguacatala,17.1,Miercoles,14,1,0,1,bajo,Taxi
Exposiciones,Cisneros,1.3,Sabado,16,0,1,0,alto,Caminando
Prado,Cisneros,9.8,Miercoles,14,1,0,0,bajo,Bus
Poblado,Universidad,14.3,Domingo,15,0,1,0,bajo,Bus
Envigado,Santa Lucia,16.3,Viernes,18,1,0,0,alto,Metro
Prado,Industriales,7.3,Viernes,19,1,0,0,medio,Bus
Universidad,Cisneros,4.4,Lunes,12,1,0,1,medio,Taxi
Cisneros,San Javier,13.2,Lunes,2,0,0,0,alto,Taxi
San Antonio,Aguacatala,2.0,Domingo,2,0,1,0,bajo,Caminando
Acevedo,Itagui,7.1,Miercoles,3,0,0,0,alto,Metro
Floresta,Industriales,15.4,Martes,1,0,0,1,medio,Taxi
Tricentenario,Exposiciones,16.2,Martes,16,0,0,1,bajo,Taxi
Aguacatala,Ayura,14.4,Domingo,12,1,1,1,medio,Taxi
Bello,Poblado,8.9,Miercoles,4,0,0,1,medio,Taxi
Parque Berrio,Alpujarra,6.7,Jueves,10,0,0,0,alto,Taxi
Envigado,Exposiciones,14.2,Miercoles,16,0,0,0,bajo,Bus
Floresta,Prado,4.4,Lunes,23,0,0,1,medio,Taxi
Sabaneta,Acevedo,9.4,Jueves,18,1,0,0,alto,Bus
Prado,San Javier,11.8,Jueves,5,0,0,1,bajo,Taxi
Industriales,San Antonio,18.8,Viernes,17,1,0,1,alto,Taxi
Sabaneta,Parque Berrio,6.0,Domingo,17,1,1,1,bajo,Taxi
Aguacatala,Hospital,14.4,Jueves,17,1,0,1,bajo,Taxi
Ayura,Hospital,16.2,Domingo,8,1,1,0,bajo,Bus
Madera,Poblado,11.2,Sabado,8,1,1,1,bajo,Taxi
Exposiciones,Hospital,14.0,Miercoles,18,1,0,1,medio,Taxi
Poblado,Cisneros,7.4,Martes,10,0,0,0,bajo,Bus
Estadio,Parque Berrio,16.0,Jueves,3,0,0,1,bajo,Taxi
Parque Berrio,Envigado,16.4,Miercoles,4,0,0,1,bajo,Taxi
Ayura,La Estrella,7.0,Miercoles,14,1,0,1,medio,Taxi
Tricentenario,Universidad,15.3,Lunes,3,0,0,0,medio,Bus
Alpujarra,Poblado,4.8,Martes,19,1,0,1,bajo,Taxi
Poblado,Sabaneta,3.2,Lunes,8,1,0,0,medio,Bus
Ayura,Prado,18.0,Domingo,1,0,1,1,alto,Taxi
La Estrella,Sabaneta,15.3,Sabado,11,1,1,0,bajo,Bus
Alpujarra,Madera,3.6,Martes,2,0,0,1,medio,Taxi
Caribe,Cisneros,13.4,Domingo,20,0,1,0,medio,Metro
La Estrella,Exposiciones,8.7,Miercoles,18,1,0,1,medio,Taxi
Aguacatala,Hospital,9.6,Domingo,3,0,1,0,bajo,Bus
San Antonio,Madera,13.7,Jueves,16,0,0,1,alto,Taxi
Industriales,Itagui,11.3,Jueves,20,0,0,0,alto,Bus
Hospital,Madera,17.5,Lunes,16,0,0,0,medio,Bus
Poblado,Acevedo,14.3,Domingo,22,0,1,0,alto,Metro
Madera,Niquia,13.5,Viernes,18,1,0,0,alto,Bus
La Estrella,Prado,18.9,Domingo,6,1,1,1,bajo,Taxi
Cisneros,Prado,18.3,Sabado,10,0,1,0,alto,Taxi
Exposiciones,Aguacatala,11.2,Miercoles,1,0,0,0,alto,Metro
Cisneros,Estadio,9.9,Domingo,14,1,1,1,medio,Taxi
Itagui,Madera,19.7,Sabado,8,1,1,1,alto,Taxi
Envigado,La Estrella,4.1,Lunes,5,0,0,1,alto,Taxi
Alpujarra,Industriales,11.8,Jueves,4,0,0,0,medio,Taxi
Ayura,Madera,6.6,Lunes,2,0,0,0,alto,Metro
Prado,Tricentenario,19.3,Jueves,23,0,0,0,alto,Taxi
Prado,San Antonio,9.8,Jueves,5,0,0,0,medio,Metro
Niquia,San Antonio,2.7,Viernes,5,0,0,1,medio,Taxi
Prado,Parque Berrio,9.0,Miercoles,12,1,0,0,medio,Taxi
Parque Berrio,Alpujarra,10.6,Sabado,13,1,1,1,medio,Taxi
Hospital,Floresta,6.8,Jueves,7,1,0,0,medio,Bus
Hospital,Caribe,10.3,Sabado,8,1,1,0,bajo,Bus
Alpujarra,Estadio,6.1,Viernes,9,0,0,1,medio,Taxi
Sabaneta,Itagui,18.9,Viernes,5,0,0,1,medio,Taxi
Aguacatala,Envigado,15.6,Viernes,8,1,0,0,bajo,Bus
San Javier,Prado,10.0,Miercoles,3,0,0,0,alto,Metro
Itagui,Bello,3.7,Martes,20,0,0,0,medio,Taxi
Estadio,Aguacatala,3.3,Viernes,21,0,0,0,medio,Bus
Hospital,Parque Berrio,11.6,Martes,11,1,0,0,alto,Bus
Estadio,Santa Lucia,16.9,Martes,16,0,0,0,alto,Bus
San Javier,San Antonio,7.4,Martes,1,0,0,0,alto,Taxi
Caribe,Tricentenario,10.9,Domingo,12,1,1,1,alto,Taxi
Prado,Niquia,8.5,Lunes,12,1,0,1,medio,Taxi
Estadio,Caribe,15.8,Miercoles,9,0,0,0,alto,Bus
Ayura,Exposiciones,6.4,Lunes,21,0,0,0,bajo,Bus
Parque Berrio,Madera,19.3,Viernes,3,0,0,1,medio,Taxi
Aguacatala,Exposiciones,6.3,Viernes,21,0,0,0,medio,Bus
Aguacatala,Suramericana,19.0,Jueves,13,1,0,0,alto,Metro
Aguacatala,Cisneros,13.3,Sabado,8,1,1,1,medio,Taxi
Santa Lucia,Estadio,16.4,Domingo,19,1,1,1,bajo,Taxi
Poblado,Exposiciones,18.7,Miercoles,2,0,0,0,alto,Taxi
Alpujarra,Prado,12.3,Martes,17,1,0,0,medio,Bus
Ayura,Estadio,14.0,Lunes,8,1,0,0,alto,Metro
Caribe,Cisneros,5.6,Domingo,1,0,1,0,medio,Metro
Cisneros,Estadio,19.7,Sabado,9,0,1,0,alto,Metro
Bello,Cisneros,10.1,Miercoles,7,1,0,0,alto,Bus
Hospital,Floresta,12.2,Viernes,20,0,0,0,bajo,Bus
Ayura,Industriales,11.2,Domingo,17,1,1,0,medio,Bus
Ayura,Suramericana,7.0,Jueves,2,0,0,1,medio,Taxi
Prado,San Javier,9.8,Miercoles,9,0,0,0,bajo,Bus
Envigado,Madera,19.7,Domingo,11,1,1,1,bajo,Taxi
San Antonio,Santa Lucia,13.4,Miercoles,9,0,0,0,alto,Taxi
Parque Berrio,Hospital,18.3,Miercoles,19,1,0,0,medio,Bus
Poblado,Industriales,4.9,Domingo,8,1,1,1,bajo,Taxi
Prado,Madera,11.7,Jueves,22,0,0,0,medio,Metro
Suramericana,Prado,5.2,Martes,12,1,0,1,bajo,Taxi
Parque Berrio,Bello,14.2,Sabado,2,0,1,0,bajo,Bus
Aguacatala,Poblado,12.6,Viernes,21,0,0,1,medio,Taxi
Floresta,Prado,16.7,Domingo,15,0,1,1,bajo,Taxi
Estadio,Exposiciones,14.8,Miercoles,11,1,0,1,bajo,Taxi
Industriales,San Javier,3.1,Lunes,1,0,0,1,bajo,Taxi
Industriales,Alpujarra,6.6,Sabado,19,1,1,0,medio,Bus
Sabaneta,Santa Lucia,4.0,Martes,11,1,0,0,alto,Taxi
Sabaneta,Poblado,9.9,Viernes,9,0,0,1,alto,Taxi
Tricentenario,Sabaneta,5.5,Domingo,12,1,1,0,bajo,Bus
Aguacatala,Madera,18.7,Lunes,18,1,0,1,medio,Taxi
Exposiciones,San Javier,9.9,Viernes,8,1,0,0,bajo,Bus
Parque Berrio,Sabaneta,3.9,Jueves,15,0,0,1,alto,Taxi
La Estrella,Santa Lucia,6.1,Domingo,14,1,1,1,alto,Taxi
Cisneros,San Javier,3.9,Martes,9,0,0,0,bajo,Bus
Alpujarra,Universidad,1.9,Miercoles,13,1,0,1,medio,Taxi
Ayura,San Antonio,10.9,Lunes,3,0,0,1,bajo,Taxi
Universidad,Bello,19.9,Jueves,21,0,0,0,bajo,Bus
Envigado,Estadio,15.2,Miercoles,18,1,0,0,bajo,Bus
Parque Berrio,Sabaneta,19.8,Domingo,0,0,1,1,alto,Taxi
San Javier,Cisneros,2.0,Sabado,21,0,1,1,alto,Taxi
Caribe,Santa Lucia,2.6,Viernes,23,0,0,0,alto,Bus
Universidad,Cisneros,16.2,Miercoles,5,0,0,1,bajo,Taxi
Industriales,Suramericana,8.9,Miercoles,14,1,0,1,medio,Taxi
Universidad,Tricentenario,14.2,Lunes,14,1,0,1,medio,Taxi
Ayura,Parque Berrio,14.2,Viernes,2,0,0,0,bajo,Bus
Cisneros,Hospital,15.9,Martes,4,0,0,0,alto,Bus
Envigado,Santa Lucia,12.8,Domingo,22,0,1,0,medio,Bus
Acevedo,La Estrella,17.1,Lunes,11,1,0,0,medio,Metro
Alpujarra,Poblado,2.8,Viernes,18,1,0,0,medio,Bus
Sabaneta,Caribe,9.9,Martes,4,0,0,0,bajo,Bus
Niquia,Madera,15.1,Domingo,10,0,1,0,alto,Taxi
Parque Berrio,La Estrella,12.3,Domingo,5,0,1,1,medio,Taxi
Poblado,Universidad,2.9,Miercoles,4,0,0,0,alto,Taxi
Universidad,Madera,9.0,Sabado,10,0,1,1,medio,Taxi
Niquia,Industriales,4.9,Domingo,2,0,1,1,alto,Taxi
San Javier,Santa Lucia,14.1,Domingo,5,0,1,0,medio,Metro
Madera,Prado,18.1,Sabado,21,0,1,0,alto,Bus
Tricentenario,Parque Berrio,5.5,Domingo,0,0,1,1,bajo,Taxi
Envigado,Acevedo,9.8,Miercoles,20,0,0,1,alto,Taxi
Bello,San Antonio,18.9,Sabado,15,0,1,0,bajo,Bus
Floresta,Madera,11.6,Lunes,19,1,0,0,alto,Metro
Santa Lucia,Floresta,18.5,Miercoles,13,1,0,1,medio,Taxi
San Javier,Niquia,3.1,Sabado,16,0,1,0,alto,Bus
Acevedo,Bello,3.7,Miercoles,19,1,0,0,bajo,Bus
Prado,Bello,3.3,Miercoles,18,1,0,0,alto,Bus
Prado,Poblado,16.1,Viernes,18,1,0,0,medio,Metro
Aguacatala,Estadio,16.3,Domingo,18,1,1,0,medio,Metro
Estadio,Aguacatala,4.0,Viernes,19,1,0,0,bajo,Bus
Exposiciones,Santa Lucia,9.3,Viernes,8,1,0,1,medio,Taxi
Universidad,Parque Berrio,17.9,Viernes,0,0,0,0,bajo,Bus
Caribe,Sabaneta,16.7,Viernes,8,1,0,0,bajo,Bus
Alpujarra,Exposiciones,11.7,Martes,21,0,0,1,alto,Taxi
Aguacatala,Hospital,5.5,Domingo,11,1,1,0,medio,Bus
Universidad,Cisneros,17.9,Viernes,9,0,0,1,medio,Taxi
Madera,Bello,11.8,Sabado,9,0,1,1,alto,Taxi
La Estrella,Tricentenario,7.9,Viernes,11,1,0,0,bajo,Bus
Itagui,Bello,8.3,Lunes,21,0,0,0,bajo,Bus
Caribe,Alpujarra,1.2,Martes,2,0,0,1,alto,Taxi
Cisneros,Prado,8.6,Miercoles,14,1,0,1,alto,Taxi
Envigado,Itagui,10.7,Miercoles,14,1,0,1,alto,Taxi
Universidad,Parque Berrio,1.9,Martes,21,0,0,1,alto,Taxi
Tricentenario,Parque Berrio,6.8,Domingo,22,0,1,0,medio,Taxi
Universidad,Alpujarra,18.2,Martes,5,0,0,0,alto,Bus
Prado,Madera,8.6,Sabado,13,1,1,0,medio,Bus
Itagui,Universidad,1.3,Domingo,9,0,1,0,alto,Caminando
Cisneros,La Estrella,4.3,Miercoles,9,0,0,0,bajo,Taxi
Ayura,Bello,17.8,Lunes,17,1,0,0,bajo,Bus
Exposiciones,Sabaneta,4.2,Lunes,18,1,0,0,medio,Bus
San Antonio,Tricentenario,14.8,Martes,10,0,0,0,medio,Taxi
Parque Berrio,Santa Lucia,16.1,Lunes,0,0,0,0,medio,Metro
Tricentenario,Acevedo,1.7,Jueves,19,1,0,0,medio,Caminando
Niquia,Bello,10.8,Miercoles,14,1,0,0,bajo,Bus
Hospital,Caribe,13.8,Martes,8,1,0,1,medio,Taxi
Madera,La Estrella,2.2,Miercoles,4,0,0,1,medio,Taxi
Suramericana,Caribe,15.9,Domingo,6,1,1,0,bajo,Bus
Caribe,Alpujarra,19.8,Lunes,15,0,0,1,bajo,Taxi
Ayura,Bello,16.9,Miercoles,16,0,0,1,alto,Taxi
Suramericana,Sabaneta,18.6,Miercoles,22,0,0,0,alto,Taxi
Estadio,Tricentenario,4.2,Lunes,22,0,0,1,bajo,Taxi
Cisneros,Exposiciones,8.5,Jueves,7,1,0,0,alto,Bus
Cisneros,San Antonio,18.8,Jueves,16,0,0,1,alto,Taxi
Cisneros,Tricentenario,3.2,Martes,23,0,0,1,alto,Taxi
Exposiciones,Hospital,15.0,Viernes,8,1,0,0,bajo,Bus
Exposiciones,Santa Lucia,6.8,Sabado,8,1,1,1,bajo,Taxi
Bello,Acevedo,17.1,Sabado,6,1,1,0,medio,Bus
Poblado,Industriales,7.3,Sabado,7,1,1,1,alto,Taxi
La Estrella,Prado,4.6,Jueves,18,1,0,0,bajo,Bus
Industriales,Floresta,12.2,Viernes,23,0,0,0,medio,Metro
Hospital,Niquia,13.7,Jueves,0,0,0,1,bajo,Taxi
Acevedo,Universidad,19.9,Jueves,19,1,0,1,alto,Taxi
Cisneros,Poblado,9.2,Miercoles,23,0,0,1,medio,Taxi
Poblado,Tricentenario,9.7,Viernes,17,1,0,0,bajo,Bus
Floresta,Caribe,15.2,Miercoles,2,0,0,1,medio,Taxi
Tricentenario,Hospital,3.5,Miercoles,17,1,0,0,bajo,Bus
Cisneros,Ayura,19.2,Viernes,9,0,0,1,bajo,Taxi
Estadio,Alpujarra,13.6,Martes,5,0,0,1,alto,Taxi
Poblado,Floresta,17.3,Miercoles,22,0,0,0,alto,Bus
Madera,San Antonio,13.1,Martes,3,0,0,0,medio,Metro
Bello,Floresta,16.4,Jueves,9,0,0,0,alto,Bus
Poblado,Itagui,10.7,Miercoles,4,0,0,0,bajo,Bus
Alpujarra,Universidad,8.0,Domingo,13,1,1,1,bajo,Taxi
Universidad,Poblado,13.5,Miercoles,23,0,0,0,bajo,Bus
Sabaneta,Niquia,4.1,Viernes,3,0,0,1,medio,Taxi
Sabaneta,La Estrella,14.7,Martes,13,1,0,1,alto,Taxi
Niquia,Santa Lucia,11.8,Miercoles,5,0,0,0,alto,Metro
Ayura,La Estrella,10.3,Sabado,1,0,1,1,medio,Taxi
Universidad,Bello,7.8,Martes,18,1,0,1,bajo,Taxi
Ayura,Poblado,8.0,Martes,10,0,0,0,medio,Bus
Suramericana,Estadio,16.2,Miercoles,20,0,0,1,bajo,Taxi
Parque Berrio,Tricentenario,11.6,Sabado,16,0,1,0,alto,Taxi
Alpujarra,San Javier,5.3,Lunes,9,0,0,1,alto,Taxi
Santa Lucia,Sabaneta,16.4,Miercoles,14,1,0,0,medio,Bus
Itagui,La Estrella,1.7,Viernes,9,0,0,1,alto,Taxi
Prado,La Estrella,15.3,Domingo,11,1,1,0,bajo,Bus
San Antonio,Exposiciones,7.5,Miercoles,20,0,0,0,medio,Taxi
Caribe,San Antonio,14.9,Lunes,18,1,0,0,bajo,Bus
La Estrella,Sabaneta,9.9,Lunes,5,0,0,1,alto,Taxi
Floresta,Hospital,17.5,Viernes,5,0,0,0,alto,Taxi
Estadio,Madera,8.1,Lunes,18,1,0,1,medio,Taxi
Industriales,La Estrella,18.6,Martes,18,1,0,0,alto,Bus
Cisneros,Hospital,3.9,Lunes,16,0,0,1,bajo,Taxi
San Javier,Niquia,3.4,Martes,6,1,0,1,medio,Taxi
Tricentenario,Universidad,18.5,Sabado,18,1,1,1,bajo,Taxi
Parque Berrio,San Antonio,17.9,Martes,2,0,0,1,bajo,Taxi
La Estrella,Tricentenario,17.5,Martes,5,0,0,0,alto,Metro
Parque Berrio,Alpujarra,11.2,Sabado,22,0,1,0,medio,Metro
Estadio,Floresta,13.5,Sabado,20,0,1,0,bajo,Bus
Prado,Industriales,10.2,Lunes,2,0,0,0,medio,Taxi
Poblado,Caribe,9.8,Miercoles,19,1,0,1,bajo,Taxi
Suramericana,Niquia,3.2,Domingo,13,1,1,0,alto,Metro
Bello,Poblado,8.5,Jueves,7,1,0,1,bajo,Taxi
Envigado,La Estrella,10.7,Jueves,15,0,0,1,medio,Taxi
Acevedo,Niquia,18.6,Sabado,14,1,1,0,medio,Bus
Poblado,San Javier,16.5,Martes,6,1,0,1,bajo,Taxi
Santa Lucia,Parque Berrio,13.8,Sabado,18,1,1,1,medio,Taxi
Acevedo,Sabaneta,7.3,Miercoles,15,0,0,1,alto,Taxi
Santa Lucia,Prado,5.2,Martes,10,0,0,0,alto,Metro
Prado,Hospital,7.4,Martes,3,0,0,1,medio,Taxi
Niquia,Universidad,10.6,Domingo,13,1,1,0,medio,Taxi
Prado,Universidad,13.7,Martes,14,1,0,1,medio,Taxi
Prado,Ayura,19.7,Jueves,13,1,0,1,alto,Taxi
Envigado,Cisneros,10.4,Domingo,1,0,1,1,bajo,Taxi
Aguacatala,Ayura,7.3,Martes,4,0,0,1,medio,Taxi
Hospital,La Estrella,15.4,Jueves,11,1,0,1,bajo,Taxi
Envigado,Caribe,9.9,Martes,0,0,0,1,alto,Taxi
Tricentenario,La Estrella,1.2,Sabado,12,1,1,1,bajo,Taxi
Parque Berrio,Tricentenario,15.3,Martes,4,0,0,1,medio,Taxi
Alpujarra,Cisneros,14.7,Jueves,17,1,0,0,bajo,Bus
Industriales,Madera,9.0,Miercoles,20,0,0,1,bajo,Taxi
Parque Berrio,Floresta,3.4,Viernes,20,0,0,0,medio,Bus
Acevedo,Aguacatala,15.7,Miercoles,0,0,0,1,bajo,Taxi
Floresta,Tricentenario,19.2,Martes,22,0,0,0,alto,Taxi
Santa Lucia,Suramericana,19.9,Miercoles,2,0,0,0,bajo,Bus
Sabaneta,Santa Lucia,9.0,Lunes,3,0,0,1,bajo,Taxi
San Javier,Industriales,13.9,Lunes,16,0,0,1,bajo,Taxi
Suramericana,La Estrella,12.4,Viernes,15,0,0,0,medio,Taxi
Universidad,Bello,19.8,Miercoles,7,1,0,1,bajo,Taxi
Estadio,Acevedo,9.3,Domingo,20,0,1,1,alto,Taxi
Niquia,Industriales,9.5,Domingo,4,0,1,1,medio,Taxi
Bello,Hospital,19.9,Sabado,9,0,1,1,medio,Taxi
Santa Lucia,Poblado,10.0,Sabado,1,0,1,0,medio,Bus
Santa Lucia,Bello,3.4,Sabado,3,0,1,0,bajo,Metro
Cisneros,Santa Lucia,4.9,Viernes,11,1,0,1,bajo,Taxi
Hospital,Parque Berrio,16.2,Lunes,17,1,0,0,alto,Metro
Sabaneta,San Javier,14.3,Domingo,2,0,1,1,medio,Taxi
Aguacatala,Cisneros,13.0,Domingo,1,0,1,0,alto,Metro
Tricentenario,Bello,7.0,Martes,12,1,0,1,bajo,Taxi
Madera,Ayura,9.2,Lunes,11,1,0,0,medio,Bus
Ayura,San Javier,10.5,Martes,17,1,0,0,bajo,Bus
Acevedo,Santa Lucia,10.9,Domingo,10,0,1,0,alto,Taxi
Envigado,Suramericana,15.9,Domingo,17,1,1,1,medio,Taxi
Envigado,Bello,6.8,Viernes,6,1,0,0,medio,Bus
Industriales,Alpujarra,19.0,Viernes,17,1,0,0,alto,Bus
Bello,Alpujarra,6.6,Sabado,5,0,1,0,alto,Taxi
Industriales,Floresta,8.5,Miercoles,10,0,0,1,bajo,Taxi
Suramericana,Estadio,16.8,Lunes,20,0,0,1,bajo,Taxi
Madera,Prado,19.7,Domingo,9,0,1,1,bajo,Taxi
Madera,Acevedo,3.1,Sabado,19,1,1,0,medio,Bus
Acevedo,Sabaneta,18.9,Lunes,18,1,0,0,alto,Bus
Cisneros,Hospital,7.1,Sabado,9,0,1,1,alto,Taxi
Universidad,Estadio,10.6,Domingo,19,1,1,1,bajo,Taxi
Poblado,Universidad,6.6,Miercoles,4,0,0,0,bajo,Bus
Floresta,Bello,1.6,Lunes,1,0,0,1,bajo,Taxi
Acevedo,Bello,11.5,Martes,3,0,0,1,bajo,Taxi
Prado,Industriales,4.8,Domingo,1,0,1,0,alto,Metro
Universidad,Alpujarra,2.7,Lunes,6,1,0,0,alto,Bus
Santa Lucia,Aguacatala,4.7,Sabado,3,0,1,0,alto,Bus
Caribe,Santa Lucia,5.8,Lunes,21,0,0,0,bajo,Bus
Itagui,Alpujarra,12.5,Jueves,19,1,0,0,bajo,Bus
Exposiciones,Sabaneta,5.5,Miercoles,15,0,0,0,bajo,Bus
Floresta,Parque Berrio,18.9,Lunes,9,0,0,1,alto,Taxi
Alpujarra,Exposiciones,8.0,Martes,21,0,0,1,bajo,Taxi
Aguacatala,Estadio,2.8,Martes,23,0,0,1,medio,Taxi
Tricentenario,Madera,8.1,Martes,9,0,0,1,alto,Taxi
Madera,Alpujarra,6.4,Miercoles,18,1,0,0,medio,Bus
Itagui,Cisneros,13.2,Domingo,17,1,1,1,bajo,Taxi
Bello,Industriales,7.5,Lunes,11,1,0,1,bajo,Taxi
Madera,Universidad,15.4,Lunes,17,1,0,1,medio,Taxi
Universidad,Caribe,4.3,Viernes,17,1,0,0,medio,Bus
Itagui,Estadio,6.6,Sabado,9,0,1,1,alto,Taxi
Santa Lucia,Caribe,11.5,Martes,16,0,0,1,medio,Taxi
Santa Lucia,San Javier,6.8,Domingo,23,0,1,1,alto,Taxi
Envigado,Prado,8.5,Miercoles,0,0,0,1,bajo,Taxi
Ayura,La Estrella,16.5,Viernes,16,0,0,1,alto,Taxi
Exposiciones,Santa Lucia,17.8,Martes,13,1,0,0,medio,Bus
San Antonio,Sabaneta,8.2,Martes,12,1,0,0,medio,Bus
Hospital,Envigado,7.0,Lunes,12,1,0,0,medio,Taxi
Exposiciones,Suramericana,19.7,Lunes,21,0,0,0,medio,Taxi
Madera,Estadio,9.9,Domingo,0,0,1,0,medio,Metro
Exposiciones,Industriales,3.5,Miercoles,0,0,0,1,medio,Taxi
Santa Lucia,Suramericana,13.7,Sabado,11,1,1,0,alto,Taxi
Suramericana,Niquia,12.3,Lunes,8,1,0,1,alto,Taxi
Madera,Santa Lucia,3.4,Miercoles,2,0,0,1,bajo,Taxi
Acevedo,Sabaneta,6.5,Sabado,19,1,1,0,alto,Bus
Exposiciones,Santa Lucia,13.8,Miercoles,15,0,0,1,bajo,Taxi
Envigado,Ayura,14.7,Domingo,15,0,1,0,bajo,Bus
Madera,Estadio,1.7,Jueves,22,0,0,0,alto,Caminando
Niquia,San Javier,7.3,Jueves,1,0,0,0,alto,Metro
Santa Lucia,Industriales,5.7,Jueves,8,1,0,0,bajo,Bus
Caribe,Alpujarra,18.4,Domingo,14,1,1,1,medio,Taxi
Cisneros,Bello,17.3,Jueves,23,0,0,0,alto,Bus
La Estrella,Ayura,10.3,Sabado,10,0,1,0,alto,Taxi
Exposiciones,Parque Berrio,11.6,Lunes,20,0,0,0,bajo,Bus
Universidad,Prado,7.7,Domingo,2,0,1,0,medio,Bus
Exposiciones,Prado,15.5,Sabado,7,1,1,0,alto,Bus
Ayura,Caribe,6.3,Jueves,16,0,0,0,bajo,Bus
Cisneros,Floresta,15.6,Lunes,7,1,0,0,alto,Metro
Parque Berrio,Industriales,15.2,Martes,18,1,0,0,alto,Metro
Parque Berrio,La Estrella,14.4,Domingo,10,0,1,0,bajo,Bus
Prado,Niquia,15.6,Martes,7,1,0,0,alto,Bus
Suramericana,Madera,9.6,Domingo,22,0,1,1,medio,Taxi
Santa Lucia,Itagui,11.9,Sabado,9,0,1,1,bajo,Taxi
Niquia,Ayura,8.9,Sabado,18,1,1,1,bajo,Taxi
Tricentenario,Industriales,12.1,Jueves,17,1,0,1,medio,Taxi
San Javier,Santa Lucia,16.1,Viernes,8,1,0,0,medio,Metro
San Javier,Parque Berrio,13.3,Sabado,7,1,1,1,alto,Taxi
San Javier,Prado,17.1,Sabado,15,0,1,0,alto,Taxi
Poblado,Alpujarra,2.0,Sabado,16,0,1,1,medio,Taxi
Santa Lucia,La Estrella,12.9,Miercoles,13,1,0,0,alto,Metro
Itagui,Hospital,7.8,Miercoles,19,1,0,1,alto,Taxi
Ayura,Bello,11.3,Viernes,19,1,0,1,medio,Taxi
Sabaneta,Bello,13.4,Sabado,20,0,1,1,bajo,Taxi
Caribe,Itagui,9.3,Martes,9,0,0,0,medio,Taxi
Universidad,Estadio,19.5,Domingo,6,1,1,0,medio,Metro
La Estrella,Parque Berrio,10.2,Domingo,7,1,1,0,medio,Bus
Exposiciones,San Javier,15.7,Domingo,23,0,1,0,bajo,Bus
Envigado,Niquia,19.1,Sabado,12,1,1,1,bajo,Taxi
Prado,Ayura,6.8,Miercoles,14,1,0,1,alto,Taxi
Madera,Universidad,1.6,Miercoles,16,0,0,0,medio,Caminando
Ayura,Envigado,3.3,Viernes,9,0,0,1,bajo,Taxi
Alpujarra,Industriales,5.8,Sabado,22,0,1,1,alto,Taxi
Prado,Niquia,5.5,Domingo,1,0,1,1,alto,Taxi
Tricentenario,Floresta,16.5,Domingo,3,0,1,0,medio,Taxi
Caribe,Acevedo,18.9,Viernes,6,1,0,0,medio,Bus
Alpujarra,Sabaneta,7.5,Miercoles,20,0,0,1,medio,Taxi
Poblado,Universidad,12.4,Miercoles,18,1,0,0,bajo,Bus
Prado,Suramericana,14.1,Viernes,15,0,0,0,medio,Taxi
Itagui,Floresta,9.6,Miercoles,15,0,0,0,medio,Bus
Poblado,Prado,18.5,Viernes,22,0,0,1,alto,Taxi
Sabaneta,Aguacatala,12.9,Domingo,16,0,1,0,medio,Taxi
Poblado,Hospital,5.3,Sabado,7,1,1,1,bajo,Taxi
Envigado,Sabaneta,6.6,Sabado,0,0,1,1,alto,Taxi
La Estrella,Sabaneta,3.2,Jueves,11,1,0,1,bajo,Taxi
Niquia,Bello,6.8,Jueves,14,1,0,1,bajo,Taxi
Bello,Itagui,18.8,Viernes,11,1,0,1,alto,Taxi
Alpujarra,Caribe,3.0,Lunes,12,1,0,1,bajo,Taxi
Floresta,Itagui,19.1,Martes,10,0,0,1,alto,Taxi
Acevedo,Aguacatala,16.0,Lunes,0,0,0,1,bajo,Taxi
Bello,Itagui,19.8,Viernes,22,0,0,0,bajo,Bus
Hospital,Niquia,12.5,Domingo,8,1,1,1,alto,Taxi
La Estrella,Industriales,16.2,Domingo,0,0,1,0,bajo,Bus
Tricentenario,Itagui,3.2,Jueves,11,1,0,0,medio,Bus
Sabaneta,La Estrella,19.9,Martes,18,1,0,1,medio,Taxi
Estadio,Tricentenario,14.6,Viernes,12,1,0,0,medio,Metro
Tricentenario,Santa Lucia,4.4,Sabado,13,1,1,1,bajo,Taxi
San Antonio,Madera,13.0,Viernes,20,0,0,1,alto,Taxi
Bello,Exposiciones,14.7,Lunes,13,1,0,0,alto,Bus
Caribe,Envigado,7.9,Domingo,10,0,1,1,bajo,Taxi
Alpujarra,Exposiciones,16.4,Sabado,18,1,1,1,medio,Taxi
Caribe,Prado,6.6,Miercoles,22,0,0,0,alto,Metro
Suramericana,Prado,19.0,Sabado,14,1,1,0,bajo,Bus
San Antonio,Universidad,11.5,Martes,8,1,0,1,alto,Taxi
Itagui,Suramericana,18.3,Lunes,1,0,0,1,medio,Taxi
Caribe,Tricentenario,1.5,Lunes,5,0,0,0,alto,Caminando
Acevedo,Industriales,13.2,Domingo,16,0,1,0,medio,Metro
Poblado,Tricentenario,10.1,Jueves,16,0,0,0,medio,Taxi
Universidad,Sabaneta,13.4,Martes,17,1,0,1,bajo,Taxi
Universidad,Madera,5.4,Sabado,16,0,1,0,alto,Taxi
Acevedo,Itagui,2.3,Miercoles,23,0,0,0,bajo,Taxi
Itagui,Madera,12.6,Miercoles,21,0,0,1,medio,Taxi
San Javier,Suramericana,5.3,Lunes,8,1,0,0,medio,Bus
La Estrella,Santa Lucia,6.2,Sabado,21,0,1,1,alto,Taxi
Cisneros,Exposiciones,8.7,Lunes,15,0,0,1,bajo,Taxi
Caribe,Industriales,5.3,Jueves,14,1,0,1,medio,Taxi
Tricentenario,Hospital,15.2,Miercoles,8,1,0,1,alto,Taxi
Universidad,Tricentenario,10.5,Sabado,4,0,1,0,medio,Taxi
