origen,destino,tipo_transporte,distancia_km,dia_semana,hora,es_hora_pico,es_finde_semana,tiempo_viaje_min,costo,transferencias,fecha,clima
La Estrella,Acevedo,Metro,3.0,Miercoles,7,1,0,3.8,3840,0,2025-05-21,Tormenta
Bello,Niquia,Metro,8.9,Martes,7,1,0,15.5,3840,0,2025-04-22,Tormenta
Itagui,Prado,Metro,5.8,Domingo,22,0,1,3.6,3200,0,2025-03-23,Soleado
Exposiciones,Acevedo,Taxi,12.3,Jueves,19,1,0,107.5,16008,0,2025-06-26,Tormenta
Madera,Itagui,Taxi,9.1,Martes,19,1,0,135.9,12936,1,2025-11-18,Soleado
Hospital,Acevedo,Cable,3.3,Viernes,14,1,0,16.1,0,0,2025-05-23,Soleado
Sabaneta,San Javier,Bus,3.3,Miercoles,23,0,0,5.4,2800,0,2025-10-01,Nublado
San Javier,San Antonio,Metro,6.6,Lunes,1,0,0,5.5,3200,0,2025-04-28,Lluvia
Universidad,San Javier,Cable,3.0,Martes,20,0,0,8.7,0,0,2025-07-22,Tormenta
Itagui,Exposiciones,Taxi,2.3,Miercoles,4,0,0,9.5,5340,0,2025-04-23,Tormenta
Sabaneta,Madera,Cable,8.4,Martes,19,1,0,54.0,0,1,2025-07-15,Soleado
San Javier,Envigado,Taxi,5.1,Martes,10,0,0,49.8,7580,0,2025-11-25,Nublado
Ayura,Acevedo,Taxi,3.1,Lunes,16,0,0,18.3,5980,0,2025-11-24,Soleado
Sabaneta,San Antonio,Cable,13.3,Viernes,3,0,0,53.9,0,1,2025-01-10,Soleado
Madera,Estadio,Cable,2.8,Miercoles,17,1,0,14.5,0,1,2025-02-05,Tormenta
Universidad,Itagui,Bus,7.1,Lunes,12,1,0,18.8,3360,1,2025-06-09,Lluvia
Niquia,Sabaneta,Caminando,1.1,Lunes,18,1,0,6.3,0,1,2025-04-28,Soleado
San Antonio,Madera,Caminando,4.0,Viernes,8,1,0,17.3,0,0,2025-05-02,Tormenta
Hospital,Cisneros,Cable,2.4,Lunes,6,1,0,12.2,0,0,2025-07-28,Soleado
San Javier,La Estrella,Metro,12.2,Sabado,12,1,1,10.9,3840,0,2025-02-01,Nublado
Industriales,Caribe,Taxi,7.2,Lunes,7,1,0,66.5,11112,1,2025-08-25,Soleado
Madera,Suramericana,Bus,7.7,Jueves,13,1,0,23.7,3360,1,2025-03-27,Soleado
Exposiciones,Prado,Cable,3.2,Martes,13,1,0,15.2,0,0,2025-05-27,Soleado
Floresta,San Antonio,Metro,8.0,Domingo,18,1,1,10.3,3840,0,2025-01-26,Soleado
Caribe,Madera,Caminando,6.7,Martes,21,0,0,28.4,0,0,2025-02-04,Soleado
Sabaneta,Madera,Cable,14.1,Miercoles,18,1,0,63.6,0,1,2025-12-03,Tormenta
Tricentenario,Santa Lucia,Taxi,1.1,Sabado,10,0,1,4.3,4380,1,2025-08-23,Nublado
Ayura,Prado,Bus,6.2,Sabado,2,0,1,6.4,2800,0,2025-06-28,Soleado
San Javier,Envigado,Taxi,4.7,Sabado,3,0,1,20.5,7260,1,2025-12-06,Lluvia
Sabaneta,Universidad,Taxi,8.1,Martes,21,0,0,37.5,9980,1,2025-04-15,Tormenta
Cisneros,Prado,Metro,9.9,Jueves,10,0,0,9.2,3200,0,2025-01-02,Tormenta
Envigado,Niquia,Metro,8.6,Sabado,22,0,1,7.3,3200,1,2025-02-08,Nublado
Bello,San Antonio,Taxi,10.5,Martes,11,1,0,89.3,14280,0,2025-01-21,Tormenta
Sabaneta,Estadio,Bus,13.3,Viernes,5,0,0,18.0,2800,0,2025-05-02,Tormenta
Suramericana,San Javier,Bus,6.4,Sabado,5,0,1,6.1,2800,1,2025-05-17,Tormenta
Alpujarra,Parque Berrio,Bus,6.6,Viernes,0,0,0,10.3,2800,0,2025-04-25,Lluvia
La Estrella,Ayura,Cable,14.1,Domingo,17,1,1,42.3,0,1,2025-12-14,Lluvia
Bello,Tricentenario,Caminando,7.1,Lunes,11,1,0,45.9,0,0,2025-08-11,Nublado
Prado,Bello,Cable,6.1,Miercoles,16,0,0,17.0,0,0,2025-01-01,Lluvia
San Javier,Acevedo,Taxi,5.6,Miercoles,9,0,0,32.2,7980,1,2025-09-17,Tormenta
San Javier,Estadio,Bus,6.7,Miercoles,18,1,0,20.4,3360,1,2025-11-12,Lluvia
Poblado,Aguacatala,Cable,12.1,Viernes,6,1,0,77.4,0,0,2025-12-12,Lluvia
Ayura,Santa Lucia,Caminando,10.4,Sabado,2,0,1,22.1,0,1,2025-06-21,Nublado
Aguacatala,La Estrella,Metro,11.1,Viernes,13,1,0,16.5,3840,1,2025-08-22,Soleado
Estadio,Suramericana,Metro,12.3,Miercoles,7,1,0,21.2,3840,0,2025-08-06,Soleado
Poblado,Tricentenario,Cable,14.3,Lunes,16,0,0,59.4,0,0,2025-12-08,Tormenta
Cisneros,Envigado,Cable,7.3,Domingo,23,0,1,20.0,0,1,2025-03-23,Tormenta
La Estrella,Hospital,Taxi,4.3,Jueves,2,0,0,20.8,6940,1,2025-08-14,Nublado
Hospital,Industriales,Bus,6.8,Domingo,6,1,1,11.5,3360,1,2025-12-28,Tormenta
Exposiciones,Suramericana,Caminando,7.7,Martes,0,0,0,32.6,0,0,2025-12-23,Tormenta
Envigado,Estadio,Caminando,4.1,Miercoles,7,1,0,38.3,0,0,2025-11-05,Tormenta
Floresta,Caribe,Cable,13.7,Viernes,19,1,0,75.1,0,1,2025-03-07,Tormenta
Tricentenario,Aguacatala,Bus,5.6,Domingo,8,1,1,10.1,3360,0,2025-01-26,Lluvia
Estadio,Industriales,Taxi,11.5,Martes,15,0,0,47.5,12700,1,2025-02-11,Soleado
Estadio,La Estrella,Metro,12.7,Jueves,7,1,0,21.2,3840,0,2025-01-16,Soleado
Itagui,Universidad,Cable,3.3,Jueves,8,1,0,18.2,0,1,2025-12-25,Nublado
Parque Berrio,Acevedo,Caminando,6.6,Martes,9,0,0,25.5,0,0,2025-01-14,Nublado
Acevedo,Floresta,Taxi,12.1,Miercoles,19,1,0,199.8,15816,0,2025-12-17,Soleado
Ayura,San Javier,Taxi,2.5,Martes,13,1,0,24.0,6600,0,2025-01-07,Nublado
Industriales,Caribe,Caminando,7.5,Domingo,8,1,1,31.8,0,0,2025-11-30,Nublado
Cisneros,Madera,Taxi,9.0,Martes,7,1,0,76.6,12840,0,2025-08-19,Lluvia
Caribe,Ayura,Bus,4.9,Martes,8,1,0,13.5,3360,0,2025-07-01,Nublado
Madera,Prado,Cable,10.7,Lunes,17,1,0,60.1,0,0,2025-09-08,Soleado
Parque Berrio,Hospital,Cable,10.3,Domingo,7,1,1,35.5,0,0,2025-12-21,Lluvia
Alpujarra,Floresta,Cable,4.2,Lunes,9,0,0,16.2,0,0,2025-05-19,Nublado
Universidad,Hospital,Cable,14.7,Jueves,23,0,0,59.6,0,0,2025-05-22,Lluvia
Niquia,Floresta,Caminando,14.6,Jueves,8,1,0,78.6,0,1,2025-03-06,Tormenta
Acevedo,Niquia,Caminando,7.2,Lunes,15,0,0,21.4,0,0,2025-05-26,Tormenta
Acevedo,Madera,Cable,3.1,Martes,2,0,0,12.5,0,1,2025-09-09,Nublado
Acevedo,Itagui,Cable,11.9,Viernes,19,1,0,58.9,0,1,2025-11-07,Tormenta
Parque Berrio,Sabaneta,Caminando,14.3,Viernes,19,1,0,64.6,0,0,2025-01-31,Nublado
Hospital,Caribe,Caminando,6.7,Sabado,5,0,1,17.9,0,1,2025-02-08,Lluvia
Santa Lucia,Parque Berrio,Cable,13.9,Jueves,21,0,0,55.3,0,0,2025-02-06,Nublado
Industriales,Acevedo,Caminando,13.7,Sabado,20,0,1,38.8,0,1,2025-04-26,Lluvia
Sabaneta,Estadio,Caminando,7.6,Miercoles,14,1,0,36.2,0,1,2025-05-28,Tormenta
Poblado,Madera,Caminando,9.5,Martes,13,1,0,38.6,0,0,2025-01-21,Soleado
Estadio,San Javier,Taxi,7.6,Jueves,1,0,0,42.8,9580,1,2025-10-23,Tormenta
La Estrella,Aguacatala,Metro,5.7,Viernes,11,1,0,9.7,3840,0,2025-08-29,Tormenta
Parque Berrio,Santa Lucia,Cable,2.2,Jueves,1,0,0,6.8,0,0,2025-10-09,Soleado
San Javier,Envigado,Cable,8.3,Jueves,1,0,0,30.7,0,0,2025-07-31,Soleado
Universidad,Parque Berrio,Caminando,13.3,Domingo,9,0,1,68.9,0,0,2025-03-09,Nublado
Parque Berrio,Itagui,Metro,4.1,Viernes,13,1,0,7.5,3840,0,2025-10-10,Nublado
Aguacatala,Floresta,Taxi,6.8,Jueves,22,0,0,35.4,8940,0,2025-09-18,Nublado
Exposiciones,Universidad,Caminando,13.1,Jueves,23,0,0,41.0,0,0,2025-09-18,Lluvia
Cisneros,Niquia,Taxi,13.1,Lunes,18,1,0,100.5,16776,0,2025-06-02,Tormenta
Poblado,San Antonio,Bus,4.3,Miercoles,7,1,0,28.7,3360,0,2025-12-24,Tormenta
Exposiciones,Santa Lucia,Bus,8.0,Jueves,1,0,0,14.6,2800,0,2025-09-11,Tormenta
Acevedo,Envigado,Cable,6.7,Miercoles,23,0,0,25.2,0,0,2025-01-08,Lluvia
San Antonio,La Estrella,Cable,12.9,Sabado,2,0,1,37.0,0,0,2025-11-29,Tormenta
Envigado,Bello,Caminando,15.0,Miercoles,7,1,0,88.0,0,1,2025-02-05,Soleado
Poblado,Caribe,Taxi,12.1,Miercoles,1,0,0,57.3,13180,1,2025-01-15,Tormenta
Itagui,Santa Lucia,Bus,9.5,Sabado,5,0,1,11.0,2800,0,2025-03-29,Nublado
Hospital,Aguacatala,Taxi,13.6,Domingo,8,1,1,73.7,17256,0,2025-08-24,Soleado
Poblado,Alpujarra,Caminando,10.7,Martes,20,0,0,36.7,0,0,2025-06-03,Tormenta
Acevedo,Prado,Cable,14.9,Lunes,11,1,0,70.6,0,0,2025-10-20,Lluvia
Niquia,Sabaneta,Metro,12.7,Viernes,23,0,0,15.9,3200,1,2025-11-07,Lluvia
Hospital,San Javier,Bus,9.8,Viernes,8,1,0,30.7,3360,0,2025-11-14,Tormenta
Bello,Sabaneta,Taxi,5.6,Domingo,2,0,1,19.8,7980,0,2025-03-09,Lluvia
Ayura,Envigado,Taxi,14.5,Miercoles,8,1,0,103.0,18120,0,2025-03-26,Tormenta
Madera,Caribe,Bus,14.5,Sabado,23,0,1,20.3,2800,0,2025-12-13,Soleado
Prado,Itagui,Metro,9.2,Jueves,11,1,0,16.7,3840,1,2025-08-21,Nublado
Aguacatala,Niquia,Caminando,10.1,Miercoles,10,0,0,37.6,0,0,2025-10-15,Tormenta
Acevedo,Caribe,Metro,2.6,Lunes,9,0,0,2.4,3200,0,2025-01-20,Lluvia
San Javier,Estadio,Caminando,13.4,Domingo,18,1,1,52.9,0,0,2025-08-03,Lluvia
Bello,Floresta,Taxi,14.3,Martes,14,1,0,131.7,17928,0,2025-04-22,Lluvia
Bello,Industriales,Taxi,2.3,Martes,3,0,0,10.4,5340,0,2025-04-08,Soleado
Suramericana,San Antonio,Bus,2.0,Jueves,18,1,0,5.9,3360,1,2025-03-06,Nublado
San Antonio,Suramericana,Bus,13.0,Domingo,0,0,1,13.2,2800,1,2025-11-02,Nublado
Acevedo,Santa Lucia,Metro,12.1,Domingo,0,0,1,7.8,3200,1,2025-03-09,Soleado
Tricentenario,Estadio,Cable,7.7,Sabado,3,0,1,21.4,0,1,2025-09-27,Nublado
Sabaneta,Bello,Caminando,1.9,Miercoles,14,1,0,9.9,0,0,2025-06-04,Tormenta
Santa Lucia,Poblado,Metro,1.9,Martes,10,0,0,1.8,3200,0,2025-02-11,Lluvia
Exposiciones,La Estrella,Caminando,2.4,Sabado,14,1,1,9.7,0,0,2025-05-31,Nublado
Industriales,Aguacatala,Bus,6.6,Jueves,10,0,0,12.8,2800,0,2025-07-31,Lluvia
Alpujarra,Tricentenario,Cable,2.3,Martes,2,0,0,6.5,0,0,2025-02-04,Soleado
Itagui,Envigado,Caminando,6.8,Miercoles,21,0,0,28.0,0,0,2025-06-18,Soleado
Parque Berrio,La Estrella,Taxi,3.2,Lunes,3,0,0,16.7,6060,0,2025-06-30,Lluvia
Acevedo,Suramericana,Taxi,12.8,Martes,7,1,0,123.6,16488,0,2025-10-21,Soleado
Sabaneta,Santa Lucia,Taxi,10.8,Miercoles,5,0,0,51.5,12140,1,2025-01-15,Nublado
Itagui,Santa Lucia,Cable,2.3,Miercoles,4,0,0,8.2,0,0,2025-02-05,Nublado
Alpujarra,Parque Berrio,Taxi,13.4,Sabado,19,1,1,61.8,17064,1,2025-10-18,Soleado
Prado,Aguacatala,Cable,6.8,Sabado,19,1,1,21.6,0,0,2025-09-06,Soleado
Parque Berrio,Santa Lucia,Caminando,1.6,Domingo,16,0,1,3.7,0,1,2025-09-07,Lluvia
Universidad,Suramericana,Bus,2.7,Domingo,9,0,1,3.3,2800,1,2025-05-11,Nublado
Ayura,Itagui,Taxi,7.1,Jueves,12,1,0,54.8,11016,0,2025-02-06,Tormenta
Itagui,Exposiciones,Cable,1.3,Jueves,3,0,0,4.2,0,0,2025-05-29,Lluvia
Madera,Poblado,Metro,8.3,Lunes,13,1,0,12.4,3840,0,2025-05-05,Lluvia
Estadio,Caribe,Metro,8.4,Viernes,20,0,0,7.5,3200,0,2025-09-19,Nublado
Hospital,Acevedo,Bus,9.4,Lunes,6,1,0,27.7,3360,1,2025-05-12,Tormenta
Poblado,Suramericana,Caminando,13.1,Viernes,14,1,0,72.9,0,1,2025-10-24,Tormenta
La Estrella,Parque Berrio,Taxi,8.1,Jueves,1,0,0,38.7,9980,1,2025-10-30,Lluvia
Madera,San Javier,Metro,7.5,Martes,19,1,0,12.1,3840,0,2025-11-11,Tormenta
Suramericana,Itagui,Bus,8.0,Sabado,19,1,1,17.9,3360,0,2025-06-14,Lluvia
Santa Lucia,Madera,Caminando,4.5,Jueves,5,0,0,15.3,0,0,2025-11-27,Nublado
Alpujarra,Exposiciones,Taxi,10.5,Viernes,13,1,0,65.1,14280,0,2025-07-18,Lluvia
Acevedo,Itagui,Cable,5.7,Lunes,8,1,0,31.1,0,0,2025-05-26,Tormenta
Tricentenario,La Estrella,Metro,10.0,Domingo,17,1,1,10.1,3840,0,2025-06-08,Soleado
La Estrella,Santa Lucia,Cable,6.1,Jueves,11,1,0,27.1,0,0,2025-09-18,Tormenta
Universidad,Prado,Bus,12.8,Viernes,2,0,0,18.1,2800,0,2025-03-21,Soleado
San Javier,San Antonio,Caminando,3.2,Domingo,19,1,1,10.0,0,0,2025-03-09,Nublado
Floresta,Poblado,Metro,14.6,Miercoles,11,1,0,24.2,3840,0,2025-07-30,Nublado
Envigado,Hospital,Taxi,10.5,Viernes,6,1,0,85.5,14280,0,2025-08-29,Tormenta
Ayura,Envigado,Cable,13.2,Lunes,6,1,0,54.5,0,0,2025-03-24,Soleado
Santa Lucia,Ayura,Metro,4.8,Lunes,2,0,0,6.0,3200,0,2025-05-26,Nublado
Cisneros,Poblado,Taxi,6.6,Martes,13,1,0,48.9,10536,1,2025-01-14,Nublado
Niquia,Alpujarra,Metro,2.9,Sabado,10,0,1,1.9,3200,0,2025-11-29,Nublado
Estadio,Santa Lucia,Cable,13.7,Lunes,19,1,0,55.5,0,1,2025-08-18,Tormenta
Acevedo,Suramericana,Taxi,1.7,Viernes,9,0,0,8.6,4860,0,2025-05-02,Soleado
Cisneros,Aguacatala,Caminando,11.1,Jueves,0,0,0,64.8,0,0,2025-10-02,Nublado
San Javier,Santa Lucia,Metro,14.3,Viernes,11,1,0,23.0,3840,0,2025-09-26,Soleado
Exposiciones,Ayura,Metro,4.6,Sabado,12,1,1,3.9,3840,0,2025-11-22,Soleado
Estadio,Itagui,Taxi,8.6,Lunes,1,0,0,51.9,10380,0,2025-03-10,Tormenta
Santa Lucia,Aguacatala,Bus,1.5,Martes,2,0,0,2.3,2800,0,2025-03-11,Lluvia
Parque Berrio,Envigado,Cable,1.5,Lunes,15,0,0,5.6,0,0,2025-10-06,Soleado
La Estrella,San Antonio,Taxi,13.5,Miercoles,11,1,0,118.6,17160,0,2025-03-05,Nublado
Aguacatala,Floresta,Cable,12.2,Martes,16,0,0,47.3,0,0,2025-07-08,Nublado
Envigado,Parque Berrio,Taxi,10.3,Sabado,2,0,1,34.4,11740,0,2025-02-22,Tormenta
Alpujarra,Aguacatala,Metro,4.8,Lunes,19,1,0,9.3,3840,1,2025-06-30,Tormenta
Alpujarra,Envigado,Bus,1.5,Jueves,4,0,0,2.1,2800,0,2025-01-16,Tormenta
Itagui,Bello,Caminando,14.3,Jueves,21,0,0,47.0,0,0,2025-03-20,Lluvia
Exposiciones,San Antonio,Taxi,11.3,Jueves,3,0,0,59.3,12540,0,2025-05-08,Lluvia
Estadio,Prado,Cable,10.7,Domingo,19,1,1,48.7,0,1,2025-04-20,Soleado
Poblado,Caribe,Cable,10.3,Viernes,21,0,0,39.6,0,1,2025-02-14,Lluvia
Caribe,Floresta,Bus,2.7,Sabado,16,0,1,2.8,2800,0,2025-07-05,Soleado
Alpujarra,Itagui,Caminando,9.6,Martes,14,1,0,40.5,0,0,2025-07-08,Tormenta
Ayura,Industriales,Cable,14.6,Miercoles,2,0,0,54.6,0,0,2025-10-22,Lluvia
Tricentenario,Suramericana,Caminando,11.7,Lunes,18,1,0,50.6,0,0,2025-11-24,Soleado
Ayura,Tricentenario,Taxi,14.1,Miercoles,5,0,0,64.3,14780,0,2025-03-26,Lluvia
Madera,Parque Berrio,Bus,2.8,Sabado,17,1,1,4.7,3360,0,2025-11-22,Nublado
Itagui,Sabaneta,Bus,12.8,Sabado,21,0,1,16.2,2800,1,2025-03-29,Soleado
La Estrella,Suramericana,Caminando,11.7,Viernes,20,0,0,39.3,0,0,2025-05-16,Lluvia
La Estrella,Parque Berrio,Cable,5.2,Martes,21,0,0,14.5,0,0,2025-05-06,Tormenta
Poblado,Universidad,Taxi,13.1,Viernes,4,0,0,62.9,13980,0,2025-11-07,Tormenta
Tricentenario,Suramericana,Taxi,5.5,Domingo,17,1,1,29.8,9480,1,2025-09-21,Soleado
Bello,San Antonio,Cable,14.5,Miercoles,13,1,0,90.7,0,0,2025-11-12,Lluvia
Universidad,Suramericana,Bus,8.0,Sabado,16,0,1,21.8,2800,0,2025-09-13,Nublado
Universidad,Sabaneta,Taxi,7.9,Sabado,1,0,1,34.3,9820,0,2025-01-25,Soleado
Acevedo,Poblado,Bus,11.7,Viernes,23,0,0,19.2,2800,0,2025-05-16,Nublado
Alpujarra,Itagui,Taxi,11.7,Viernes,12,1,0,82.5,15432,0,2025-02-07,Soleado
Tricentenario,Acevedo,Cable,11.6,Viernes,10,0,0,34.8,0,0,2025-07-11,Soleado
Bello,Caribe,Taxi,3.1,Domingo,16,0,1,13.5,5980,0,2025-08-31,Lluvia
Caribe,Industriales,Caminando,8.1,Martes,18,1,0,42.7,0,0,2025-06-03,Tormenta
Cisneros,Niquia,Taxi,14.7,Jueves,21,0,0,80.3,15260,0,2025-06-19,Soleado
Sabaneta,Aguacatala,Taxi,11.1,Martes,18,1,0,90.9,14856,0,2025-12-02,Tormenta
Tricentenario,Santa Lucia,Bus,3.7,Viernes,18,1,0,9.4,3360,0,2025-01-17,Nublado
Industriales,Envigado,Caminando,10.9,Sabado,23,0,1,26.9,0,0,2025-08-30,Tormenta
Ayura,Exposiciones,Taxi,8.6,Domingo,14,1,1,51.4,12456,0,2025-03-30,Lluvia
Sabaneta,Aguacatala,Bus,4.1,Miercoles,8,1,0,13.2,3360,1,2025-05-07,Nublado
Santa Lucia,Floresta,Cable,8.8,Jueves,15,0,0,37.2,0,1,2025-06-12,Tormenta
Exposiciones,Alpujarra,Bus,14.4,Jueves,1,0,0,20.1,2800,0,2025-05-29,Tormenta
Universidad,Hospital,Caminando,2.9,Lunes,17,1,0,16.1,0,1,2025-05-19,Nublado
La Estrella,Hospital,Metro,11.0,Viernes,13,1,0,14.0,3840,1,2025-02-21,Nublado
Industriales,San Javier,Cable,11.6,Martes,20,0,0,36.5,0,1,2025-09-02,Soleado
La Estrella,Itagui,Bus,13.8,Miercoles,23,0,0,20.4,2800,1,2025-10-01,Soleado
Cisneros,Exposiciones,Cable,13.3,Domingo,23,0,1,25.0,0,1,2025-04-06,Lluvia
Parque Berrio,Aguacatala,Caminando,12.9,Viernes,15,0,0,44.5,0,1,2025-09-26,Nublado
Floresta,Poblado,Taxi,12.1,Domingo,0,0,1,45.9,13180,1,2025-04-06,Tormenta
Cisneros,Industriales,Caminando,10.4,Martes,2,0,0,30.9,0,0,2025-06-17,Nublado
Niquia,Parque Berrio,Cable,14.4,Jueves,14,1,0,68.5,0,1,2025-05-01,Lluvia
Santa Lucia,Hospital,Metro,5.3,Lunes,3,0,0,5.3,3200,0,2025-12-08,Lluvia
Santa Lucia,Acevedo,Taxi,4.1,Martes,19,1,0,26.7,8136,0,2025-07-08,Lluvia
Industriales,Floresta,Caminando,11.7,Sabado,17,1,1,46.7,0,0,2025-08-30,Tormenta
Ayura,Floresta,Taxi,1.9,Domingo,18,1,1,10.7,6024,0,2025-02-09,Nublado
Caribe,Alpujarra,Caminando,11.0,Viernes,3,0,0,38.3,0,0,2025-08-15,Soleado
Poblado,Tricentenario,Caminando,8.8,Viernes,14,1,0,50.0,0,1,2025-08-01,Lluvia
Cisneros,Niquia,Bus,6.9,Viernes,2,0,0,13.2,2800,1,2025-10-24,Soleado
Aguacatala,Bello,Taxi,11.7,Martes,5,0,0,75.4,12860,0,2025-07-29,Tormenta
Poblado,Exposiciones,Cable,10.1,Martes,21,0,0,32.8,0,0,2025-02-11,Nublado
Floresta,Hospital,Metro,10.4,Domingo,9,0,1,7.8,3200,0,2025-01-12,Nublado
Poblado,Alpujarra,Bus,1.5,Jueves,6,1,0,4.2,3360,0,2025-05-22,Soleado
Hospital,Universidad,Metro,7.3,Viernes,19,1,0,12.4,3840,1,2025-02-21,Soleado
Exposiciones,Aguacatala,Bus,3.0,Sabado,6,1,1,6.8,3360,0,2025-10-04,Lluvia
Itagui,La Estrella,Taxi,14.8,Viernes,9,0,0,78.5,15340,1,2025-05-02,Nublado
La Estrella,Santa Lucia,Cable,14.6,Domingo,15,0,1,43.3,0,0,2025-10-12,Lluvia
Santa Lucia,Industriales,Cable,3.6,Martes,9,0,0,12.8,0,1,2025-03-18,Nublado
Suramericana,Poblado,Metro,8.8,Miercoles,13,1,0,11.4,3840,1,2025-10-15,Soleado
Poblado,Alpujarra,Metro,1.7,Jueves,23,0,0,1.7,3200,1,2025-10-02,Soleado
Universidad,Cisneros,Caminando,7.7,Miercoles,17,1,0,47.5,0,0,2025-12-10,Soleado
Universidad,Hospital,Metro,6.6,Miercoles,7,1,0,9.1,3840,1,2025-09-03,Tormenta
Envigado,San Javier,Taxi,8.2,Sabado,8,1,1,45.1,12072,0,2025-06-07,Tormenta
Estadio,San Antonio,Bus,1.6,Miercoles,10,0,0,3.3,2800,1,2025-07-09,Tormenta
Parque Berrio,Tricentenario,Bus,9.0,Miercoles,7,1,0,20.8,3360,0,2025-06-18,Lluvia
Prado,Suramericana,Cable,7.5,Martes,23,0,0,29.2,0,1,2025-11-25,Tormenta
Caribe,Itagui,Metro,14.2,Viernes,1,0,0,16.1,3200,0,2025-09-26,Nublado
Madera,Floresta,Bus,6.2,Domingo,6,1,1,12.0,3360,0,2025-01-05,Tormenta
San Javier,Aguacatala,Metro,1.2,Sabado,17,1,1,1.3,3840,0,2025-01-04,Soleado
Ayura,Floresta,Cable,8.3,Miercoles,3,0,0,25.5,0,1,2025-04-02,Lluvia
Prado,Cisneros,Cable,7.4,Lunes,11,1,0,34.1,0,1,2025-02-10,Soleado
La Estrella,San Javier,Metro,6.3,Lunes,12,1,0,9.8,3840,0,2025-02-17,Soleado
Aguacatala,Industriales,Taxi,4.2,Viernes,3,0,0,26.3,6860,0,2025-10-17,Lluvia
Bello,Acevedo,Taxi,3.5,Lunes,18,1,0,54.9,7560,1,2025-10-06,Tormenta
Madera,San Antonio,Bus,10.5,Jueves,7,1,0,28.1,3360,0,2025-10-16,Soleado
Ayura,Estadio,Taxi,4.3,Martes,3,0,0,18.0,6940,0,2025-01-28,Tormenta
Estadio,San Antonio,Metro,7.9,Viernes,8,1,0,11.6,3840,0,2025-11-21,Tormenta
Madera,Suramericana,Caminando,2.1,Domingo,7,1,1,6.4,0,0,2025-06-01,Tormenta
San Antonio,Exposiciones,Metro,7.2,Domingo,0,0,1,6.0,3200,1,2025-02-16,Tormenta
Poblado,Itagui,Caminando,1.4,Sabado,13,1,1,4.8,0,0,2025-09-20,Lluvia
Exposiciones,Niquia,Taxi,11.1,Jueves,12,1,0,89.9,14856,1,2025-07-31,Nublado
San Javier,Exposiciones,Bus,4.8,Jueves,8,1,0,10.5,3360,1,2025-03-13,Lluvia
Aguacatala,Cisneros,Metro,11.1,Viernes,8,1,0,17.4,3840,0,2025-07-04,Nublado
Parque Berrio,Niquia,Cable,12.3,Viernes,19,1,0,59.3,0,0,2025-06-20,Nublado
Parque Berrio,Alpujarra,Caminando,5.4,Lunes,6,1,0,34.6,0,1,2025-12-22,Tormenta
Itagui,Cisneros,Bus,12.4,Lunes,12,1,0,30.9,3360,0,2025-06-16,Nublado
San Javier,Suramericana,Caminando,14.2,Martes,23,0,0,42.8,0,0,2025-01-14,Soleado
Cisneros,Suramericana,Cable,9.9,Jueves,15,0,0,30.4,0,0,2025-12-11,Tormenta
Madera,Aguacatala,Caminando,8.5,Miercoles,18,1,0,53.6,0,0,2025-09-03,Soleado
Suramericana,Alpujarra,Caminando,2.5,Sabado,20,0,1,5.4,0,1,2025-11-01,Soleado
Itagui,San Javier,Cable,1.1,Jueves,13,1,0,5.1,0,0,2025-06-19,Nublado
Poblado,Alpujarra,Cable,5.8,Martes,21,0,0,15.7,0,0,2025-08-26,Soleado
Acevedo,Estadio,Bus,7.4,Sabado,9,0,1,7.8,2800,0,2025-06-28,Tormenta
Floresta,Santa Lucia,Cable,1.6,Viernes,2,0,0,11.4,0,1,2025-06-13,Nublado
Floresta,Hospital,Caminando,5.6,Lunes,17,1,0,28.4,0,0,2025-03-31,Nublado
Caribe,San Javier,Cable,7.3,Martes,0,0,0,42.3,0,1,2025-07-22,Soleado
Itagui,Acevedo,Caminando,3.8,Domingo,11,1,1,11.4,0,0,2025-04-06,Lluvia
Sabaneta,Exposiciones,Caminando,5.9,Domingo,18,1,1,25.2,0,0,2025-07-20,Lluvia
Sabaneta,Itagui,Metro,2.7,Jueves,4,0,0,2.6,3200,0,2025-12-11,Tormenta
Industriales,La Estrella,Bus,3.6,Miercoles,12,1,0,10.1,3360,0,2025-10-22,Nublado
Envigado,Caribe,Cable,5.4,Miercoles,4,0,0,18.5,0,0,2025-05-28,Soleado
Aguacatala,Tricentenario,Bus,6.7,Miercoles,17,1,0,17.5,3360,0,2025-07-16,Nublado
Madera,Sabaneta,Metro,4.8,Miercoles,9,0,0,5.1,3200,0,2025-04-23,Tormenta
Envigado,Ayura,Metro,11.9,Martes,3,0,0,14.4,3200,0,2025-10-21,Soleado
Estadio,Floresta,Cable,2.4,Martes,6,1,0,14.6,0,1,2025-10-07,Soleado
Poblado,Prado,Taxi,11.9,Viernes,14,1,0,82.0,15624,0,2025-02-14,Lluvia
Santa Lucia,Sabaneta,Cable,12.0,Miercoles,19,1,0,72.4,0,0,2025-03-26,Lluvia
Sabaneta,Envigado,Bus,5.1,Domingo,22,0,1,5.6,2800,0,2025-06-15,Soleado
Tricentenario,Suramericana,Cable,10.8,Viernes,8,1,0,46.8,0,0,2025-01-31,Nublado
Estadio,San Javier,Cable,9.8,Lunes,4,0,0,32.3,0,0,2025-09-08,Soleado
Exposiciones,Envigado,Taxi,14.3,Lunes,11,1,0,235.0,17928,0,2025-12-22,Tormenta
La Estrella,Santa Lucia,Taxi,4.0,Domingo,17,1,1,21.3,8040,1,2025-02-02,Lluvia
San Antonio,Itagui,Caminando,12.0,Sabado,18,1,1,52.4,0,1,2025-03-08,Tormenta
Niquia,Tricentenario,Bus,14.9,Jueves,14,1,0,37.8,3360,0,2025-08-14,Lluvia
Caribe,Parque Berrio,Metro,2.2,Martes,11,1,0,3.7,3840,1,2025-12-02,Lluvia
Floresta,Santa Lucia,Bus,10.9,Viernes,20,0,0,14.5,2800,1,2025-08-08,Nublado
Ayura,Santa Lucia,Cable,12.4,Domingo,0,0,1,37.4,0,1,2025-01-05,Soleado
Hospital,Industriales,Metro,6.1,Sabado,3,0,1,4.1,3200,0,2025-02-22,Nublado
La Estrella,Santa Lucia,Bus,9.5,Miercoles,16,0,0,14.0,2800,1,2025-02-05,Nublado
Industriales,La Estrella,Cable,3.0,Martes,2,0,0,8.6,0,0,2025-04-22,Tormenta
San Antonio,Cisneros,Bus,4.5,Miercoles,8,1,0,12.4,3360,1,2025-05-07,Soleado
San Javier,Parque Berrio,Bus,11.5,Martes,19,1,0,27.2,3360,0,2025-09-23,Nublado
Aguacatala,Exposiciones,Metro,8.4,Domingo,15,0,1,7.6,3200,0,2025-05-04,Nublado
Exposiciones,Sabaneta,Cable,11.7,Lunes,17,1,0,74.7,0,1,2025-07-07,Soleado
Niquia,Parque Berrio,Bus,8.1,Martes,1,0,0,15.0,2800,0,2025-01-21,Tormenta
Madera,San Javier,Caminando,4.9,Viernes,19,1,0,23.4,0,1,2025-10-03,Nublado
Envigado,San Antonio,Cable,5.3,Martes,20,0,0,18.0,0,1,2025-10-28,Nublado
Madera,Poblado,Metro,5.3,Jueves,19,1,0,9.3,3840,1,2025-08-21,Nublado
Santa Lucia,Niquia,Bus,3.3,Viernes,11,1,0,7.1,3360,1,2025-09-12,Soleado
Estadio,Niquia,Taxi,4.7,Viernes,8,1,0,45.4,8712,0,2025-08-08,Lluvia
Bello,Ayura,Caminando,4.6,Jueves,11,1,0,19.6,0,0,2025-03-27,Nublado
Floresta,Ayura,Metro,1.6,Jueves,0,0,0,1.6,3200,1,2025-01-23,Soleado
Envigado,Cisneros,Cable,6.8,Viernes,10,0,0,26.3,0,1,2025-04-25,Lluvia
Acevedo,Envigado,Metro,14.4,Miercoles,7,1,0,18.0,3840,1,2025-04-02,Lluvia
San Antonio,Madera,Caminando,3.8,Viernes,0,0,0,13.7,0,0,2025-08-22,Tormenta
Alpujarra,Sabaneta,Cable,3.1,Viernes,23,0,0,26.7,0,0,2025-04-11,Soleado
San Antonio,Niquia,Cable,8.4,Sabado,3,0,1,18.0,0,1,2025-06-07,Nublado
Santa Lucia,Prado,Metro,10.8,Jueves,7,1,0,16.0,3840,1,2025-01-23,Soleado
Ayura,Tricentenario,Cable,7.1,Sabado,18,1,1,31.9,0,1,2025-02-08,Lluvia
Suramericana,Exposiciones,Taxi,4.3,Jueves,14,1,0,41.0,8328,0,2025-06-12,Soleado
Tricentenario,Acevedo,Bus,6.7,Martes,14,1,0,17.9,3360,1,2025-08-19,Lluvia
Poblado,Prado,Metro,12.6,Domingo,5,0,1,23.7,3200,0,2025-02-16,Soleado
Santa Lucia,Hospital,Taxi,10.5,Martes,16,0,0,48.8,11900,1,2025-07-22,Tormenta
Poblado,Itagui,Caminando,2.4,Jueves,3,0,0,9.6,0,1,2025-05-08,Nublado
Tricentenario,Hospital,Cable,9.2,Jueves,21,0,0,28.5,0,1,2025-07-10,Soleado
Universidad,San Javier,Cable,2.7,Viernes,2,0,0,11.4,0,0,2025-03-07,Tormenta
Cisneros,Floresta,Cable,10.6,Viernes,0,0,0,31.3,0,1,2025-09-12,Lluvia
Poblado,Tricentenario,Metro,10.1,Martes,19,1,0,15.9,3840,0,2025-11-11,Soleado
Prado,Industriales,Bus,9.8,Domingo,6,1,1,20.6,3360,0,2025-08-03,Lluvia
Aguacatala,Itagui,Cable,6.4,Jueves,18,1,0,28.5,0,1,2025-06-26,Lluvia
Bello,Cisneros,Cable,14.6,Lunes,11,1,0,62.1,0,1,2025-09-29,Soleado
Estadio,Hospital,Caminando,3.5,Viernes,11,1,0,19.2,0,0,2025-07-18,Soleado
Santa Lucia,Floresta,Taxi,8.9,Sabado,18,1,1,41.8,12744,0,2025-10-18,Tormenta
Envigado,Parque Berrio,Bus,1.8,Martes,1,0,0,6.5,2800,0,2025-09-09,Nublado
Suramericana,Tricentenario,Taxi,1.3,Martes,10,0,0,7.1,4540,0,2025-04-01,Lluvia
Madera,Exposiciones,Cable,5.2,Martes,3,0,0,15.0,0,0,2025-10-28,Tormenta
La Estrella,San Antonio,Bus,4.1,Lunes,17,1,0,11.2,3360,0,2025-12-29,Lluvia
Tricentenario,Universidad,Metro,12.9,Viernes,18,1,0,22.9,3840,1,2025-12-26,Lluvia
Suramericana,Sabaneta,Bus,14.1,Lunes,18,1,0,30.7,3360,1,2025-11-24,Lluvia
Caribe,San Javier,Metro,7.3,Lunes,21,0,0,6.8,3200,1,2025-12-29,Lluvia
Suramericana,Acevedo,Metro,11.3,Sabado,12,1,1,15.2,3840,0,2025-01-25,Tormenta
Alpujarra,Itagui,Cable,3.3,Viernes,15,0,0,9.2,0,1,2025-02-21,Lluvia
Prado,Acevedo,Metro,3.3,Miercoles,5,0,0,2.8,3200,0,2025-06-25,Lluvia
Sabaneta,La Estrella,Cable,14.2,Sabado,0,0,1,29.2,0,1,2025-12-27,Soleado
San Antonio,Universidad,Bus,10.2,Martes,22,0,0,16.1,2800,0,2025-07-29,Tormenta
Tricentenario,Bello,Taxi,5.1,Jueves,13,1,0,43.3,9096,1,2025-01-02,Soleado
Universidad,Caribe,Taxi,5.3,Martes,15,0,0,26.5,7740,0,2025-02-11,Soleado
La Estrella,Envigado,Cable,6.2,Sabado,11,1,1,22.2,0,0,2025-04-05,Nublado
Cisneros,Prado,Caminando,2.2,Sabado,4,0,1,5.0,0,0,2025-02-01,Nublado
Envigado,Bello,Cable,9.0,Jueves,13,1,0,41.3,0,0,2025-09-25,Soleado
Ayura,Sabaneta,Caminando,2.7,Lunes,21,0,0,10.6,0,0,2025-10-20,Nublado
Suramericana,Universidad,Bus,14.8,Miercoles,13,1,0,37.7,3360,0,2025-01-22,Lluvia
San Antonio,Estadio,Metro,8.7,Viernes,12,1,0,16.0,3840,0,2025-02-14,Soleado
Suramericana,Santa Lucia,Caminando,2.6,Martes,16,0,0,7.6,0,0,2025-10-28,Soleado
Acevedo,Sabaneta,Metro,13.3,Martes,17,1,0,18.6,3840,0,2025-05-27,Tormenta
Bello,Universidad,Taxi,1.5,Sabado,4,0,1,6.5,4700,1,2025-07-26,Tormenta
Prado,Exposiciones,Metro,4.9,Domingo,9,0,1,3.6,3200,1,2025-06-22,Nublado
Tricentenario,San Antonio,Cable,9.5,Sabado,8,1,1,28.1,0,0,2025-06-14,Tormenta
Floresta,Aguacatala,Caminando,1.9,Viernes,1,0,0,7.3,0,0,2025-07-11,Soleado
Caribe,Hospital,Bus,7.4,Jueves,7,1,0,23.3,3360,1,2025-01-30,Tormenta
Ayura,Exposiciones,Metro,6.2,Lunes,0,0,0,6.8,3200,0,2025-12-15,Lluvia
Alpujarra,Caribe,Taxi,1.4,Viernes,2,0,0,5.8,4620,0,2025-12-19,Nublado
Hospital,San Javier,Bus,10.1,Sabado,6,1,1,18.7,3360,0,2025-12-13,Soleado
Aguacatala,Tricentenario,Bus,4.5,Martes,0,0,0,9.0,2800,0,2025-11-04,Lluvia
Industriales,Exposiciones,Taxi,7.5,Domingo,8,1,1,44.8,11400,0,2025-08-24,Soleado
Niquia,Envigado,Taxi,5.2,Miercoles,20,0,0,22.2,7660,0,2025-10-15,Lluvia
Prado,Parque Berrio,Taxi,13.6,Lunes,4,0,0,81.8,14380,0,2025-04-07,Lluvia
San Javier,Tricentenario,Metro,4.6,Martes,15,0,0,4.6,3200,1,2025-12-02,Nublado
San Antonio,Estadio,Bus,13.7,Jueves,17,1,0,38.9,3360,0,2025-12-18,Nublado
Parque Berrio,Acevedo,Cable,11.2,Viernes,23,0,0,40.3,0,0,2025-03-07,Lluvia
La Estrella,Madera,Bus,6.9,Martes,7,1,0,21.4,3360,0,2025-07-01,Tormenta
Acevedo,Ayura,Metro,7.6,Viernes,18,1,0,10.2,3840,0,2025-11-21,Lluvia
Industriales,Bello,Bus,6.7,Miercoles,6,1,0,18.2,3360,0,2025-03-12,Lluvia
Santa Lucia,Caribe,Metro,5.4,Domingo,10,0,1,3.1,3200,1,2025-09-07,Nublado
Itagui,Suramericana,Bus,9.6,Lunes,2,0,0,17.9,2800,0,2025-09-08,Tormenta
Niquia,Madera,Caminando,14.3,Domingo,23,0,1,41.6,0,0,2025-04-13,Soleado
San Javier,Niquia,Bus,5.4,Sabado,22,0,1,5.4,2800,0,2025-04-26,Soleado
Cisneros,Bello,Taxi,7.1,Jueves,14,1,0,60.9,11016,0,2025-05-29,Tormenta
Alpujarra,Suramericana,Bus,4.2,Miercoles,12,1,0,12.2,3360,0,2025-03-26,Nublado
Acevedo,Exposiciones,Metro,11.8,Sabado,20,0,1,9.2,3200,1,2025-07-12,Soleado
La Estrella,Niquia,Metro,7.2,Sabado,3,0,1,4.3,3200,0,2025-12-20,Nublado
Santa Lucia,San Javier,Metro,10.3,Miercoles,13,1,0,14.4,3840,1,2025-06-04,Soleado
Ayura,Estadio,Caminando,12.0,Domingo,9,0,1,29.4,0,0,2025-03-02,Nublado
Alpujarra,Floresta,Cable,8.7,Domingo,5,0,1,25.5,0,0,2025-06-01,Nublado
Niquia,Bello,Metro,3.1,Miercoles,18,1,0,3.9,3840,0,2025-02-26,Soleado
Prado,San Javier,Bus,7.5,Viernes,9,0,0,10.6,2800,1,2025-08-22,Lluvia
Alpujarra,Cisneros,Taxi,2.3,Jueves,23,0,0,31.9,5340,0,2025-08-07,Nublado
San Antonio,Exposiciones,Cable,6.2,Sabado,8,1,1,21.1,0,0,2025-11-15,Tormenta
Prado,Industriales,Cable,2.6,Lunes,20,0,0,10.0,0,0,2025-08-04,Nublado
Acevedo,Poblado,Caminando,3.5,Viernes,18,1,0,17.3,0,1,2025-09-05,Nublado
Aguacatala,Ayura,Metro,1.9,Miercoles,14,1,0,7.6,3840,0,2025-07-30,Nublado
San Javier,San Antonio,Caminando,7.1,Jueves,22,0,0,27.5,0,0,2025-09-25,Tormenta
Tricentenario,Itagui,Caminando,8.1,Martes,0,0,0,27.9,0,1,2025-01-28,Tormenta
San Antonio,Hospital,Taxi,8.7,Viernes,1,0,0,43.0,10460,1,2025-05-23,Tormenta
Suramericana,Itagui,Cable,5.4,Sabado,15,0,1,16.3,0,1,2025-02-15,Tormenta
Industriales,Bello,Caminando,12.1,Jueves,0,0,0,51.7,0,0,2025-10-09,Nublado
La Estrella,Santa Lucia,Cable,12.4,Martes,11,1,0,75.8,0,0,2025-06-24,Tormenta
Santa Lucia,San Javier,Taxi,11.6,Miercoles,3,0,0,52.8,12780,0,2025-08-20,Lluvia
Envigado,Ayura,Taxi,13.6,Viernes,3,0,0,71.1,14380,0,2025-12-26,Tormenta
Acevedo,Parque Berrio,Caminando,14.0,Viernes,6,1,0,69.8,0,0,2025-04-11,Lluvia
Acevedo,Suramericana,Cable,11.8,Viernes,20,0,0,40.3,0,0,2025-01-24,Nublado
Aguacatala,Niquia,Caminando,12.7,Sabado,17,1,1,46.3,0,0,2025-01-25,Nublado
Santa Lucia,Itagui,Bus,10.2,Viernes,3,0,0,18.8,2800,0,2025-03-07,Tormenta
Sabaneta,Floresta,Bus,14.6,Miercoles,12,1,0,37.5,3360,0,2025-05-21,Lluvia
Cisneros,Santa Lucia,Caminando,3.8,Martes,22,0,0,14.1,0,0,2025-06-10,Nublado
Santa Lucia,La Estrella,Bus,10.9,Lunes,17,1,0,32.2,3360,0,2025-09-15,Tormenta
San Javier,Estadio,Caminando,8.3,Martes,13,1,0,33.7,0,0,2025-05-27,Nublado
Prado,Suramericana,Bus,3.0,Martes,21,0,0,4.2,2800,1,2025-05-27,Soleado
Alpujarra,Aguacatala,Metro,11.4,Miercoles,21,0,0,12.3,3200,0,2025-11-12,Lluvia
Santa Lucia,San Javier,Metro,14.4,Martes,12,1,0,27.8,3840,0,2025-07-15,Soleado
Floresta,Prado,Bus,13.8,Viernes,14,1,0,39.8,3360,0,2025-11-14,Nublado
Estadio,Floresta,Bus,14.8,Sabado,14,1,1,21.7,3360,0,2025-05-31,Soleado
Exposiciones,Bello,Cable,2.8,Viernes,17,1,0,15.3,0,0,2025-05-23,Nublado
Bello,Caribe,Taxi,7.9,Domingo,1,0,1,30.0,9820,0,2025-11-02,Lluvia
Ayura,Hospital,Bus,6.8,Miercoles,2,0,0,12.1,2800,1,2025-09-24,Nublado
San Javier,San Antonio,Taxi,14.3,Viernes,9,0,0,79.3,14940,0,2025-07-04,Soleado
Acevedo,Santa Lucia,Taxi,14.4,Domingo,7,1,1,86.3,18024,0,2025-08-17,Soleado
Exposiciones,Prado,Caminando,8.2,Domingo,0,0,1,20.2,0,1,2025-05-25,Nublado
San Antonio,Envigado,Metro,9.8,Miercoles,5,0,0,8.9,3200,1,2025-02-19,Tormenta
Cisneros,Acevedo,Bus,10.1,Viernes,22,0,0,21.4,2800,1,2025-10-03,Tormenta
Santa Lucia,San Antonio,Metro,3.5,Viernes,2,0,0,3.2,3200,0,2025-02-14,Lluvia
Industriales,Exposiciones,Cable,5.4,Miercoles,12,1,0,26.9,0,1,2025-11-19,Soleado
Estadio,Floresta,Caminando,6.0,Viernes,22,0,0,21.0,0,0,2025-01-24,Soleado
Parque Berrio,Suramericana,Cable,7.6,Martes,12,1,0,40.5,0,0,2025-07-15,Lluvia
La Estrella,Tricentenario,Taxi,14.4,Sabado,23,0,1,40.6,15020,1,2025-12-13,Soleado
Niquia,Sabaneta,Caminando,5.3,Lunes,17,1,0,31.1,0,0,2025-07-21,Tormenta
La Estrella,Ayura,Bus,9.6,Lunes,5,0,0,14.8,2800,0,2025-03-24,Soleado
Estadio,Envigado,Cable,5.1,Jueves,17,1,0,21.3,0,0,2025-11-27,Tormenta
San Antonio,Exposiciones,Bus,2.4,Miercoles,20,0,0,4.4,2800,0,2025-12-10,Tormenta
San Antonio,La Estrella,Taxi,8.9,Lunes,18,1,0,65.6,12744,0,2025-12-22,Soleado
San Antonio,Hospital,Bus,4.9,Miercoles,23,0,0,8.0,2800,0,2025-12-31,Tormenta
Poblado,Aguacatala,Taxi,3.5,Viernes,15,0,0,19.3,6300,0,2025-06-06,Nublado
Envigado,Universidad,Taxi,13.5,Lunes,2,0,0,82.7,14300,0,2025-11-17,Tormenta
Estadio,Itagui,Bus,8.6,Domingo,17,1,1,19.6,3360,0,2025-01-19,Lluvia
Exposiciones,Hospital,Caminando,8.0,Jueves,4,0,0,22.5,0,1,2025-05-29,Nublado
Suramericana,Sabaneta,Bus,3.2,Domingo,4,0,1,4.0,2800,0,2025-09-21,Nublado
Floresta,Estadio,Cable,11.7,Jueves,1,0,0,35.7,0,1,2025-07-03,Nublado
Ayura,Cisneros,Taxi,13.3,Viernes,15,0,0,54.5,14140,1,2025-07-18,Lluvia
Cisneros,Floresta,Taxi,6.3,Viernes,17,1,0,46.7,10248,0,2025-10-24,Soleado
Ayura,Prado,Cable,5.9,Viernes,16,0,0,24.3,0,0,2025-04-25,Soleado
Ayura,Tricentenario,Cable,8.2,Miercoles,7,1,0,38.6,0,1,2025-03-26,Soleado
San Javier,Hospital,Cable,7.7,Jueves,23,0,0,26.7,0,1,2025-06-19,Tormenta
Niquia,Prado,Metro,2.9,Viernes,18,1,0,4.6,3840,1,2025-03-07,Nublado
Prado,Caribe,Caminando,13.3,Domingo,19,1,1,54.2,0,0,2025-07-27,Nublado
Poblado,La Estrella,Cable,12.6,Jueves,5,0,0,46.2,0,0,2025-09-04,Nublado
Sabaneta,Santa Lucia,Caminando,13.9,Viernes,5,0,0,50.9,0,0,2025-05-16,Nublado
Acevedo,Niquia,Bus,12.6,Jueves,16,0,0,23.2,2800,0,2025-09-25,Soleado
Suramericana,Envigado,Caminando,10.2,Domingo,2,0,1,29.8,0,1,2025-03-02,Tormenta
Ayura,Industriales,Taxi,4.2,Jueves,22,0,0,25.2,6860,0,2025-01-23,Soleado
Industriales,Tricentenario,Taxi,5.0,Martes,7,1,0,46.4,9000,1,2025-09-02,Soleado
Itagui,Ayura,Metro,10.2,Miercoles,0,0,0,11.7,3200,0,2025-09-24,Nublado
Industriales,San Javier,Caminando,8.9,Sabado,8,1,1,34.5,0,0,2025-05-10,Nublado
Industriales,Itagui,Caminando,8.8,Viernes,5,0,0,30.6,0,0,2025-09-05,Tormenta
Floresta,Tricentenario,Metro,2.4,Lunes,14,1,0,3.8,3840,0,2025-04-28,Soleado
Caribe,Industriales,Metro,14.0,Domingo,4,0,1,10.0,3200,1,2025-02-16,Soleado
Sabaneta,Bello,Cable,11.0,Viernes,19,1,0,60.4,0,0,2025-07-25,Tormenta
Poblado,Niquia,Bus,3.7,Miercoles,16,0,0,7.4,2800,0,2025-12-03,Nublado
San Javier,Bello,Taxi,14.7,Sabado,20,0,1,43.4,15260,0,2025-05-03,Tormenta
Exposiciones,Sabaneta,Bus,13.9,Martes,0,0,0,24.9,2800,0,2025-09-23,Lluvia
Alpujarra,Prado,Bus,14.0,Viernes,6,1,0,38.1,3360,0,2025-11-07,Soleado
Envigado,Madera,Caminando,12.2,Sabado,10,0,1,36.4,0,0,2025-05-31,Lluvia
Santa Lucia,Poblado,Cable,11.6,Jueves,15,0,0,49.5,0,0,2025-10-16,Soleado
Aguacatala,Acevedo,Taxi,10.5,Martes,12,1,0,72.1,14280,0,2025-02-04,Soleado
Santa Lucia,Prado,Bus,10.4,Miercoles,2,0,0,21.0,2800,0,2025-05-28,Tormenta
San Antonio,Exposiciones,Bus,14.3,Martes,8,1,0,40.8,3360,0,2025-10-21,Nublado
Hospital,Estadio,Bus,3.8,Viernes,6,1,0,8.8,3360,1,2025-05-16,Soleado
Acevedo,Madera,Cable,12.9,Martes,0,0,0,42.4,0,0,2025-11-11,Lluvia
Aguacatala,Caribe,Caminando,11.5,Sabado,12,1,1,34.8,0,0,2025-05-24,Soleado
Ayura,Alpujarra,Cable,14.7,Jueves,5,0,0,56.3,0,0,2025-12-18,Soleado
San Javier,Universidad,Cable,6.1,Sabado,3,0,1,17.5,0,1,2025-10-25,Lluvia
Aguacatala,La Estrella,Taxi,6.9,Lunes,5,0,0,34.8,9020,0,2025-07-07,Tormenta
Prado,Aguacatala,Bus,12.4,Lunes,4,0,0,24.0,2800,0,2025-10-20,Tormenta
Universidad,Tricentenario,Bus,6.9,Domingo,0,0,1,7.0,2800,0,2025-08-31,Lluvia
Suramericana,Aguacatala,Taxi,6.6,Viernes,17,1,0,56.7,10536,0,2025-05-09,Tormenta
Cisneros,La Estrella,Metro,4.6,Martes,23,0,0,4.5,3200,0,2025-08-19,Lluvia
Niquia,Poblado,Metro,9.1,Domingo,21,0,1,7.2,3200,0,2025-06-29,Lluvia
Alpujarra,San Antonio,Caminando,13.5,Domingo,23,0,1,31.2,0,0,2025-09-07,Nublado
Caribe,San Javier,Taxi,12.9,Lunes,20,0,0,53.9,13820,1,2025-08-04,Lluvia
La Estrella,Parque Berrio,Taxi,4.8,Jueves,20,0,0,24.5,7340,0,2025-11-06,Tormenta
Industriales,Caribe,Bus,10.3,Domingo,4,0,1,15.3,2800,1,2025-01-12,Nublado
Exposiciones,Acevedo,Metro,1.4,Domingo,15,0,1,1.0,3200,1,2025-02-02,Lluvia
Sabaneta,Tricentenario,Metro,4.2,Martes,12,1,0,7.4,3840,1,2025-12-02,Nublado
Niquia,Madera,Taxi,14.6,Lunes,15,0,0,78.1,15180,0,2025-06-16,Nublado
Itagui,La Estrella,Cable,8.3,Jueves,23,0,0,31.0,0,0,2025-11-20,Nublado
Suramericana,Madera,Cable,4.6,Sabado,11,1,1,35.5,0,0,2025-06-07,Lluvia
Parque Berrio,Ayura,Caminando,14.3,Domingo,22,0,1,66.9,0,1,2025-01-05,Nublado
Suramericana,Niquia,Caminando,13.4,Viernes,6,1,0,68.2,0,0,2025-07-11,Tormenta
Cisneros,Exposiciones,Bus,9.8,Jueves,2,0,0,17.3,2800,0,2025-05-15,Lluvia
Parque Berrio,San Javier,Caminando,12.9,Domingo,13,1,1,40.2,0,0,2025-05-18,Tormenta
Prado,Floresta,Caminando,1.3,Martes,6,1,0,5.4,0,1,2025-09-09,Soleado
Parque Berrio,Prado,Bus,4.3,Miercoles,23,0,0,6.3,2800,0,2025-08-13,Lluvia
Suramericana,Cisneros,Cable,5.6,Jueves,14,1,0,34.2,0,1,2025-07-10,Tormenta
Madera,Itagui,Cable,12.4,Jueves,6,1,0,75.3,0,0,2025-04-03,Nublado
Exposiciones,Suramericana,Cable,3.8,Miercoles,23,0,0,14.8,0,0,2025-05-07,Nublado
Aguacatala,Exposiciones,Taxi,11.4,Domingo,5,0,1,42.9,12620,0,2025-06-15,Lluvia
Universidad,Exposiciones,Metro,4.3,Lunes,6,1,0,15.1,3840,0,2025-12-08,Tormenta
Suramericana,Hospital,Metro,10.6,Miercoles,18,1,0,14.0,3840,1,2025-01-22,Tormenta
Madera,Santa Lucia,Caminando,1.8,Lunes,20,0,0,6.7,0,0,2025-06-23,Nublado
Aguacatala,Hospital,Taxi,12.3,Lunes,20,0,0,62.7,13340,0,2025-10-13,Lluvia
Floresta,Tricentenario,Taxi,8.8,Martes,15,0,0,47.1,10540,0,2025-01-21,Lluvia
San Antonio,Estadio,Cable,2.0,Miercoles,19,1,0,8.8,0,1,2025-05-21,Lluvia
Poblado,Niquia,Caminando,13.4,Lunes,23,0,0,49.6,0,0,2025-07-14,Lluvia
Floresta,Madera,Caminando,11.7,Viernes,6,1,0,51.3,0,0,2025-07-18,Lluvia
Acevedo,Tricentenario,Caminando,12.7,Jueves,2,0,0,36.6,0,1,2025-12-04,Tormenta
Universidad,Acevedo,Metro,10.2,Lunes,20,0,0,10.8,3200,1,2025-10-20,Lluvia
Hospital,La Estrella,Metro,14.0,Martes,6,1,0,25.5,3840,0,2025-01-07,Lluvia
Envigado,Estadio,Cable,12.5,Martes,22,0,0,61.0,0,0,2025-07-08,Nublado
Ayura,Acevedo,Metro,3.7,Martes,17,1,0,5.9,3840,0,2025-04-29,Nublado
Envigado,Estadio,Caminando,11.7,Viernes,23,0,0,42.4,0,0,2025-08-01,Tormenta
Acevedo,Universidad,Bus,10.2,Jueves,12,1,0,27.2,3360,0,2025-10-09,Lluvia
Envigado,San Antonio,Taxi,12.6,Jueves,20,0,0,60.6,13580,0,2025-07-31,Tormenta
Estadio,Envigado,Taxi,14.4,Viernes,14,1,0,154.2,18024,1,2025-07-04,Nublado
Parque Berrio,Niquia,Taxi,1.3,Jueves,6,1,0,11.8,5448,1,2025-04-24,Nublado
Acevedo,Bello,Cable,4.7,Miercoles,4,0,0,19.5,0,1,2025-07-02,Lluvia
Madera,Sabaneta,Cable,11.1,Domingo,6,1,1,46.5,0,0,2025-10-19,Soleado
Sabaneta,San Javier,Taxi,2.1,Lunes,23,0,0,8.7,5180,0,2025-01-20,Tormenta
Industriales,Acevedo,Bus,9.9,Lunes,19,1,0,27.6,3360,0,2025-12-01,Lluvia
Envigado,Sabaneta,Bus,3.1,Martes,16,0,0,5.9,2800,0,2025-06-17,Soleado
Hospital,Poblado,Taxi,5.7,Lunes,4,0,0,29.6,8060,0,2025-07-21,Lluvia
Madera,Industriales,Caminando,11.7,Lunes,22,0,0,40.6,0,0,2025-08-11,Nublado
Envigado,La Estrella,Caminando,4.7,Miercoles,7,1,0,23.9,0,0,2025-05-07,Soleado
San Javier,Industriales,Cable,5.5,Lunes,11,1,0,54.4,0,0,2025-07-07,Tormenta
Sabaneta,Tricentenario,Cable,10.6,Jueves,7,1,0,46.5,0,1,2025-01-23,Soleado
Hospital,La Estrella,Bus,10.7,Miercoles,0,0,0,15.3,2800,1,2025-05-28,Nublado
Floresta,Envigado,Bus,8.7,Martes,17,1,0,24.2,3360,0,2025-04-15,Soleado
Exposiciones,Sabaneta,Caminando,1.8,Jueves,8,1,0,8.1,0,1,2025-01-23,Tormenta
La Estrella,Niquia,Metro,10.3,Viernes,21,0,0,12.9,3200,1,2025-07-18,Lluvia
La Estrella,Exposiciones,Bus,13.7,Lunes,16,0,0,23.8,2800,1,2025-07-14,Nublado
Ayura,Poblado,Caminando,4.5,Miercoles,0,0,0,16.0,0,0,2025-12-31,Nublado
Niquia,Exposiciones,Taxi,4.3,Martes,20,0,0,27.7,6940,0,2025-07-01,Lluvia
Exposiciones,Niquia,Caminando,5.8,Sabado,7,1,1,20.2,0,0,2025-05-24,Nublado
Industriales,Hospital,Caminando,13.7,Jueves,13,1,0,66.1,0,1,2025-03-20,Nublado
Itagui,Envigado,Bus,7.0,Miercoles,9,0,0,14.6,2800,0,2025-03-12,Nublado
San Antonio,Madera,Caminando,3.6,Martes,23,0,0,14.6,0,1,2025-09-30,Lluvia
Industriales,Poblado,Taxi,3.1,Viernes,23,0,0,13.9,5980,1,2025-08-15,Lluvia
Sabaneta,Itagui,Caminando,4.2,Martes,19,1,0,17.1,0,0,2025-04-29,Nublado
Ayura,La Estrella,Cable,3.6,Miercoles,20,0,0,11.9,0,1,2025-12-31,Nublado
Bello,Poblado,Metro,11.4,Lunes,13,1,0,22.1,3840,1,2025-05-19,Tormenta
Sabaneta,Aguacatala,Taxi,6.7,Sabado,7,1,1,28.9,10632,0,2025-08-23,Lluvia
Exposiciones,La Estrella,Caminando,8.3,Sabado,17,1,1,29.8,0,1,2025-11-01,Nublado
Ayura,Itagui,Cable,8.2,Martes,17,1,0,81.9,0,0,2025-01-21,Lluvia
Estadio,Parque Berrio,Cable,9.6,Jueves,13,1,0,39.7,0,1,2025-03-27,Tormenta
Madera,Estadio,Caminando,6.5,Jueves,5,0,0,40.7,0,0,2025-02-27,Nublado
Poblado,Madera,Taxi,11.1,Domingo,22,0,1,33.5,12380,0,2025-06-15,Lluvia
Madera,Envigado,Cable,6.3,Viernes,19,1,0,31.2,0,0,2025-09-19,Nublado
Caribe,Tricentenario,Bus,5.3,Miercoles,1,0,0,10.3,2800,1,2025-12-31,Nublado
Acevedo,Caribe,Bus,1.2,Jueves,19,1,0,3.1,3360,0,2025-01-02,Tormenta
Hospital,Universidad,Caminando,6.7,Jueves,15,0,0,18.8,0,1,2025-12-04,Lluvia
Sabaneta,San Javier,Caminando,3.1,Jueves,1,0,0,27.4,0,0,2025-04-17,Lluvia
San Antonio,Madera,Metro,3.3,Martes,13,1,0,4.7,3840,0,2025-02-25,Nublado
Poblado,Estadio,Caminando,11.8,Viernes,1,0,0,37.8,0,0,2025-07-04,Tormenta
Cisneros,Envigado,Metro,2.7,Viernes,15,0,0,3.3,3200,0,2025-05-30,Nublado
Santa Lucia,Universidad,Caminando,7.8,Jueves,3,0,0,29.8,0,0,2025-01-30,Lluvia
Industriales,La Estrella,Taxi,14.0,Martes,16,0,0,77.5,14700,0,2025-05-13,Tormenta
Aguacatala,Cisneros,Bus,14.7,Domingo,7,1,1,43.8,3360,1,2025-11-09,Nublado
Suramericana,Sabaneta,Cable,5.9,Jueves,1,0,0,23.7,0,0,2025-07-31,Lluvia
Prado,Cisneros,Metro,11.7,Sabado,9,0,1,7.0,3200,0,2025-06-07,Soleado
Cisneros,Caribe,Bus,13.8,Jueves,10,0,0,27.6,2800,0,2025-06-19,Tormenta
Envigado,San Antonio,Cable,12.7,Jueves,23,0,0,40.2,0,0,2025-07-31,Soleado
Universidad,Sabaneta,Taxi,4.9,Martes,2,0,0,20.0,7420,0,2025-07-01,Nublado
Itagui,La Estrella,Cable,13.1,Domingo,19,1,1,53.9,0,0,2025-04-06,Soleado
Prado,Poblado,Metro,7.3,Viernes,7,1,0,14.0,3840,0,2025-09-12,Soleado
Alpujarra,Cisneros,Metro,8.1,Lunes,2,0,0,9.7,3200,1,2025-04-14,Lluvia
Aguacatala,Estadio,Caminando,11.8,Domingo,10,0,1,23.4,0,0,2025-06-08,Nublado
Universidad,Estadio,Metro,1.1,Domingo,12,1,1,1.5,3840,0,2025-08-24,Soleado
San Antonio,Aguacatala,Metro,1.3,Sabado,16,0,1,1.1,3200,1,2025-02-22,Nublado
Universidad,San Antonio,Taxi,10.4,Martes,10,0,0,48.7,11820,1,2025-09-30,Soleado
Universidad,Itagui,Taxi,3.0,Jueves,10,0,0,17.3,5900,1,2025-10-09,Soleado
Parque Berrio,La Estrella,Taxi,2.8,Sabado,14,1,1,15.2,6888,1,2025-10-04,Soleado
Madera,Poblado,Cable,9.6,Miercoles,22,0,0,30.6,0,0,2025-04-02,Soleado
Estadio,Suramericana,Cable,12.4,Sabado,4,0,1,36.5,0,0,2025-10-18,Tormenta
Aguacatala,Hospital,Bus,13.8,Sabado,19,1,1,24.1,3360,0,2025-03-15,Lluvia
Poblado,Ayura,Metro,5.9,Lunes,15,0,0,6.1,3200,0,2025-02-03,Nublado
Ayura,Acevedo,Cable,12.1,Lunes,10,0,0,43.0,0,0,2025-02-24,Nublado
Envigado,Caribe,Cable,3.9,Miercoles,2,0,0,14.9,0,0,2025-07-16,Lluvia
Envigado,Floresta,Bus,11.4,Domingo,21,0,1,15.4,2800,1,2025-03-30,Tormenta
San Antonio,Itagui,Metro,14.4,Sabado,5,0,1,8.4,3200,0,2025-08-16,Tormenta
San Antonio,Ayura,Metro,13.4,Domingo,6,1,1,17.6,3840,1,2025-02-16,Nublado
San Javier,Tricentenario,Cable,9.6,Martes,9,0,0,32.8,0,0,2025-09-30,Lluvia
Itagui,Cisneros,Taxi,14.9,Lunes,22,0,0,81.3,15420,0,2025-08-11,Nublado
Parque Berrio,Bello,Taxi,10.8,Jueves,1,0,0,65.4,12140,0,2025-10-09,Soleado
Hospital,Poblado,Caminando,11.0,Lunes,20,0,0,36.8,0,1,2025-07-21,Nublado
Aguacatala,Tricentenario,Bus,12.8,Domingo,12,1,1,19.6,3360,0,2025-10-12,Nublado
Niquia,Acevedo,Metro,10.2,Sabado,23,0,1,9.2,3200,1,2025-03-15,Tormenta
Poblado,Cisneros,Caminando,7.4,Miercoles,19,1,0,37.4,0,0,2025-08-06,Nublado
Caribe,Poblado,Caminando,12.9,Sabado,18,1,1,41.5,0,0,2025-01-04,Lluvia
Bello,Madera,Caminando,2.6,Viernes,22,0,0,9.0,0,1,2025-09-05,Lluvia
Poblado,Envigado,Metro,4.4,Jueves,19,1,0,7.4,3840,0,2025-09-25,Lluvia
Sabaneta,Bello,Taxi,7.4,Miercoles,0,0,0,46.4,9420,0,2025-10-01,Lluvia
Suramericana,Parque Berrio,Taxi,11.2,Jueves,1,0,0,60.6,12460,0,2025-03-27,Nublado
Itagui,Bello,Taxi,7.8,Domingo,0,0,1,23.6,9740,0,2025-11-16,Lluvia
Tricentenario,La Estrella,Taxi,11.4,Miercoles,8,1,0,94.2,15144,0,2025-05-21,Tormenta
Alpujarra,Cisneros,Bus,7.8,Miercoles,22,0,0,15.6,2800,0,2025-05-14,Soleado
Tricentenario,La Estrella,Bus,4.3,Jueves,13,1,0,11.0,3360,1,2025-09-11,Lluvia
Bello,San Javier,Taxi,7.5,Sabado,1,0,1,27.3,9500,0,2025-03-01,Nublado
Exposiciones,Santa Lucia,Cable,8.4,Domingo,8,1,1,29.9,0,0,2025-08-31,Tormenta
San Javier,San Antonio,Caminando,13.8,Martes,1,0,0,51.5,0,0,2025-12-16,Lluvia
San Antonio,Prado,Taxi,7.5,Jueves,8,1,0,64.0,11400,0,2025-02-20,Nublado
Ayura,San Antonio,Bus,10.4,Martes,17,1,0,50.5,3360,1,2025-06-10,Tormenta
Alpujarra,Hospital,Taxi,1.3,Viernes,6,1,0,8.2,5448,0,2025-05-09,Nublado
Sabaneta,San Javier,Metro,13.0,Lunes,3,0,0,11.2,3200,0,2025-12-29,Nublado
Acevedo,Floresta,Bus,10.2,Sabado,9,0,1,10.0,2800,0,2025-05-10,Tormenta
Santa Lucia,San Javier,Taxi,4.9,Lunes,5,0,0,20.4,7420,0,2025-05-12,Lluvia
Cisneros,Prado,Bus,14.7,Jueves,2,0,0,22.1,2800,0,2025-08-14,Soleado
Tricentenario,Itagui,Cable,13.8,Martes,19,1,0,79.9,0,1,2025-04-22,Lluvia
Estadio,Poblado,Metro,14.1,Viernes,4,0,0,16.0,3200,0,2025-09-12,Tormenta
Itagui,Niquia,Caminando,7.1,Lunes,15,0,0,28.9,0,0,2025-12-29,Nublado
Niquia,Industriales,Cable,5.7,Martes,18,1,0,27.1,0,0,2025-03-04,Soleado
Alpujarra,Itagui,Taxi,10.1,Martes,14,1,0,126.8,13896,1,2025-02-11,Tormenta
Acevedo,San Javier,Taxi,11.3,Domingo,2,0,1,34.4,12540,0,2025-09-07,Nublado
Aguacatala,Exposiciones,Metro,8.0,Sabado,20,0,1,7.2,3200,0,2025-10-04,Soleado
Bello,Alpujarra,Metro,6.7,Domingo,23,0,1,4.2,3200,0,2025-06-22,Nublado
Floresta,Itagui,Bus,7.8,Jueves,1,0,0,10.5,2800,0,2025-02-06,Nublado
Santa Lucia,La Estrella,Bus,13.7,Miercoles,5,0,0,27.6,2800,0,2025-01-08,Soleado
Cisneros,Acevedo,Metro,1.9,Viernes,19,1,0,2.6,3840,0,2025-09-12,Tormenta
San Antonio,Acevedo,Caminando,12.7,Martes,4,0,0,50.7,0,0,2025-10-07,Lluvia
Madera,Tricentenario,Taxi,10.7,Viernes,13,1,0,86.4,14472,0,2025-03-14,Soleado
Tricentenario,Acevedo,Caminando,13.3,Sabado,5,0,1,63.3,0,0,2025-07-12,Lluvia
Industriales,Floresta,Cable,3.0,Domingo,4,0,1,6.5,0,1,2025-12-21,Nublado
Sabaneta,Floresta,Metro,9.6,Domingo,5,0,1,5.7,3200,0,2025-11-02,Tormenta
Niquia,Itagui,Bus,9.7,Miercoles,3,0,0,19.9,2800,0,2025-04-09,Tormenta
Estadio,La Estrella,Bus,2.6,Jueves,1,0,0,3.8,2800,0,2025-05-22,Tormenta
Caribe,Universidad,Metro,5.0,Martes,20,0,0,5.1,3200,0,2025-01-28,Tormenta
Bello,Tricentenario,Metro,12.0,Viernes,5,0,0,12.5,3200,0,2025-10-03,Tormenta
Itagui,Sabaneta,Taxi,4.2,Domingo,6,1,1,18.9,8232,1,2025-08-03,Tormenta
Universidad,Industriales,Bus,1.8,Viernes,15,0,0,3.1,2800,0,2025-02-07,Nublado
Exposiciones,Alpujarra,Bus,9.8,Sabado,23,0,1,14.7,2800,1,2025-08-23,Soleado
Prado,Tricentenario,Metro,3.4,Miercoles,14,1,0,5.0,3840,0,2025-08-27,Nublado
Itagui,Envigado,Bus,13.1,Viernes,13,1,0,29.7,3360,0,2025-02-14,Soleado
Floresta,Industriales,Bus,9.1,Miercoles,10,0,0,18.9,2800,1,2025-05-07,Soleado
Industriales,Bello,Metro,7.0,Viernes,23,0,0,7.0,3200,0,2025-08-29,Soleado
Poblado,Ayura,Bus,10.7,Miercoles,17,1,0,26.8,3360,0,2025-02-12,Nublado
La Estrella,Madera,Metro,3.3,Miercoles,21,0,0,3.4,3200,0,2025-09-03,Tormenta
Poblado,Suramericana,Bus,12.1,Sabado,12,1,1,20.9,3360,0,2025-12-27,Soleado
Exposiciones,Floresta,Taxi,7.0,Lunes,1,0,0,32.7,9100,0,2025-09-29,Nublado
Suramericana,San Javier,Metro,8.2,Viernes,10,0,0,10.3,3200,1,2025-11-14,Tormenta
Alpujarra,Aguacatala,Caminando,3.5,Martes,11,1,0,18.9,0,0,2025-01-21,Nublado
Tricentenario,Alpujarra,Bus,11.3,Sabado,3,0,1,15.5,2800,0,2025-10-04,Nublado
San Antonio,Exposiciones,Taxi,4.9,Lunes,21,0,0,20.4,7420,0,2025-09-15,Soleado
Aguacatala,Floresta,Caminando,7.3,Domingo,17,1,1,25.1,0,0,2025-12-14,Soleado
Universidad,Aguacatala,Metro,5.0,Martes,12,1,0,9.6,3840,1,2025-02-11,Nublado
Aguacatala,Tricentenario,Bus,5.1,Miercoles,20,0,0,10.9,2800,1,2025-09-24,Lluvia
Industriales,Aguacatala,Metro,1.3,Viernes,6,1,0,2.3,3840,0,2025-05-30,Lluvia
Industriales,Sabaneta,Taxi,7.8,Martes,20,0,0,44.2,9740,0,2025-12-02,Tormenta
Parque Berrio,Sabaneta,Bus,4.2,Viernes,5,0,0,6.9,2800,0,2025-06-06,Nublado
Alpujarra,Parque Berrio,Cable,11.0,Jueves,19,1,0,51.8,0,0,2025-03-27,Nublado
Caribe,Prado,Metro,7.2,Miercoles,10,0,0,7.1,3200,0,2025-01-22,Lluvia
Alpujarra,Tricentenario,Taxi,8.5,Lunes,17,1,0,133.4,12360,0,2025-08-18,Tormenta
San Antonio,Tricentenario,Metro,10.1,Martes,16,0,0,9.6,3200,0,2025-10-07,Nublado
Suramericana,Itagui,Cable,11.2,Lunes,22,0,0,46.7,0,0,2025-06-23,Lluvia
Niquia,Industriales,Caminando,2.3,Miercoles,14,1,0,9.5,0,0,2025-04-23,Nublado
Suramericana,Estadio,Taxi,8.5,Viernes,0,0,0,43.5,10300,1,2025-04-11,Tormenta
Universidad,Ayura,Taxi,13.7,Miercoles,19,1,0,100.7,17352,0,2025-11-05,Lluvia
Exposiciones,Alpujarra,Metro,5.3,Lunes,11,1,0,8.1,3840,1,2025-05-26,Tormenta
Floresta,Industriales,Cable,11.2,Miercoles,5,0,0,37.6,0,0,2025-05-28,Nublado
Universidad,San Antonio,Cable,14.1,Viernes,10,0,0,51.5,0,1,2025-09-26,Lluvia
Industriales,Caribe,Caminando,3.8,Lunes,22,0,0,15.4,0,0,2025-08-25,Lluvia
Cisneros,Itagui,Taxi,4.1,Miercoles,17,1,0,36.8,8136,0,2025-09-10,Tormenta
Acevedo,San Javier,Taxi,13.7,Sabado,5,0,1,121.9,14460,0,2025-08-02,Soleado
Sabaneta,Estadio,Taxi,13.2,Sabado,15,0,1,51.5,14060,0,2025-10-25,Soleado
Alpujarra,Envigado,Caminando,9.1,Jueves,8,1,0,39.7,0,0,2025-01-09,Lluvia
Caribe,Bello,Taxi,1.7,Viernes,13,1,0,12.1,5832,1,2025-07-04,Nublado
Estadio,La Estrella,Bus,8.6,Martes,19,1,0,26.6,3360,0,2025-02-18,Lluvia
Prado,Santa Lucia,Taxi,12.5,Miercoles,17,1,0,75.6,16200,0,2025-02-19,Tormenta
Industriales,San Antonio,Bus,8.0,Sabado,6,1,1,17.0,3360,0,2025-02-22,Soleado
Industriales,Aguacatala,Metro,7.7,Sabado,4,0,1,5.2,3200,0,2025-03-01,Lluvia
Caribe,Floresta,Taxi,4.1,Miercoles,23,0,0,25.2,6780,1,2025-01-15,Nublado
Universidad,Tricentenario,Metro,2.1,Miercoles,22,0,0,2.5,3200,1,2025-08-06,Soleado
Bello,Cisneros,Caminando,2.7,Viernes,1,0,0,8.3,0,0,2025-10-31,Soleado
Suramericana,Acevedo,Caminando,3.6,Miercoles,18,1,0,17.6,0,0,2025-04-16,Lluvia
Itagui,Alpujarra,Taxi,8.1,Lunes,16,0,0,33.8,9980,0,2025-03-24,Nublado
Santa Lucia,Universidad,Taxi,14.6,Sabado,17,1,1,65.1,18216,0,2025-03-29,Tormenta
Alpujarra,Floresta,Caminando,3.5,Sabado,14,1,1,12.0,0,1,2025-04-05,Nublado
Industriales,Acevedo,Taxi,8.3,Miercoles,14,1,0,65.2,12168,1,2025-03-05,Soleado
Madera,Alpujarra,Cable,7.4,Sabado,12,1,1,30.3,0,0,2025-03-01,Nublado
Envigado,Industriales,Taxi,13.5,Viernes,6,1,0,121.6,17160,0,2025-08-08,Soleado
San Javier,Aguacatala,Metro,2.7,Martes,14,1,0,4.0,3840,0,2025-07-22,Nublado
Madera,Exposiciones,Bus,2.7,Lunes,6,1,0,8.2,3360,1,2025-06-23,Lluvia
Estadio,Cisneros,Cable,14.8,Miercoles,15,0,0,52.1,0,0,2025-07-02,Soleado
Prado,Ayura,Cable,1.4,Martes,20,0,0,5.5,0,0,2025-04-29,Soleado
Caribe,Industriales,Caminando,5.2,Domingo,10,0,1,13.5,0,0,2025-12-14,Tormenta
Suramericana,Poblado,Bus,7.9,Sabado,21,0,1,8.6,2800,0,2025-05-31,Soleado
Estadio,Bello,Cable,5.4,Domingo,12,1,1,18.7,0,1,2025-03-02,Lluvia
Santa Lucia,Caribe,Cable,11.0,Sabado,4,0,1,26.8,0,0,2025-08-09,Tormenta
Aguacatala,Itagui,Bus,4.7,Miercoles,1,0,0,8.6,2800,0,2025-09-17,Lluvia
San Antonio,Bello,Metro,12.7,Jueves,1,0,0,12.4,3200,1,2025-10-30,Lluvia
Exposiciones,Acevedo,Cable,5.9,Jueves,11,1,0,33.4,0,0,2025-06-26,Soleado
Santa Lucia,Madera,Taxi,1.3,Viernes,10,0,0,6.3,4540,0,2025-02-28,Tormenta
Prado,Niquia,Cable,6.3,Miercoles,0,0,0,20.9,0,0,2025-10-29,Soleado
Santa Lucia,San Javier,Bus,3.3,Domingo,15,0,1,3.7,2800,1,2025-06-22,Soleado
Cisneros,Envigado,Bus,5.2,Miercoles,8,1,0,14.1,3360,0,2025-05-28,Soleado
Santa Lucia,Itagui,Metro,1.9,Viernes,10,0,0,2.3,3200,1,2025-10-31,Soleado
La Estrella,Parque Berrio,Caminando,3.8,Martes,13,1,0,19.0,0,0,2025-06-03,Nublado
Niquia,San Javier,Caminando,4.0,Domingo,18,1,1,17.9,0,0,2025-04-06,Tormenta
Itagui,Estadio,Metro,7.5,Jueves,6,1,0,10.4,3840,0,2025-09-25,Tormenta
Industriales,San Antonio,Metro,4.7,Viernes,6,1,0,6.7,3840,0,2025-11-21,Nublado
Exposiciones,Hospital,Metro,4.4,Martes,6,1,0,8.0,3840,0,2025-03-18,Tormenta
Industriales,San Javier,Metro,2.9,Lunes,5,0,0,2.7,3200,0,2025-04-14,Nublado
La Estrella,Bello,Cable,5.4,Sabado,1,0,1,12.0,0,0,2025-01-11,Lluvia
San Javier,Santa Lucia,Metro,4.3,Miercoles,23,0,0,4.7,3200,1,2025-07-23,Lluvia
Aguacatala,Madera,Bus,5.6,Martes,3,0,0,10.2,2800,0,2025-11-04,Nublado
Industriales,Universidad,Bus,14.6,Lunes,5,0,0,24.8,2800,0,2025-02-24,Tormenta
Envigado,Alpujarra,Metro,7.6,Jueves,17,1,0,10.5,3840,0,2025-06-12,Nublado
Alpujarra,Ayura,Taxi,12.8,Sabado,0,0,1,50.7,13740,0,2025-06-07,Nublado
Prado,Itagui,Cable,13.6,Domingo,20,0,1,36.3,0,1,2025-06-08,Tormenta
Exposiciones,Niquia,Cable,14.1,Domingo,9,0,1,38.8,0,0,2025-05-11,Nublado
Poblado,San Javier,Taxi,4.8,Miercoles,13,1,0,30.2,8808,0,2025-11-26,Tormenta
Cisneros,San Antonio,Cable,8.1,Viernes,5,0,0,26.4,0,0,2025-02-21,Lluvia
Poblado,Floresta,Metro,9.8,Lunes,20,0,0,11.7,3200,0,2025-01-27,Lluvia
San Antonio,Sabaneta,Metro,8.2,Miercoles,5,0,0,10.5,3200,0,2025-02-26,Tormenta
Suramericana,San Antonio,Cable,4.6,Martes,23,0,0,17.5,0,0,2025-09-02,Nublado
Madera,Poblado,Taxi,14.2,Viernes,12,1,0,132.3,17832,0,2025-04-04,Nublado
Madera,Aguacatala,Bus,1.7,Jueves,22,0,0,3.1,2800,1,2025-05-15,Lluvia
Caribe,Sabaneta,Metro,11.8,Miercoles,22,0,0,14.9,3200,0,2025-01-08,Nublado
Santa Lucia,Universidad,Bus,6.3,Sabado,9,0,1,7.5,2800,1,2025-05-17,Lluvia
Floresta,San Javier,Bus,12.1,Domingo,5,0,1,11.5,2800,1,2025-08-03,Tormenta
Hospital,Exposiciones,Caminando,2.2,Miercoles,20,0,0,7.6,0,0,2025-12-17,Tormenta
San Javier,Universidad,Cable,2.0,Lunes,13,1,0,10.8,0,0,2025-12-29,Tormenta
Alpujarra,La Estrella,Caminando,1.1,Martes,23,0,0,3.9,0,0,2025-12-30,Lluvia
Tricentenario,Itagui,Metro,3.4,Sabado,5,0,1,2.5,3200,0,2025-10-25,Soleado
San Antonio,Floresta,Caminando,2.6,Domingo,4,0,1,5.0,0,0,2025-08-10,Lluvia
Floresta,Alpujarra,Cable,8.2,Domingo,8,1,1,29.2,0,0,2025-05-25,Tormenta
Estadio,Tricentenario,Caminando,1.7,Miercoles,20,0,0,5.0,0,1,2025-12-03,Lluvia
Caribe,Floresta,Cable,1.6,Martes,3,0,0,5.2,0,0,2025-08-12,Tormenta
Acevedo,Estadio,Bus,3.9,Miercoles,11,1,0,9.2,3360,0,2025-03-05,Lluvia
Itagui,Santa Lucia,Caminando,8.4,Sabado,18,1,1,31.9,0,1,2025-04-19,Tormenta
San Javier,Acevedo,Taxi,6.5,Martes,9,0,0,35.6,8700,0,2025-01-14,Nublado
Niquia,Acevedo,Cable,7.4,Lunes,21,0,0,31.5,0,1,2025-12-29,Soleado
La Estrella,Sabaneta,Cable,4.0,Lunes,23,0,0,11.0,0,0,2025-06-16,Soleado
Floresta,Madera,Caminando,6.6,Miercoles,12,1,0,29.3,0,0,2025-11-05,Soleado
Niquia,Hospital,Bus,10.1,Viernes,12,1,0,32.2,3360,1,2025-07-18,Tormenta
Floresta,Cisneros,Taxi,6.0,Miercoles,19,1,0,38.2,9960,1,2025-12-17,Tormenta
Exposiciones,Ayura,Taxi,2.3,Jueves,19,1,0,17.4,6408,1,2025-10-16,Tormenta
Madera,Bello,Caminando,10.1,Martes,14,1,0,58.4,0,0,2025-06-24,Soleado
Parque Berrio,Aguacatala,Cable,3.1,Lunes,15,0,0,8.9,0,0,2025-02-10,Tormenta
Parque Berrio,Sabaneta,Metro,8.2,Viernes,2,0,0,8.7,3200,0,2025-10-10,Lluvia
Alpujarra,Prado,Caminando,2.6,Martes,16,0,0,9.8,0,1,2025-02-11,Tormenta
Bello,Acevedo,Cable,9.2,Sabado,9,0,1,22.1,0,0,2025-12-27,Lluvia
San Antonio,Cisneros,Bus,11.5,Sabado,5,0,1,14.8,2800,1,2025-04-19,Soleado
Niquia,Industriales,Metro,7.4,Martes,5,0,0,7.4,3200,0,2025-01-07,Tormenta
Parque Berrio,La Estrella,Caminando,12.3,Viernes,22,0,0,34.6,0,1,2025-07-04,Soleado
Santa Lucia,Universidad,Metro,10.1,Viernes,15,0,0,10.3,3200,0,2025-04-18,Nublado
Madera,San Antonio,Cable,1.3,Lunes,15,0,0,3.8,0,0,2025-03-17,Tormenta
Aguacatala,Niquia,Cable,5.1,Lunes,7,1,0,31.0,0,0,2025-10-27,Soleado
La Estrella,Floresta,Cable,1.5,Viernes,15,0,0,5.0,0,0,2025-08-01,Tormenta
Hospital,Floresta,Metro,9.1,Domingo,0,0,1,6.9,3200,0,2025-09-28,Tormenta
Acevedo,Ayura,Caminando,10.8,Jueves,11,1,0,43.8,0,1,2025-11-27,Lluvia
Poblado,Hospital,Caminando,13.9,Miercoles,18,1,0,85.3,0,0,2025-04-23,Lluvia
Floresta,Santa Lucia,Cable,12.1,Sabado,21,0,1,33.9,0,0,2025-08-02,Lluvia
Santa Lucia,Estadio,Metro,3.4,Lunes,15,0,0,3.0,3200,0,2025-12-08,Tormenta
Parque Berrio,Hospital,Bus,6.0,Lunes,1,0,0,9.3,2800,1,2025-10-13,Soleado
Suramericana,Madera,Taxi,2.7,Sabado,3,0,1,8.6,5660,0,2025-08-09,Lluvia
Estadio,Bello,Caminando,10.9,Sabado,4,0,1,32.1,0,0,2025-05-17,Soleado
Acevedo,Cisneros,Caminando,8.1,Domingo,3,0,1,16.7,0,1,2025-11-09,Lluvia
Caribe,Estadio,Taxi,11.3,Lunes,14,1,0,72.0,15048,0,2025-12-29,Nublado
Acevedo,Hospital,Cable,12.7,Viernes,0,0,0,43.9,0,1,2025-08-01,Lluvia
Alpujarra,Floresta,Cable,3.1,Viernes,20,0,0,12.2,0,1,2025-07-04,Tormenta
Industriales,Poblado,Cable,14.2,Lunes,21,0,0,48.3,0,0,2025-09-22,Soleado
Madera,Alpujarra,Taxi,1.9,Viernes,5,0,0,11.2,5020,0,2025-07-25,Soleado
La Estrella,Floresta,Caminando,13.4,Domingo,13,1,1,54.0,0,0,2025-06-01,Lluvia
Alpujarra,Niquia,Taxi,10.8,Domingo,19,1,1,58.0,14568,0,2025-09-28,Tormenta
Santa Lucia,Alpujarra,Cable,1.5,Sabado,9,0,1,3.4,0,0,2025-04-12,Nublado
Ayura,Itagui,Taxi,8.3,Domingo,2,0,1,34.2,10140,1,2025-04-20,Lluvia
Hospital,Suramericana,Taxi,11.2,Martes,16,0,0,68.4,12460,0,2025-08-05,Soleado
Bello,Suramericana,Metro,7.3,Lunes,9,0,0,9.4,3200,0,2025-08-18,Nublado
Alpujarra,Parque Berrio,Taxi,11.0,Lunes,22,0,0,58.3,12300,0,2025-12-08,Nublado
Cisneros,Estadio,Taxi,11.0,Jueves,3,0,0,66.8,12300,1,2025-08-21,Nublado
Aguacatala,Universidad,Cable,9.2,Domingo,11,1,1,34.1,0,1,2025-02-09,Tormenta
La Estrella,Industriales,Cable,12.5,Viernes,15,0,0,36.3,0,0,2025-12-19,Nublado
Santa Lucia,Ayura,Caminando,7.4,Domingo,22,0,1,14.1,0,0,2025-03-02,Soleado
Sabaneta,Industriales,Metro,1.6,Lunes,11,1,0,2.1,3840,0,2025-03-03,Lluvia
Parque Berrio,Ayura,Metro,1.7,Sabado,4,0,1,1.5,3200,1,2025-03-15,Tormenta
Niquia,Tricentenario,Caminando,6.8,Sabado,2,0,1,17.2,0,0,2025-06-28,Tormenta
Aguacatala,Estadio,Caminando,11.7,Domingo,4,0,1,30.9,0,0,2025-03-09,Soleado
Suramericana,Sabaneta,Caminando,13.6,Martes,12,1,0,143.1,0,0,2025-07-29,Lluvia
La Estrella,Madera,Bus,8.9,Lunes,0,0,0,12.8,2800,1,2025-12-29,Soleado
Itagui,Ayura,Bus,2.7,Lunes,16,0,0,5.7,2800,1,2025-09-01,Nublado
Hospital,Floresta,Caminando,6.6,Sabado,2,0,1,12.7,0,1,2025-08-16,Tormenta
Caribe,Poblado,Metro,4.6,Domingo,10,0,1,2.8,3200,1,2025-09-28,Nublado
Caribe,Parque Berrio,Metro,10.5,Jueves,9,0,0,8.7,3200,1,2025-03-20,Soleado
Parque Berrio,Industriales,Metro,13.5,Viernes,4,0,0,12.5,3200,0,2025-06-13,Soleado
Universidad,Prado,Caminando,8.1,Martes,7,1,0,42.6,0,1,2025-10-28,Lluvia
Poblado,Itagui,Cable,6.7,Lunes,15,0,0,20.5,0,1,2025-02-03,Soleado
Hospital,Suramericana,Caminando,9.0,Domingo,4,0,1,21.5,0,0,2025-11-30,Nublado
Alpujarra,Itagui,Bus,14.5,Martes,17,1,0,90.3,3360,0,2025-05-06,Lluvia
La Estrella,Caribe,Metro,9.4,Viernes,15,0,0,11.5,3200,0,2025-01-31,Nublado
Itagui,Ayura,Taxi,5.2,Viernes,5,0,0,25.9,7660,1,2025-01-24,Lluvia
Industriales,Universidad,Caminando,9.9,Martes,10,0,0,42.6,0,1,2025-09-16,Lluvia
San Antonio,Universidad,Cable,13.8,Lunes,10,0,0,39.9,0,0,2025-11-03,Soleado
Niquia,Santa Lucia,Bus,11.7,Jueves,17,1,0,31.3,3360,0,2025-07-31,Soleado
Envigado,Niquia,Cable,14.6,Jueves,3,0,0,48.1,0,0,2025-12-11,Soleado
Acevedo,Aguacatala,Taxi,4.1,Miercoles,14,1,0,24.9,8136,0,2025-04-09,Lluvia
Universidad,Madera,Caminando,4.3,Lunes,9,0,0,15.0,0,1,2025-11-17,Nublado
Niquia,Hospital,Cable,3.4,Miercoles,8,1,0,15.2,0,0,2025-02-26,Nublado
Madera,Sabaneta,Bus,14.1,Lunes,4,0,0,28.9,2800,0,2025-02-03,Lluvia
Universidad,Santa Lucia,Metro,10.5,Domingo,21,0,1,17.6,3200,0,2025-12-21,Soleado
San Antonio,Poblado,Cable,7.9,Miercoles,3,0,0,61.9,0,1,2025-05-21,Tormenta
Envigado,Poblado,Taxi,5.7,Viernes,12,1,0,53.0,9672,0,2025-01-03,Nublado
Santa Lucia,Industriales,Metro,5.6,Jueves,6,1,0,7.0,3840,1,2025-05-08,Tormenta
Suramericana,Niquia,Caminando,4.5,Lunes,10,0,0,15.6,0,0,2025-11-17,Lluvia
Ayura,Cisneros,Bus,11.7,Viernes,19,1,0,32.5,3360,1,2025-02-07,Soleado
Bello,Industriales,Taxi,1.9,Lunes,2,0,0,11.4,5020,0,2025-12-22,Tormenta
Madera,Tricentenario,Metro,12.9,Martes,1,0,0,12.9,3200,0,2025-10-14,Soleado
Poblado,Exposiciones,Cable,5.8,Viernes,19,1,0,36.8,0,0,2025-08-08,Lluvia
Itagui,Universidad,Metro,9.3,Sabado,0,0,1,7.9,3200,1,2025-02-22,Lluvia
Alpujarra,Poblado,Cable,4.4,Viernes,14,1,0,26.4,0,0,2025-11-14,Tormenta
Ayura,San Javier,Taxi,3.1,Lunes,18,1,0,22.2,7176,0,2025-06-09,Soleado
Ayura,Sabaneta,Bus,6.9,Jueves,7,1,0,15.5,3360,0,2025-01-30,Soleado
San Antonio,Universidad,Cable,9.4,Lunes,22,0,0,30.3,0,0,2025-12-22,Lluvia
Industriales,San Antonio,Bus,7.9,Domingo,14,1,1,17.4,3360,0,2025-02-23,Tormenta
Sabaneta,Universidad,Bus,12.3,Jueves,23,0,0,20.3,2800,0,2025-09-04,Soleado
Alpujarra,Niquia,Metro,3.0,Jueves,0,0,0,3.1,3200,0,2025-07-03,Lluvia
Bello,Niquia,Bus,4.1,Sabado,9,0,1,4.5,2800,0,2025-04-12,Nublado
Caribe,Hospital,Metro,1.3,Martes,8,1,0,2.2,3840,0,2025-04-01,Soleado
San Antonio,Universidad,Taxi,12.3,Viernes,7,1,0,104.3,16008,0,2025-08-22,Tormenta
Santa Lucia,Madera,Metro,3.7,Sabado,4,0,1,2.6,3200,0,2025-03-15,Nublado
Bello,Suramericana,Caminando,12.1,Martes,6,1,0,58.3,0,0,2025-10-28,Nublado
Ayura,Sabaneta,Cable,12.0,Viernes,23,0,0,47.8,0,1,2025-04-18,Tormenta
Estadio,La Estrella,Caminando,3.5,Viernes,15,0,0,13.5,0,0,2025-07-11,Tormenta
Aguacatala,Prado,Caminando,3.9,Viernes,20,0,0,16.2,0,1,2025-07-25,Nublado
Parque Berrio,Poblado,Cable,4.6,Lunes,5,0,0,12.9,0,1,2025-10-20,Lluvia
Hospital,Sabaneta,Metro,7.0,Miercoles,16,0,0,7.2,3200,0,2025-08-27,Lluvia
Prado,Industriales,Metro,4.7,Miercoles,14,1,0,5.9,3840,1,2025-04-02,Soleado
Suramericana,Prado,Bus,6.0,Jueves,3,0,0,10.7,2800,0,2025-02-20,Lluvia
Parque Berrio,Estadio,Taxi,15.0,Martes,22,0,0,88.2,15500,0,2025-04-08,Soleado
Estadio,Parque Berrio,Taxi,12.5,Viernes,12,1,0,238.1,16200,0,2025-06-27,Nublado
Exposiciones,Hospital,Bus,8.2,Viernes,15,0,0,16.3,2800,0,2025-04-18,Tormenta
San Antonio,Cisneros,Metro,11.8,Martes,6,1,0,20.3,3840,0,2025-06-10,Soleado
Alpujarra,Tricentenario,Caminando,8.0,Viernes,9,0,0,30.1,0,1,2025-03-07,Tormenta
San Javier,Suramericana,Cable,5.6,Sabado,17,1,1,15.9,0,0,2025-12-20,Nublado
San Antonio,Sabaneta,Caminando,14.7,Sabado,18,1,1,46.4,0,0,2025-11-08,Nublado
Aguacatala,Acevedo,Taxi,2.3,Domingo,14,1,1,10.3,6408,1,2025-10-19,Tormenta
Niquia,Universidad,Bus,3.9,Miercoles,12,1,0,9.2,3360,0,2025-02-05,Lluvia
Ayura,Niquia,Bus,3.2,Martes,13,1,0,6.8,3360,0,2025-06-17,Soleado
Exposiciones,Universidad,Bus,12.5,Miercoles,9,0,0,23.6,2800,0,2025-04-16,Lluvia
Itagui,Universidad,Caminando,3.8,Miercoles,14,1,0,24.6,0,0,2025-12-17,Nublado
Ayura,San Antonio,Caminando,9.1,Martes,14,1,0,53.2,0,0,2025-09-09,Tormenta
Alpujarra,Floresta,Taxi,6.8,Domingo,19,1,1,31.8,10728,0,2025-07-20,Tormenta
San Javier,Caribe,Caminando,4.4,Martes,12,1,0,27.2,0,0,2025-02-18,Lluvia
San Javier,Madera,Bus,14.9,Miercoles,13,1,0,31.2,3360,0,2025-09-10,Lluvia
Industriales,Aguacatala,Bus,7.5,Sabado,6,1,1,11.0,3360,0,2025-05-10,Tormenta
San Antonio,Estadio,Cable,1.2,Jueves,12,1,0,5.1,0,0,2025-04-10,Tormenta
Aguacatala,Poblado,Metro,11.0,Miercoles,17,1,0,16.8,3840,1,2025-02-12,Nublado
Caribe,Niquia,Caminando,2.7,Viernes,5,0,0,10.5,0,0,2025-02-21,Soleado
San Javier,Prado,Bus,4.0,Jueves,11,1,0,8.2,3360,1,2025-08-14,Soleado
Cisneros,La Estrella,Caminando,6.5,Martes,21,0,0,20.7,0,1,2025-11-25,Tormenta
Estadio,Universidad,Bus,2.3,Viernes,7,1,0,5.8,3360,0,2025-07-11,Nublado
San Javier,Santa Lucia,Metro,11.1,Miercoles,3,0,0,9.1,3200,0,2025-04-23,Lluvia
Envigado,San Javier,Bus,14.1,Domingo,6,1,1,21.2,3360,0,2025-11-16,Nublado
Niquia,Industriales,Taxi,7.4,Martes,12,1,0,46.2,11304,0,2025-01-07,Lluvia
Bello,Acevedo,Bus,14.8,Miercoles,9,0,0,21.0,2800,0,2025-07-30,Nublado
Prado,Acevedo,Caminando,10.5,Lunes,20,0,0,45.0,0,0,2025-06-16,Lluvia
San Javier,Aguacatala,Metro,6.4,Sabado,0,0,1,5.0,3200,0,2025-06-21,Soleado
Hospital,Niquia,Caminando,11.3,Miercoles,9,0,0,44.4,0,1,2025-03-05,Lluvia
Aguacatala,Parque Berrio,Bus,10.0,Miercoles,12,1,0,23.0,3360,0,2025-03-19,Tormenta
Floresta,San Antonio,Bus,8.3,Viernes,10,0,0,17.8,2800,1,2025-05-23,Soleado
Hospital,Estadio,Taxi,8.6,Miercoles,7,1,0,80.8,12456,1,2025-06-25,Nublado
Sabaneta,Exposiciones,Caminando,9.8,Sabado,5,0,1,19.0,0,0,2025-06-14,Soleado
La Estrella,Tricentenario,Bus,9.3,Jueves,2,0,0,18.8,2800,1,2025-03-06,Soleado
Industriales,Estadio,Cable,4.4,Lunes,5,0,0,13.0,0,1,2025-06-09,Tormenta
La Estrella,Universidad,Taxi,6.6,Jueves,2,0,0,29.2,8780,0,2025-09-04,Tormenta
Estadio,Tricentenario,Cable,13.0,Sabado,12,1,1,53.7,0,0,2025-01-11,Nublado
Envigado,Estadio,Bus,5.3,Lunes,12,1,0,12.5,3360,0,2025-05-12,Lluvia
Tricentenario,Floresta,Cable,1.1,Viernes,4,0,0,4.5,0,0,2025-04-11,Tormenta
Industriales,Exposiciones,Taxi,10.0,Miercoles,15,0,0,54.7,11500,1,2025-07-16,Soleado
Exposiciones,Sabaneta,Bus,11.8,Jueves,13,1,0,34.7,3360,0,2025-04-10,Lluvia
Santa Lucia,Bello,Cable,4.4,Miercoles,23,0,0,12.0,0,0,2025-08-06,Soleado
Santa Lucia,San Javier,Bus,14.2,Miercoles,19,1,0,31.0,3360,0,2025-05-14,Nublado
Niquia,Tricentenario,Metro,6.6,Miercoles,22,0,0,7.2,3200,0,2025-11-26,Nublado
Industriales,Caribe,Cable,8.0,Sabado,22,0,1,19.9,0,0,2025-05-10,Tormenta
Estadio,Floresta,Metro,12.4,Martes,20,0,0,11.6,3200,0,2025-02-25,Lluvia
Niquia,Universidad,Cable,11.8,Miercoles,3,0,0,39.7,0,1,2025-01-01,Tormenta
Caribe,Universidad,Taxi,3.8,Domingo,22,0,1,11.9,6540,0,2025-04-06,Nublado
Caribe,Hospital,Metro,14.8,Viernes,6,1,0,27.4,3840,0,2025-04-04,Soleado
La Estrella,Caribe,Metro,2.7,Sabado,2,0,1,2.7,3200,0,2025-05-31,Soleado
Niquia,Madera,Taxi,2.4,Sabado,21,0,1,18.7,5420,0,2025-01-04,Lluvia
Aguacatala,Ayura,Taxi,6.2,Jueves,13,1,0,57.9,10152,0,2025-11-06,Lluvia
San Javier,Exposiciones,Cable,13.2,Domingo,1,0,1,87.8,0,0,2025-11-09,Nublado
Niquia,La Estrella,Metro,6.2,Lunes,8,1,0,10.3,3840,0,2025-09-29,Tormenta
San Javier,Universidad,Metro,9.9,Domingo,10,0,1,8.6,3200,0,2025-11-23,Tormenta
Hospital,La Estrella,Cable,5.9,Jueves,23,0,0,25.0,0,0,2025-07-24,Soleado
Floresta,Exposiciones,Taxi,13.2,Viernes,6,1,0,122.6,16872,0,2025-11-07,Soleado
Tricentenario,Ayura,Metro,3.4,Miercoles,21,0,0,3.5,3200,0,2025-06-04,Nublado
Hospital,Universidad,Bus,2.5,Jueves,22,0,0,13.1,2800,0,2025-12-04,Tormenta
Estadio,Prado,Bus,14.3,Lunes,21,0,0,27.1,2800,0,2025-05-12,Tormenta
Madera,Cisneros,Taxi,10.0,Viernes,18,1,0,74.1,13800,0,2025-04-25,Tormenta
La Estrella,San Javier,Caminando,4.6,Martes,7,1,0,21.7,0,0,2025-08-12,Nublado
Floresta,Acevedo,Caminando,14.4,Martes,4,0,0,81.6,0,0,2025-07-08,Tormenta
Industriales,San Antonio,Taxi,2.5,Domingo,4,0,1,7.0,5500,0,2025-12-14,Lluvia
Cisneros,Hospital,Cable,9.4,Lunes,14,1,0,41.0,0,0,2025-12-15,Soleado
Sabaneta,San Antonio,Taxi,4.8,Lunes,22,0,0,29.4,7340,0,2025-09-15,Nublado
Aguacatala,Parque Berrio,Cable,12.6,Viernes,10,0,0,38.0,0,0,2025-01-31,Soleado
Estadio,Caribe,Cable,14.9,Domingo,9,0,1,37.3,0,0,2025-07-20,Lluvia
Estadio,Exposiciones,Cable,5.0,Jueves,16,0,0,21.0,0,0,2025-02-06,Soleado
Tricentenario,Alpujarra,Caminando,7.4,Martes,22,0,0,21.8,0,0,2025-01-28,Lluvia
Tricentenario,Hospital,Bus,6.1,Viernes,23,0,0,12.5,2800,0,2025-04-11,Nublado
Exposiciones,Poblado,Bus,14.6,Miercoles,3,0,0,21.7,2800,0,2025-01-29,Lluvia
Itagui,Industriales,Bus,4.4,Martes,23,0,0,6.3,2800,0,2025-11-18,Nublado
La Estrella,Estadio,Cable,11.9,Domingo,21,0,1,34.2,0,1,2025-12-21,Tormenta
Alpujarra,Niquia,Metro,7.8,Sabado,2,0,1,6.2,3200,1,2025-03-01,Tormenta
Prado,Floresta,Metro,7.8,Viernes,5,0,0,8.8,3200,0,2025-10-31,Soleado
San Antonio,Madera,Caminando,6.5,Sabado,12,1,1,27.5,0,0,2025-04-05,Soleado
Ayura,Sabaneta,Caminando,14.5,Domingo,3,0,1,42.3,0,0,2025-11-30,Nublado
Niquia,Itagui,Cable,2.8,Martes,3,0,0,8.4,0,0,2025-06-10,Soleado
Madera,Tricentenario,Caminando,6.9,Lunes,11,1,0,79.1,0,0,2025-06-02,Lluvia
San Javier,Envigado,Cable,10.7,Jueves,18,1,0,56.8,0,0,2025-03-13,Nublado
Santa Lucia,Acevedo,Metro,3.0,Viernes,1,0,0,3.7,3200,1,2025-05-02,Nublado
Itagui,Alpujarra,Taxi,2.0,Viernes,23,0,0,9.3,5100,0,2025-03-07,Tormenta
Poblado,Madera,Taxi,8.5,Sabado,13,1,1,37.3,12360,0,2025-12-13,Nublado
Santa Lucia,Alpujarra,Caminando,6.9,Miercoles,20,0,0,20.2,0,0,2025-12-03,Soleado
Sabaneta,Hospital,Metro,10.6,Lunes,3,0,0,10.6,3200,1,2025-05-19,Lluvia
Estadio,Prado,Bus,2.4,Sabado,8,1,1,5.4,3360,0,2025-04-26,Soleado
Caribe,Envigado,Taxi,8.4,Miercoles,15,0,0,48.3,10220,0,2025-10-29,Soleado
Bello,Universidad,Taxi,12.3,Sabado,5,0,1,49.0,13340,0,2025-07-19,Tormenta
Aguacatala,Sabaneta,Bus,10.2,Martes,0,0,0,14.8,2800,1,2025-05-13,Lluvia
Santa Lucia,Suramericana,Bus,10.9,Domingo,19,1,1,17.0,3360,0,2025-12-14,Lluvia
Prado,Poblado,Caminando,14.3,Lunes,9,0,0,47.8,0,1,2025-04-28,Soleado
Madera,Estadio,Bus,2.2,Lunes,5,0,0,3.5,2800,0,2025-02-17,Soleado
Industriales,Santa Lucia,Caminando,8.2,Martes,15,0,0,35.5,0,0,2025-03-11,Tormenta
Niquia,La Estrella,Bus,10.8,Sabado,22,0,1,14.8,2800,0,2025-01-04,Soleado
Sabaneta,Poblado,Bus,3.4,Viernes,16,0,0,5.6,2800,0,2025-12-12,Soleado
Industriales,Ayura,Cable,5.7,Sabado,11,1,1,22.7,0,0,2025-03-29,Soleado
Parque Berrio,San Antonio,Cable,1.0,Sabado,8,1,1,3.9,0,0,2025-05-31,Soleado
Poblado,La Estrella,Cable,9.6,Jueves,11,1,0,46.3,0,1,2025-01-30,Nublado
Exposiciones,Alpujarra,Metro,3.8,Viernes,13,1,0,6.1,3840,0,2025-02-21,Tormenta
Niquia,Caribe,Taxi,6.2,Sabado,15,0,1,21.3,8460,0,2025-04-26,Lluvia
Acevedo,Aguacatala,Cable,11.5,Lunes,4,0,0,30.8,0,0,2025-03-24,Soleado
Universidad,San Antonio,Metro,11.4,Lunes,12,1,0,21.4,3840,1,2025-03-10,Tormenta
San Javier,Prado,Metro,12.2,Lunes,15,0,0,14.1,3200,0,2025-08-04,Tormenta
Ayura,Estadio,Cable,12.1,Domingo,3,0,1,24.4,0,1,2025-03-09,Nublado
Bello,Santa Lucia,Taxi,7.1,Viernes,19,1,0,50.3,11016,0,2025-08-08,Nublado
Sabaneta,Tricentenario,Caminando,11.7,Domingo,7,1,1,50.5,0,1,2025-04-06,Tormenta
Universidad,Ayura,Metro,3.6,Jueves,23,0,0,4.4,3200,1,2025-12-25,Soleado
Tricentenario,Industriales,Metro,7.0,Miercoles,6,1,0,11.6,3840,1,2025-05-21,Tormenta
Ayura,Parque Berrio,Bus,7.7,Jueves,10,0,0,13.5,2800,0,2025-04-24,Lluvia
Alpujarra,Prado,Taxi,5.5,Miercoles,13,1,0,52.7,9480,0,2025-12-31,Nublado
Parque Berrio,Ayura,Taxi,3.6,Viernes,3,0,0,22.9,6380,0,2025-11-07,Soleado
San Javier,Niquia,Caminando,11.4,Sabado,10,0,1,26.1,0,0,2025-03-08,Lluvia
Hospital,San Javier,Taxi,2.2,Viernes,18,1,0,14.1,6312,0,2025-04-18,Soleado
Itagui,San Javier,Bus,14.0,Miercoles,22,0,0,19.5,2800,0,2025-04-09,Tormenta
Estadio,Universidad,Caminando,3.7,Jueves,1,0,0,13.3,0,0,2025-03-20,Lluvia
Alpujarra,Aguacatala,Metro,6.9,Martes,2,0,0,8.7,3200,1,2025-08-12,Lluvia
Santa Lucia,Tricentenario,Taxi,12.1,Viernes,18,1,0,104.1,15816,0,2025-01-24,Soleado
Caribe,Aguacatala,Caminando,6.6,Miercoles,17,1,0,30.9,0,1,2025-07-16,Nublado
Itagui,Floresta,Metro,5.2,Sabado,14,1,1,5.0,3840,0,2025-09-20,Nublado
Hospital,Bello,Caminando,10.0,Viernes,9,0,0,42.4,0,1,2025-05-02,Soleado
La Estrella,Hospital,Bus,10.1,Miercoles,3,0,0,18.8,2800,0,2025-10-01,Lluvia
Floresta,Tricentenario,Cable,14.8,Lunes,9,0,0,101.9,0,0,2025-11-10,Lluvia
Caribe,Parque Berrio,Metro,11.1,Viernes,21,0,0,12.7,3200,1,2025-10-03,Nublado
Cisneros,Poblado,Bus,9.1,Lunes,8,1,0,27.4,3360,1,2025-06-16,Nublado
Floresta,Estadio,Cable,2.3,Martes,4,0,0,6.8,0,0,2025-07-08,Nublado
Itagui,Aguacatala,Bus,5.3,Viernes,9,0,0,11.0,2800,0,2025-11-28,Nublado
Madera,Caribe,Metro,13.7,Jueves,7,1,0,26.4,3840,0,2025-08-07,Soleado
Sabaneta,Acevedo,Cable,12.6,Miercoles,0,0,0,49.6,0,1,2025-07-16,Nublado
Estadio,Madera,Taxi,12.1,Sabado,20,0,1,34.1,13180,0,2025-03-15,Lluvia
Santa Lucia,Madera,Bus,12.4,Jueves,15,0,0,19.7,2800,1,2025-03-13,Lluvia
La Estrella,Envigado,Metro,8.6,Sabado,1,0,1,5.1,3200,0,2025-01-11,Soleado
Hospital,Niquia,Bus,5.9,Jueves,12,1,0,13.9,3360,0,2025-08-07,Soleado
Aguacatala,Caribe,Metro,6.0,Viernes,3,0,0,6.6,3200,0,2025-04-25,Soleado
Bello,La Estrella,Bus,9.4,Miercoles,13,1,0,26.8,3360,0,2025-04-02,Lluvia
Sabaneta,Parque Berrio,Taxi,10.3,Domingo,8,1,1,68.5,14088,0,2025-02-23,Soleado
Suramericana,Niquia,Bus,3.1,Martes,4,0,0,5.3,2800,0,2025-12-02,Soleado
Acevedo,Sabaneta,Cable,5.5,Viernes,4,0,0,15.8,0,0,2025-05-23,Tormenta
Industriales,Ayura,Cable,2.9,Miercoles,20,0,0,12.3,0,0,2025-11-05,Tormenta
Envigado,Itagui,Cable,6.4,Martes,17,1,0,34.9,0,0,2025-09-30,Nublado
Santa Lucia,Madera,Bus,14.9,Sabado,0,0,1,14.1,2800,0,2025-07-05,Soleado
Bello,Exposiciones,Taxi,3.0,Jueves,9,0,0,18.4,5900,0,2025-03-13,Nublado
Universidad,Prado,Metro,6.3,Miercoles,3,0,0,5.1,3200,0,2025-03-12,Soleado
San Javier,Itagui,Metro,1.4,Martes,19,1,0,2.1,3840,1,2025-09-02,Tormenta
Tricentenario,Suramericana,Bus,11.5,Viernes,23,0,0,22.0,2800,0,2025-08-29,Lluvia
Poblado,Cisneros,Metro,1.8,Martes,3,0,0,2.0,3200,1,2025-05-27,Nublado
Niquia,Industriales,Cable,13.9,Lunes,14,1,0,73.0,0,0,2025-12-15,Nublado
Prado,Madera,Caminando,6.6,Domingo,4,0,1,12.8,0,0,2025-07-13,Soleado
Cisneros,Santa Lucia,Cable,12.6,Martes,10,0,0,37.1,0,0,2025-09-02,Nublado
Prado,Acevedo,Metro,1.4,Domingo,11,1,1,1.4,3840,1,2025-02-09,Soleado
Estadio,Parque Berrio,Bus,4.4,Viernes,6,1,0,9.3,3360,1,2025-10-10,Tormenta
Bello,Madera,Taxi,14.7,Lunes,9,0,0,86.4,15260,0,2025-02-17,Lluvia
Estadio,Exposiciones,Taxi,5.6,Sabado,22,0,1,24.5,7980,0,2025-03-08,Nublado
Niquia,Sabaneta,Cable,5.1,Martes,18,1,0,22.3,0,0,2025-09-02,Soleado
Santa Lucia,Hospital,Bus,11.8,Lunes,20,0,0,17.3,2800,0,2025-12-15,Lluvia
Poblado,Cisneros,Bus,9.7,Lunes,9,0,0,45.4,2800,0,2025-06-23,Nublado
Universidad,La Estrella,Caminando,2.4,Sabado,4,0,1,4.5,0,0,2025-02-08,Soleado
Aguacatala,Acevedo,Cable,3.3,Martes,5,0,0,10.3,0,1,2025-06-10,Nublado
Santa Lucia,Suramericana,Cable,11.7,Martes,15,0,0,39.8,0,0,2025-05-13,Tormenta
Bello,Exposiciones,Taxi,7.2,Viernes,13,1,0,57.0,11112,0,2025-07-25,Soleado
San Javier,Industriales,Caminando,9.7,Martes,8,1,0,54.4,0,1,2025-08-19,Soleado
Tricentenario,Acevedo,Taxi,13.0,Sabado,5,0,1,41.5,13900,0,2025-07-12,Lluvia
Poblado,Aguacatala,Caminando,3.5,Miercoles,3,0,0,10.0,0,0,2025-08-27,Tormenta
Universidad,Industriales,Taxi,15.0,Lunes,10,0,0,78.2,15500,0,2025-02-03,Lluvia
Poblado,Bello,Caminando,10.0,Viernes,15,0,0,67.2,0,0,2025-03-21,Lluvia
Suramericana,Industriales,Cable,13.2,Domingo,1,0,1,39.3,0,1,2025-04-20,Nublado
Madera,Caribe,Metro,5.2,Miercoles,12,1,0,9.0,3840,0,2025-05-21,Lluvia
Caribe,Bello,Metro,3.3,Viernes,10,0,0,3.2,3200,0,2025-08-08,Nublado
Santa Lucia,Industriales,Taxi,12.5,Domingo,18,1,1,70.9,16200,1,2025-12-21,Nublado
San Antonio,Santa Lucia,Taxi,14.1,Miercoles,4,0,0,74.0,14780,0,2025-01-08,Tormenta
Prado,Envigado,Metro,9.9,Martes,4,0,0,24.2,3200,1,2025-08-19,Nublado
Sabaneta,Exposiciones,Bus,14.6,Sabado,6,1,1,64.3,3360,1,2025-06-28,Lluvia
Ayura,Acevedo,Cable,6.7,Sabado,14,1,1,22.9,0,0,2025-11-29,Lluvia
Acevedo,Universidad,Cable,8.7,Viernes,11,1,0,38.3,0,1,2025-08-08,Tormenta
La Estrella,Parque Berrio,Caminando,2.3,Jueves,2,0,0,6.2,0,1,2025-02-20,Soleado
La Estrella,Poblado,Caminando,12.9,Sabado,1,0,1,27.3,0,0,2025-10-25,Soleado
Universidad,Ayura,Metro,13.7,Domingo,14,1,1,16.1,3840,0,2025-06-29,Lluvia
Suramericana,Hospital,Caminando,5.3,Lunes,8,1,0,33.2,0,0,2025-05-26,Soleado
Industriales,Bello,Metro,12.8,Martes,4,0,0,13.6,3200,0,2025-01-14,Nublado
Itagui,Industriales,Bus,9.6,Domingo,12,1,1,16.7,3360,0,2025-10-12,Tormenta
Tricentenario,San Javier,Cable,8.2,Domingo,12,1,1,29.2,0,0,2025-03-30,Soleado
La Estrella,Itagui,Cable,14.3,Martes,8,1,0,64.5,0,0,2025-11-18,Nublado
Niquia,La Estrella,Caminando,1.4,Lunes,18,1,0,8.2,0,0,2025-02-10,Lluvia
Caribe,Prado,Bus,11.2,Lunes,6,1,0,33.7,3360,1,2025-06-02,Soleado
Prado,Madera,Bus,2.6,Martes,0,0,0,5.5,2800,1,2025-11-18,Lluvia
Caribe,Madera,Metro,6.5,Jueves,11,1,0,16.0,3840,0,2025-09-11,Soleado
Universidad,Santa Lucia,Cable,12.3,Sabado,10,0,1,42.9,0,0,2025-07-12,Soleado
Acevedo,Alpujarra,Taxi,3.2,Viernes,19,1,0,28.1,7272,1,2025-09-05,Soleado
Envigado,Niquia,Caminando,13.1,Sabado,4,0,1,26.2,0,0,2025-09-20,Nublado
Madera,Estadio,Bus,3.8,Domingo,8,1,1,5.6,3360,0,2025-05-18,Tormenta
Floresta,Cisneros,Cable,13.9,Martes,16,0,0,42.9,0,0,2025-08-12,Lluvia
Exposiciones,Acevedo,Caminando,12.1,Martes,9,0,0,51.5,0,0,2025-10-28,Tormenta
Sabaneta,Estadio,Taxi,9.5,Viernes,19,1,0,72.3,13320,0,2025-06-13,Soleado
Poblado,Caribe,Metro,5.1,Viernes,8,1,0,9.3,3840,0,2025-09-19,Lluvia
Exposiciones,Niquia,Metro,12.1,Jueves,10,0,0,11.8,3200,0,2025-04-03,Lluvia
Tricentenario,Suramericana,Taxi,10.6,Martes,0,0,0,61.4,11980,0,2025-03-04,Lluvia
Hospital,Itagui,Metro,8.4,Jueves,9,0,0,7.2,3200,0,2025-07-17,Soleado
Itagui,San Javier,Cable,12.4,Martes,13,1,0,111.1,0,1,2025-12-16,Lluvia
Industriales,Acevedo,Metro,9.3,Miercoles,5,0,0,13.0,3200,0,2025-08-20,Soleado
Poblado,Parque Berrio,Bus,5.7,Sabado,1,0,1,5.4,2800,0,2025-07-26,Tormenta
Floresta,Parque Berrio,Taxi,2.1,Jueves,11,1,0,18.7,6216,1,2025-06-12,Lluvia
Santa Lucia,Poblado,Cable,14.1,Martes,3,0,0,40.0,0,0,2025-11-25,Nublado
Acevedo,Alpujarra,Cable,3.7,Sabado,5,0,1,10.8,0,0,2025-04-26,Soleado
Santa Lucia,Bello,Taxi,14.3,Jueves,3,0,0,59.9,14940,0,2025-01-23,Tormenta
Prado,Floresta,Bus,2.7,Miercoles,18,1,0,6.5,3360,0,2025-03-12,Tormenta
La Estrella,Poblado,Metro,9.1,Jueves,16,0,0,10.3,3200,0,2025-09-25,Tormenta
Hospital,Madera,Taxi,5.9,Domingo,22,0,1,25.1,8220,0,2025-06-01,Nublado
Santa Lucia,Madera,Metro,1.2,Jueves,1,0,0,1.1,3200,1,2025-09-11,Soleado
San Antonio,Universidad,Caminando,11.6,Domingo,16,0,1,25.9,0,1,2025-09-28,Soleado
Tricentenario,Prado,Taxi,11.9,Jueves,14,1,0,79.8,15624,1,2025-07-17,Lluvia
Itagui,San Javier,Metro,11.4,Lunes,14,1,0,15.7,3840,1,2025-03-17,Soleado
Aguacatala,Santa Lucia,Caminando,2.7,Miercoles,11,1,0,14.5,0,1,2025-08-20,Tormenta
Ayura,Industriales,Caminando,4.8,Viernes,1,0,0,13.6,0,0,2025-06-20,Tormenta
Universidad,San Antonio,Bus,8.4,Sabado,5,0,1,10.3,2800,0,2025-07-26,Nublado
Acevedo,Prado,Metro,4.3,Martes,1,0,0,4.6,3200,0,2025-01-28,Tormenta
Exposiciones,Industriales,Metro,7.9,Miercoles,23,0,0,7.0,3200,0,2025-04-23,Lluvia
Floresta,Niquia,Metro,11.3,Sabado,16,0,1,9.7,3200,1,2025-04-05,Soleado
Caribe,Universidad,Taxi,10.3,Viernes,4,0,0,129.2,11740,0,2025-08-22,Nublado
San Javier,Suramericana,Metro,9.2,Sabado,11,1,1,10.1,3840,1,2025-11-01,Soleado
Itagui,Santa Lucia,Taxi,11.6,Domingo,16,0,1,48.2,12780,0,2025-04-27,Lluvia
Poblado,Ayura,Taxi,4.5,Martes,8,1,0,34.7,8520,0,2025-10-07,Lluvia
Ayura,Suramericana,Caminando,10.6,Viernes,3,0,0,102.0,0,0,2025-09-05,Nublado
Alpujarra,Ayura,Metro,6.0,Martes,18,1,0,10.5,3840,0,2025-05-06,Soleado
Prado,San Javier,Caminando,4.7,Martes,16,0,0,17.9,0,0,2025-08-19,Tormenta
Prado,San Antonio,Bus,12.7,Miercoles,18,1,0,27.4,3360,0,2025-01-22,Lluvia
Parque Berrio,Acevedo,Metro,7.5,Sabado,21,0,1,4.6,3200,0,2025-09-13,Nublado
Parque Berrio,Ayura,Taxi,7.4,Lunes,9,0,0,33.6,9420,1,2025-02-03,Tormenta
Parque Berrio,Niquia,Cable,1.7,Lunes,21,0,0,4.9,0,0,2025-06-30,Nublado
Madera,Floresta,Taxi,7.0,Sabado,23,0,1,30.8,9100,1,2025-03-15,Lluvia
Hospital,Cisneros,Cable,13.5,Martes,12,1,0,85.1,0,1,2025-08-05,Tormenta
San Javier,San Antonio,Caminando,4.5,Jueves,21,0,0,15.1,0,0,2025-03-13,Lluvia
Itagui,San Javier,Cable,12.0,Martes,5,0,0,48.7,0,0,2025-10-07,Lluvia
Ayura,Santa Lucia,Taxi,7.5,Jueves,11,1,0,72.0,11400,0,2025-08-28,Soleado
Estadio,Industriales,Metro,12.0,Jueves,19,1,0,19.6,3840,0,2025-03-13,Lluvia
Bello,Suramericana,Cable,7.5,Jueves,12,1,0,44.3,0,0,2025-03-06,Soleado
Bello,Parque Berrio,Metro,12.5,Viernes,19,1,0,20.3,3840,0,2025-06-20,Soleado
Floresta,Itagui,Caminando,8.2,Martes,22,0,0,29.5,0,1,2025-01-28,Nublado
Parque Berrio,San Javier,Taxi,2.6,Sabado,15,0,1,7.3,5580,1,2025-01-04,Soleado
Hospital,Universidad,Metro,6.5,Domingo,0,0,1,5.7,3200,0,2025-08-31,Nublado
Cisneros,Hospital,Caminando,13.0,Miercoles,19,1,0,72.1,0,0,2025-05-14,Nublado
Tricentenario,Estadio,Bus,7.7,Sabado,16,0,1,8.5,2800,0,2025-03-29,Tormenta
Alpujarra,Santa Lucia,Taxi,7.5,Domingo,12,1,1,47.5,11400,1,2025-07-20,Soleado
Itagui,Exposiciones,Metro,10.0,Sabado,9,0,1,8.7,3200,1,2025-10-25,Lluvia
Tricentenario,Aguacatala,Cable,6.0,Jueves,0,0,0,24.6,0,0,2025-05-22,Tormenta
Ayura,Madera,Bus,10.2,Martes,4,0,0,18.4,2800,0,2025-12-02,Nublado
Prado,Cisneros,Taxi,6.3,Lunes,2,0,0,32.6,8540,0,2025-07-21,Lluvia
Tricentenario,Floresta,Taxi,9.2,Miercoles,18,1,0,83.8,13032,1,2025-10-29,Nublado
Hospital,Acevedo,Metro,5.5,Sabado,21,0,1,3.5,3200,0,2025-09-13,Nublado
Acevedo,Universidad,Cable,9.6,Lunes,2,0,0,27.4,0,1,2025-08-04,Lluvia
Sabaneta,San Javier,Metro,10.8,Lunes,10,0,0,10.7,3200,0,2025-03-31,Nublado
Universidad,Parque Berrio,Cable,4.2,Miercoles,21,0,0,16.4,0,0,2025-08-13,Nublado
Madera,Sabaneta,Metro,3.8,Miercoles,21,0,0,4.6,3200,0,2025-11-19,Tormenta
Itagui,Envigado,Metro,3.7,Martes,5,0,0,3.3,3200,0,2025-06-24,Lluvia
Sabaneta,Envigado,Bus,9.8,Martes,14,1,0,30.3,3360,1,2025-02-04,Lluvia
Acevedo,Tricentenario,Cable,1.3,Martes,1,0,0,5.2,0,0,2025-04-29,Tormenta
Santa Lucia,Alpujarra,Metro,8.5,Sabado,9,0,1,5.5,3200,0,2025-03-22,Lluvia
Exposiciones,La Estrella,Metro,9.2,Martes,22,0,0,11.7,3200,0,2025-10-07,Soleado
San Antonio,Poblado,Taxi,3.0,Domingo,10,0,1,11.3,5900,0,2025-04-13,Soleado
Hospital,Ayura,Metro,5.8,Jueves,19,1,0,7.3,3840,0,2025-10-16,Soleado
Envigado,Aguacatala,Bus,2.5,Lunes,23,0,0,4.4,2800,0,2025-05-19,Tormenta
Parque Berrio,Cisneros,Bus,11.8,Sabado,1,0,1,16.6,2800,0,2025-01-11,Soleado
Envigado,Aguacatala,Metro,7.0,Viernes,12,1,0,10.6,3840,0,2025-07-18,Lluvia
Alpujarra,Universidad,Taxi,4.2,Martes,1,0,0,23.0,6860,0,2025-08-12,Soleado
Suramericana,Niquia,Bus,2.8,Jueves,2,0,0,7.7,2800,0,2025-01-30,Nublado
Parque Berrio,Tricentenario,Caminando,10.2,Miercoles,15,0,0,28.5,0,1,2025-07-23,Lluvia
Hospital,Aguacatala,Taxi,13.2,Lunes,17,1,0,91.3,16872,0,2025-07-07,Soleado
Bello,Exposiciones,Cable,4.9,Domingo,19,1,1,15.5,0,0,2025-12-28,Nublado
Parque Berrio,Estadio,Caminando,11.1,Viernes,3,0,0,76.7,0,0,2025-04-18,Tormenta
Acevedo,Niquia,Cable,9.2,Sabado,8,1,1,30.6,0,1,2025-01-18,Tormenta
Aguacatala,Niquia,Cable,4.1,Miercoles,14,1,0,20.3,0,0,2025-07-16,Lluvia
Bello,Itagui,Taxi,13.9,Martes,19,1,0,130.7,17544,0,2025-01-14,Soleado
San Antonio,Estadio,Caminando,12.3,Lunes,13,1,0,66.2,0,0,2025-08-11,Lluvia
Envigado,Poblado,Cable,3.3,Martes,23,0,0,10.9,0,0,2025-10-21,Nublado
Niquia,Parque Berrio,Taxi,5.7,Jueves,7,1,0,42.6,9672,0,2025-02-13,Lluvia
Suramericana,La Estrella,Caminando,9.0,Martes,3,0,0,28.8,0,1,2025-01-07,Tormenta
Niquia,Aguacatala,Metro,7.7,Miercoles,1,0,0,9.4,3200,1,2025-08-27,Soleado
Prado,La Estrella,Caminando,3.5,Martes,2,0,0,13.8,0,0,2025-06-10,Nublado
Hospital,San Javier,Bus,4.3,Lunes,19,1,0,12.1,3360,0,2025-03-17,Tormenta
Itagui,San Antonio,Metro,1.9,Sabado,22,0,1,1.5,3200,1,2025-10-11,Lluvia
Envigado,Floresta,Metro,2.5,Martes,7,1,0,4.0,3840,1,2025-11-04,Nublado
San Antonio,Sabaneta,Taxi,10.0,Lunes,13,1,0,92.8,13800,0,2025-12-15,Lluvia
San Antonio,Poblado,Taxi,3.2,Viernes,9,0,0,13.2,6060,0,2025-08-29,Soleado
Acevedo,La Estrella,Bus,14.2,Martes,16,0,0,23.4,2800,0,2025-06-10,Nublado
Exposiciones,Suramericana,Metro,8.5,Domingo,7,1,1,7.7,3840,0,2025-02-09,Tormenta
San Javier,Ayura,Caminando,3.7,Jueves,10,0,0,13.4,0,0,2025-08-14,Lluvia
Hospital,Aguacatala,Taxi,7.2,Sabado,22,0,1,32.2,9260,1,2025-03-01,Soleado
Alpujarra,San Javier,Cable,12.0,Jueves,7,1,0,54.9,0,0,2025-11-06,Nublado
Estadio,Industriales,Caminando,12.1,Domingo,4,0,1,27.4,0,0,2025-12-07,Nublado
Itagui,Aguacatala,Bus,3.3,Jueves,14,1,0,8.3,3360,0,2025-04-03,Tormenta
Floresta,Acevedo,Bus,10.7,Sabado,13,1,1,24.2,3360,0,2025-01-18,Tormenta
Industriales,Alpujarra,Bus,11.0,Viernes,22,0,0,15.8,2800,0,2025-07-25,Soleado
Floresta,Bello,Metro,9.8,Martes,14,1,0,17.2,3840,0,2025-07-01,Nublado
Floresta,Caribe,Caminando,13.5,Jueves,2,0,0,49.4,0,0,2025-09-18,Tormenta
San Antonio,Aguacatala,Bus,14.2,Jueves,23,0,0,20.1,2800,0,2025-09-18,Tormenta
Parque Berrio,Alpujarra,Cable,1.6,Viernes,5,0,0,6.8,0,0,2025-06-13,Tormenta
Ayura,Prado,Caminando,5.9,Miercoles,10,0,0,17.4,0,0,2025-11-12,Nublado
Caribe,San Antonio,Taxi,10.3,Viernes,3,0,0,44.8,11740,0,2025-11-07,Nublado
Niquia,La Estrella,Metro,1.1,Sabado,17,1,1,2.4,3840,0,2025-10-04,Tormenta
Floresta,Poblado,Caminando,13.9,Jueves,14,1,0,80.5,0,1,2025-03-06,Tormenta
Aguacatala,Prado,Metro,14.6,Miercoles,8,1,0,26.3,3840,1,2025-03-12,Soleado
San Antonio,Caribe,Caminando,9.8,Sabado,8,1,1,36.2,0,0,2025-06-21,Lluvia
Bello,Poblado,Metro,3.7,Domingo,16,0,1,2.8,3200,0,2025-12-28,Soleado
Hospital,Tricentenario,Caminando,4.7,Sabado,7,1,1,14.4,0,0,2025-07-12,Lluvia
Tricentenario,Hospital,Metro,1.0,Lunes,23,0,0,1.0,3200,1,2025-09-22,Nublado
Bello,Poblado,Taxi,9.9,Martes,12,1,0,77.4,13704,1,2025-11-11,Lluvia
Cisneros,Hospital,Taxi,12.2,Martes,15,0,0,60.8,13260,0,2025-12-09,Soleado
Hospital,Acevedo,Taxi,4.5,Domingo,14,1,1,23.9,8520,0,2025-08-03,Soleado
Alpujarra,Floresta,Cable,12.8,Sabado,4,0,1,36.8,0,0,2025-12-27,Soleado
Parque Berrio,Prado,Caminando,8.9,Lunes,13,1,0,42.8,0,0,2025-04-21,Tormenta
Industriales,Exposiciones,Taxi,11.2,Martes,8,1,0,81.5,14952,0,2025-01-28,Tormenta
Hospital,Sabaneta,Bus,14.3,Jueves,6,1,0,39.6,3360,0,2025-10-02,Soleado
Floresta,Niquia,Cable,13.8,Domingo,22,0,1,38.1,0,0,2025-02-16,Nublado
Alpujarra,Itagui,Bus,13.0,Sabado,17,1,1,20.8,3360,0,2025-03-22,Lluvia
Industriales,Universidad,Caminando,12.8,Jueves,0,0,0,50.2,0,0,2025-05-08,Tormenta
Bello,Universidad,Taxi,9.8,Miercoles,0,0,0,126.1,11340,0,2025-06-04,Tormenta
La Estrella,Exposiciones,Bus,2.0,Lunes,2,0,0,3.9,2800,0,2025-05-19,Soleado
Floresta,Envigado,Caminando,3.7,Miercoles,3,0,0,13.6,0,0,2025-03-19,Soleado
Parque Berrio,Prado,Cable,14.6,Lunes,3,0,0,53.0,0,0,2025-04-14,Nublado
Industriales,Itagui,Taxi,6.4,Viernes,9,0,0,41.5,8620,0,2025-09-05,Soleado
Poblado,Hospital,Caminando,7.3,Lunes,12,1,0,37.9,0,0,2025-01-13,Nublado
Suramericana,La Estrella,Metro,3.9,Martes,17,1,0,7.4,3840,1,2025-02-18,Tormenta
Sabaneta,Aguacatala,Caminando,11.7,Sabado,7,1,1,37.9,0,0,2025-10-18,Nublado
Bello,Alpujarra,Caminando,4.8,Lunes,13,1,0,21.7,0,0,2025-11-03,Tormenta
San Antonio,San Javier,Bus,8.2,Sabado,14,1,1,17.6,3360,1,2025-06-14,Soleado
Industriales,Floresta,Metro,3.3,Sabado,4,0,1,2.7,3200,0,2025-07-12,Soleado
Bello,Poblado,Cable,3.0,Sabado,20,0,1,8.7,0,1,2025-03-29,Soleado
Industriales,Parque Berrio,Taxi,8.9,Jueves,10,0,0,39.3,10620,0,2025-09-25,Lluvia
Ayura,La Estrella,Taxi,14.1,Sabado,14,1,1,93.5,17736,0,2025-08-30,Nublado
Caribe,Envigado,Cable,3.5,Lunes,10,0,0,12.1,0,1,2025-01-06,Nublado
Universidad,Floresta,Metro,2.3,Viernes,14,1,0,3.8,3840,1,2025-10-03,Nublado
Alpujarra,San Javier,Metro,12.5,Miercoles,8,1,0,23.1,3840,0,2025-04-09,Tormenta
Prado,Itagui,Caminando,2.1,Martes,21,0,0,6.1,0,1,2025-11-25,Lluvia
Itagui,Acevedo,Bus,5.6,Jueves,18,1,0,16.6,3360,1,2025-09-25,Tormenta
Universidad,Caribe,Metro,14.0,Martes,6,1,0,23.3,3840,0,2025-04-29,Soleado
San Antonio,Madera,Metro,7.0,Miercoles,16,0,0,7.3,3200,0,2025-03-12,Nublado
Envigado,Exposiciones,Cable,6.0,Jueves,22,0,0,24.4,0,1,2025-07-17,Nublado
Caribe,San Javier,Taxi,8.8,Miercoles,4,0,0,46.0,10540,0,2025-12-31,Tormenta
La Estrella,Alpujarra,Bus,11.8,Lunes,11,1,0,28.7,3360,0,2025-01-13,Nublado
Exposiciones,Alpujarra,Bus,6.1,Lunes,6,1,0,13.7,3360,0,2025-01-06,Lluvia
Prado,Envigado,Metro,10.1,Viernes,8,1,0,17.0,3840,0,2025-11-07,Lluvia
Prado,San Javier,Metro,15.0,Lunes,0,0,0,16.7,3200,0,2025-10-20,Soleado
Bello,Exposiciones,Metro,10.9,Lunes,22,0,0,9.7,3200,1,2025-11-10,Soleado
Bello,Aguacatala,Metro,14.8,Martes,3,0,0,13.3,3200,1,2025-06-10,Lluvia
Santa Lucia,Caribe,Caminando,14.2,Lunes,16,0,0,47.4,0,0,2025-07-07,Soleado
Universidad,Suramericana,Caminando,2.2,Lunes,23,0,0,7.5,0,1,2025-03-17,Tormenta
Caribe,San Javier,Metro,2.6,Lunes,8,1,0,4.0,3840,1,2025-06-09,Tormenta
Madera,Tricentenario,Metro,3.6,Viernes,23,0,0,3.9,3200,0,2025-04-04,Soleado
Universidad,San Javier,Taxi,5.3,Domingo,2,0,1,21.2,7740,0,2025-08-24,Nublado
Parque Berrio,Bello,Cable,4.9,Domingo,9,0,1,12.4,0,0,2025-12-28,Lluvia
Universidad,Caribe,Taxi,4.7,Martes,22,0,0,24.6,7260,0,2025-05-13,Tormenta
Cisneros,La Estrella,Bus,3.2,Domingo,18,1,1,6.1,3360,0,2025-01-19,Lluvia
Universidad,Alpujarra,Caminando,2.3,Viernes,23,0,0,9.1,0,0,2025-10-10,Soleado
Acevedo,Envigado,Bus,9.2,Lunes,4,0,0,15.1,2800,0,2025-09-01,Soleado
San Antonio,Floresta,Metro,3.2,Miercoles,11,1,0,5.0,3840,0,2025-11-19,Nublado
Alpujarra,Parque Berrio,Bus,11.5,Jueves,17,1,0,29.3,3360,0,2025-08-28,Tormenta
Floresta,Exposiciones,Cable,9.4,Lunes,8,1,0,48.9,0,1,2025-05-05,Nublado
Estadio,Ayura,Metro,14.4,Lunes,13,1,0,43.5,3840,0,2025-08-04,Nublado
Itagui,Suramericana,Bus,12.0,Sabado,21,0,1,11.6,2800,0,2025-03-08,Nublado
Suramericana,Alpujarra,Cable,1.0,Martes,5,0,0,2.9,0,0,2025-07-22,Soleado
Caribe,Prado,Bus,3.2,Martes,2,0,0,5.7,2800,1,2025-08-12,Nublado
Alpujarra,Acevedo,Cable,10.8,Jueves,21,0,0,45.2,0,0,2025-10-09,Nublado
Estadio,Acevedo,Cable,6.6,Viernes,10,0,0,21.2,0,0,2025-03-07,Tormenta
Sabaneta,Exposiciones,Caminando,10.4,Jueves,11,1,0,159.4,0,1,2025-02-06,Nublado
Alpujarra,Exposiciones,Taxi,13.8,Domingo,0,0,1,54.2,14540,1,2025-09-14,Nublado
Parque Berrio,Poblado,Metro,7.0,Lunes,12,1,0,9.9,3840,0,2025-06-23,Soleado
Prado,Poblado,Bus,7.5,Martes,12,1,0,15.8,3360,1,2025-03-25,Tormenta
Suramericana,Cisneros,Metro,9.0,Lunes,10,0,0,8.9,3200,0,2025-03-24,Tormenta
Industriales,Suramericana,Metro,11.4,Jueves,13,1,0,14.7,3840,0,2025-06-05,Lluvia
Estadio,Aguacatala,Taxi,12.0,Miercoles,11,1,0,116.1,15720,0,2025-10-01,Soleado
Tricentenario,Niquia,Taxi,3.8,Lunes,18,1,0,34.4,7848,0,2025-12-29,Soleado
Poblado,Parque Berrio,Metro,6.1,Martes,15,0,0,7.6,3200,1,2025-03-04,Lluvia
San Javier,Parque Berrio,Metro,5.1,Domingo,8,1,1,5.4,3840,1,2025-10-05,Soleado
Sabaneta,Acevedo,Taxi,4.5,Domingo,17,1,1,19.9,8520,0,2025-01-19,Tormenta
Industriales,Prado,Taxi,13.9,Sabado,22,0,1,60.9,14620,0,2025-08-23,Tormenta
Bello,Acevedo,Taxi,9.5,Jueves,1,0,0,55.2,11100,1,2025-07-10,Soleado
San Antonio,San Javier,Taxi,3.6,Martes,12,1,0,31.7,7656,0,2025-08-05,Soleado
Cisneros,Industriales,Metro,14.9,Miercoles,18,1,0,24.8,3840,0,2025-04-09,Soleado
Alpujarra,Sabaneta,Cable,11.5,Lunes,13,1,0,68.4,0,0,2025-04-21,Tormenta
Caribe,Santa Lucia,Taxi,3.9,Martes,0,0,0,23.2,6620,1,2025-05-20,Tormenta
Sabaneta,Cisneros,Taxi,1.3,Miercoles,7,1,0,9.4,5448,1,2025-02-19,Tormenta
Itagui,Industriales,Caminando,7.7,Miercoles,17,1,0,41.5,0,0,2025-06-18,Tormenta
Tricentenario,Aguacatala,Cable,10.4,Viernes,17,1,0,113.5,0,0,2025-04-18,Tormenta
Envigado,Alpujarra,Metro,5.3,Jueves,23,0,0,6.2,3200,0,2025-04-17,Nublado
Sabaneta,Itagui,Bus,6.8,Domingo,11,1,1,14.1,3360,1,2025-11-16,Tormenta
Hospital,Industriales,Caminando,2.4,Domingo,12,1,1,7.6,0,0,2025-03-09,Nublado
Caribe,Suramericana,Cable,11.5,Jueves,13,1,0,58.0,0,0,2025-10-09,Lluvia
La Estrella,Acevedo,Taxi,4.2,Lunes,17,1,0,31.6,8232,1,2025-09-15,Tormenta
Caribe,Universidad,Cable,11.7,Miercoles,0,0,0,44.0,0,1,2025-05-28,Tormenta
Industriales,Poblado,Bus,2.9,Sabado,0,0,1,3.8,2800,0,2025-11-22,Tormenta
Niquia,Alpujarra,Caminando,10.6,Jueves,5,0,0,94.7,0,0,2025-05-08,Tormenta
Envigado,Ayura,Bus,11.1,Lunes,14,1,0,25.5,3360,0,2025-03-24,Nublado
San Antonio,Tricentenario,Taxi,9.1,Lunes,0,0,0,46.8,10780,0,2025-02-03,Nublado
Suramericana,Caribe,Cable,12.3,Domingo,20,0,1,35.0,0,0,2025-09-14,Nublado
Poblado,Estadio,Metro,10.5,Sabado,23,0,1,7.4,3200,0,2025-01-04,Tormenta
Madera,Cisneros,Cable,11.0,Miercoles,22,0,0,40.5,0,0,2025-05-14,Tormenta
Aguacatala,Estadio,Metro,6.1,Viernes,12,1,0,10.6,3840,0,2025-05-30,Tormenta
Suramericana,Acevedo,Metro,11.1,Domingo,8,1,1,11.5,3840,1,2025-03-16,Nublado
Suramericana,Aguacatala,Bus,10.0,Viernes,3,0,0,14.0,2800,0,2025-05-16,Nublado
Estadio,Prado,Taxi,5.6,Domingo,22,0,1,20.1,7980,1,2025-06-01,Soleado
Estadio,Tricentenario,Bus,4.1,Jueves,9,0,0,6.7,2800,1,2025-09-25,Nublado
Itagui,San Javier,Taxi,10.4,Lunes,22,0,0,45.6,11820,1,2025-09-01,Lluvia
Exposiciones,Prado,Bus,3.1,Miercoles,6,1,0,6.2,3360,0,2025-01-15,Tormenta
Aguacatala,La Estrella,Bus,9.2,Jueves,20,0,0,16.1,2800,0,2025-06-26,Tormenta
La Estrella,Caribe,Caminando,13.6,Jueves,5,0,0,36.6,0,0,2025-09-04,Lluvia
Universidad,Prado,Bus,10.1,Viernes,19,1,0,24.7,3360,0,2025-05-23,Soleado
Cisneros,Floresta,Caminando,6.1,Domingo,23,0,1,11.6,0,0,2025-04-27,Soleado
Prado,Itagui,Caminando,7.3,Viernes,2,0,0,25.8,0,0,2025-10-03,Nublado
Santa Lucia,La Estrella,Bus,3.5,Domingo,22,0,1,5.3,2800,1,2025-04-27,Nublado
Floresta,Madera,Bus,3.9,Jueves,9,0,0,6.0,2800,0,2025-09-25,Soleado
Envigado,Cisneros,Metro,3.7,Viernes,20,0,0,3.2,3200,1,2025-06-13,Nublado
Sabaneta,Aguacatala,Taxi,13.1,Domingo,0,0,1,39.2,13980,0,2025-10-19,Nublado
Itagui,Cisneros,Caminando,11.6,Viernes,0,0,0,42.6,0,1,2025-08-22,Tormenta
Ayura,Parque Berrio,Taxi,5.8,Viernes,17,1,0,49.5,9768,0,2025-05-16,Soleado
Estadio,Caribe,Cable,7.9,Sabado,10,0,1,16.4,0,0,2025-01-04,Soleado
Poblado,San Antonio,Caminando,11.7,Viernes,6,1,0,53.0,0,0,2025-04-04,Tormenta
Acevedo,Santa Lucia,Taxi,5.5,Domingo,6,1,1,25.9,9480,1,2025-11-09,Nublado
Sabaneta,Santa Lucia,Bus,10.1,Lunes,16,0,0,20.1,2800,1,2025-06-16,Lluvia
Aguacatala,Parque Berrio,Taxi,11.2,Domingo,9,0,1,47.6,12460,0,2025-03-16,Tormenta
Estadio,Industriales,Metro,6.0,Sabado,1,0,1,5.1,3200,0,2025-07-26,Soleado
Cisneros,Santa Lucia,Bus,5.1,Jueves,21,0,0,8.4,2800,0,2025-04-17,Lluvia
Envigado,Itagui,Bus,13.0,Lunes,19,1,0,27.7,3360,0,2025-04-21,Tormenta
Floresta,Itagui,Cable,10.6,Viernes,21,0,0,44.3,0,1,2025-01-24,Tormenta
Bello,Tricentenario,Metro,8.5,Lunes,10,0,0,8.7,3200,0,2025-11-24,Soleado
San Antonio,Suramericana,Cable,9.0,Miercoles,4,0,0,32.4,0,0,2025-03-19,Lluvia
Envigado,Ayura,Taxi,11.8,Sabado,0,0,1,34.4,12940,0,2025-12-20,Lluvia
Alpujarra,Suramericana,Cable,7.6,Domingo,5,0,1,18.3,0,0,2025-04-20,Lluvia
Prado,La Estrella,Metro,7.0,Jueves,3,0,0,8.4,3200,0,2025-03-13,Soleado
Ayura,Alpujarra,Metro,14.4,Viernes,13,1,0,26.7,3840,0,2025-10-17,Lluvia
Itagui,San Antonio,Metro,14.6,Sabado,18,1,1,18.2,3840,0,2025-02-08,Soleado
Itagui,Poblado,Caminando,11.7,Sabado,6,1,1,41.6,0,0,2025-11-29,Nublado
La Estrella,San Antonio,Metro,7.4,Viernes,20,0,0,8.8,3200,0,2025-04-04,Soleado
Exposiciones,Sabaneta,Taxi,1.3,Sabado,19,1,1,6.2,5448,1,2025-01-04,Nublado
Itagui,Santa Lucia,Taxi,11.8,Martes,14,1,0,96.2,15528,0,2025-09-30,Nublado
Universidad,Suramericana,Bus,2.4,Miercoles,9,0,0,4.3,2800,1,2025-04-16,Nublado
Envigado,Alpujarra,Metro,10.2,Martes,10,0,0,9.2,3200,0,2025-06-17,Nublado
Universidad,Suramericana,Taxi,2.7,Martes,4,0,0,40.7,5660,0,2025-01-14,Nublado
Exposiciones,Bello,Cable,3.9,Miercoles,12,1,0,19.3,0,1,2025-08-13,Nublado
Ayura,Sabaneta,Caminando,2.7,Martes,5,0,0,9.4,0,0,2025-03-04,Lluvia
Industriales,Universidad,Bus,7.7,Domingo,16,0,1,9.5,2800,1,2025-02-16,Tormenta
Suramericana,Industriales,Cable,14.2,Viernes,11,1,0,86.5,0,0,2025-02-21,Lluvia
Hospital,Floresta,Metro,13.3,Domingo,20,0,1,7.5,3200,0,2025-11-30,Lluvia
Bello,Caribe,Bus,2.8,Martes,18,1,0,6.1,3360,0,2025-04-01,Soleado
Sabaneta,Cisneros,Bus,9.6,Viernes,9,0,0,19.4,2800,1,2025-12-05,Nublado
Floresta,Cisneros,Bus,1.4,Domingo,3,0,1,1.5,2800,0,2025-07-06,Lluvia
Sabaneta,San Antonio,Metro,13.4,Martes,10,0,0,10.9,3200,0,2025-01-14,Soleado
Envigado,Exposiciones,Caminando,2.4,Viernes,5,0,0,7.8,0,0,2025-09-26,Soleado
Acevedo,Ayura,Cable,2.9,Viernes,17,1,0,16.0,0,0,2025-08-01,Tormenta
Prado,Tricentenario,Taxi,14.4,Miercoles,17,1,0,122.5,18024,0,2025-12-03,Nublado
Tricentenario,Prado,Caminando,10.2,Sabado,4,0,1,27.9,0,1,2025-03-08,Soleado
Hospital,Prado,Taxi,5.6,Sabado,23,0,1,25.2,7980,0,2025-04-05,Lluvia
Estadio,Tricentenario,Taxi,9.1,Martes,11,1,0,208.1,12936,0,2025-08-05,Soleado
Suramericana,Universidad,Bus,12.7,Miercoles,4,0,0,19.5,2800,1,2025-01-08,Tormenta
Aguacatala,Alpujarra,Bus,7.3,Martes,18,1,0,16.6,3360,0,2025-11-18,Soleado
Floresta,Prado,Caminando,4.6,Domingo,10,0,1,12.9,0,0,2025-06-22,Soleado
San Javier,San Antonio,Caminando,7.0,Jueves,2,0,0,19.0,0,1,2025-05-15,Tormenta
Cisneros,Acevedo,Metro,2.8,Jueves,22,0,0,2.7,3200,0,2025-10-09,Soleado
Ayura,Caribe,Cable,12.8,Viernes,6,1,0,130.2,0,0,2025-09-19,Nublado
Itagui,Ayura,Caminando,8.6,Sabado,17,1,1,34.5,0,1,2025-01-25,Nublado
Acevedo,Santa Lucia,Bus,12.8,Sabado,20,0,1,17.6,2800,0,2025-11-22,Tormenta
Universidad,Parque Berrio,Metro,13.6,Viernes,9,0,0,17.5,3200,0,2025-07-25,Nublado
Floresta,Parque Berrio,Metro,3.9,Sabado,8,1,1,4.8,3840,1,2025-02-08,Tormenta
Tricentenario,Caribe,Cable,12.0,Lunes,7,1,0,67.4,0,1,2025-03-24,Lluvia
Madera,Prado,Taxi,11.2,Jueves,12,1,0,91.8,14952,1,2025-03-13,Nublado
San Javier,Prado,Taxi,8.3,Lunes,20,0,0,44.1,10140,0,2025-01-06,Nublado
San Javier,Poblado,Taxi,3.2,Miercoles,17,1,0,29.8,7272,0,2025-03-05,Lluvia
Bello,Industriales,Taxi,7.0,Jueves,20,0,0,30.9,9100,0,2025-02-27,Tormenta
Estadio,Parque Berrio,Bus,15.0,Jueves,3,0,0,27.5,2800,0,2025-09-25,Tormenta
Cisneros,Santa Lucia,Cable,13.1,Lunes,1,0,0,41.1,0,1,2025-08-04,Lluvia
La Estrella,Ayura,Taxi,14.8,Domingo,21,0,1,43.6,15340,0,2025-08-03,Nublado
Itagui,Aguacatala,Bus,2.5,Jueves,13,1,0,7.4,3360,0,2025-10-30,Tormenta
Sabaneta,Ayura,Cable,9.3,Miercoles,19,1,0,55.7,0,0,2025-01-22,Soleado
Estadio,Hospital,Taxi,12.4,Sabado,21,0,1,108.0,13420,0,2025-10-25,Tormenta
Itagui,Ayura,Metro,10.4,Jueves,20,0,0,8.5,3200,1,2025-07-24,Lluvia
Acevedo,San Antonio,Cable,12.9,Miercoles,23,0,0,39.9,0,0,2025-01-15,Nublado
Prado,Aguacatala,Metro,11.8,Lunes,14,1,0,15.6,3840,0,2025-06-16,Lluvia
Floresta,Exposiciones,Taxi,5.7,Domingo,15,0,1,22.1,8060,0,2025-03-30,Nublado
San Antonio,Parque Berrio,Metro,5.4,Domingo,20,0,1,4.0,3200,0,2025-02-16,Lluvia
Santa Lucia,Aguacatala,Taxi,11.6,Domingo,14,1,1,77.9,15336,1,2025-06-22,Lluvia
Ayura,Floresta,Caminando,6.6,Domingo,17,1,1,26.5,0,1,2025-06-01,Tormenta
Prado,Tricentenario,Taxi,2.9,Martes,11,1,0,21.6,6984,0,2025-09-30,Lluvia
Sabaneta,Itagui,Metro,12.6,Domingo,7,1,1,12.2,3840,0,2025-06-15,Soleado
Aguacatala,Hospital,Bus,10.1,Martes,7,1,0,40.0,3360,1,2025-05-06,Tormenta
Cisneros,Poblado,Cable,6.8,Domingo,17,1,1,29.1,0,0,2025-10-12,Tormenta
Floresta,Prado,Taxi,6.1,Jueves,13,1,0,57.8,10056,0,2025-05-15,Soleado
Santa Lucia,Tricentenario,Taxi,2.4,Viernes,7,1,0,22.7,6504,0,2025-12-26,Lluvia
Acevedo,Cisneros,Caminando,11.0,Domingo,23,0,1,28.8,0,0,2025-04-27,Tormenta
Prado,Sabaneta,Metro,8.0,Domingo,19,1,1,8.6,3840,1,2025-08-24,Tormenta
Envigado,San Javier,Metro,1.9,Viernes,15,0,0,1.9,3200,1,2025-06-27,Lluvia
Floresta,Niquia,Caminando,14.8,Martes,13,1,0,67.2,0,0,2025-09-09,Lluvia
San Antonio,Hospital,Caminando,11.7,Jueves,13,1,0,75.5,0,0,2025-09-18,Soleado
Santa Lucia,Suramericana,Taxi,9.6,Martes,3,0,0,51.1,11180,0,2025-10-28,Nublado
Sabaneta,Suramericana,Bus,11.2,Jueves,0,0,0,18.0,2800,0,2025-04-03,Tormenta
Suramericana,Industriales,Cable,12.9,Martes,15,0,0,38.3,0,1,2025-12-23,Tormenta
Prado,Ayura,Metro,3.8,Sabado,8,1,1,3.9,3840,1,2025-04-05,Tormenta
Estadio,Acevedo,Caminando,14.7,Lunes,0,0,0,40.6,0,1,2025-05-12,Soleado
Niquia,Alpujarra,Cable,13.0,Viernes,0,0,0,55.4,0,0,2025-06-06,Nublado
Envigado,Universidad,Taxi,9.4,Miercoles,21,0,0,51.1,11020,0,2025-02-19,Nublado
Ayura,Tricentenario,Cable,14.1,Jueves,19,1,0,87.7,0,1,2025-01-16,Lluvia
Parque Berrio,Acevedo,Taxi,13.6,Martes,5,0,0,71.3,14380,0,2025-12-16,Lluvia
Poblado,Santa Lucia,Caminando,10.4,Sabado,14,1,1,30.3,0,1,2025-07-19,Tormenta
Universidad,Cisneros,Cable,13.8,Miercoles,11,1,0,87.0,0,0,2025-01-22,Soleado
Ayura,Madera,Taxi,11.6,Sabado,18,1,1,68.3,15336,1,2025-09-27,Nublado
Parque Berrio,San Javier,Cable,2.2,Sabado,13,1,1,6.3,0,0,2025-07-26,Tormenta
Parque Berrio,Ayura,Taxi,8.4,Miercoles,22,0,0,34.5,10220,0,2025-12-17,Nublado
La Estrella,San Antonio,Metro,14.5,Miercoles,0,0,0,14.4,3200,0,2025-10-01,Tormenta
Floresta,Ayura,Caminando,10.5,Miercoles,16,0,0,28.8,0,0,2025-04-02,Nublado
Hospital,Floresta,Taxi,7.9,Viernes,22,0,0,42.9,9820,1,2025-02-07,Tormenta
Universidad,Floresta,Metro,10.2,Jueves,0,0,0,12.8,3200,1,2025-05-29,Tormenta
Cisneros,Hospital,Taxi,3.0,Viernes,1,0,0,13.8,5900,0,2025-07-25,Tormenta
San Javier,Itagui,Taxi,6.7,Martes,20,0,0,27.0,8860,0,2025-04-15,Nublado
Cisneros,Estadio,Cable,9.8,Sabado,19,1,1,34.2,0,0,2025-05-10,Nublado
Madera,San Javier,Metro,1.9,Sabado,5,0,1,1.4,3200,0,2025-03-01,Tormenta
Parque Berrio,Itagui,Taxi,2.5,Lunes,18,1,0,16.1,6600,0,2025-05-26,Soleado
Envigado,Aguacatala,Bus,7.6,Viernes,16,0,0,10.8,2800,0,2025-03-07,Nublado
Madera,Suramericana,Metro,7.1,Domingo,13,1,1,6.5,3840,1,2025-05-04,Nublado
Estadio,Universidad,Taxi,14.3,Jueves,18,1,0,104.1,17928,0,2025-01-23,Lluvia
Poblado,Universidad,Metro,14.3,Domingo,12,1,1,15.8,3840,0,2025-07-20,Lluvia
San Javier,Estadio,Cable,12.8,Lunes,14,1,0,70.5,0,1,2025-01-13,Lluvia
Bello,Tricentenario,Metro,9.7,Martes,16,0,0,8.6,3200,0,2025-07-29,Nublado
Acevedo,Santa Lucia,Bus,8.9,Sabado,12,1,1,18.8,3360,1,2025-01-04,Nublado
Estadio,La Estrella,Metro,1.3,Jueves,17,1,0,2.4,3840,0,2025-10-16,Tormenta
Parque Berrio,Santa Lucia,Caminando,10.6,Viernes,14,1,0,58.6,0,0,2025-07-18,Tormenta
Aguacatala,Tricentenario,Cable,3.0,Jueves,11,1,0,16.8,0,0,2025-10-02,Lluvia
Caribe,Exposiciones,Metro,1.6,Domingo,9,0,1,1.1,3200,0,2025-08-10,Tormenta
Tricentenario,San Javier,Taxi,13.4,Jueves,12,1,0,103.5,17064,0,2025-04-17,Tormenta
Alpujarra,San Antonio,Taxi,11.1,Domingo,12,1,1,52.6,14856,1,2025-12-07,Nublado
Floresta,San Javier,Caminando,6.2,Domingo,14,1,1,20.7,0,0,2025-07-06,Tormenta
Parque Berrio,Suramericana,Caminando,4.0,Jueves,1,0,0,14.3,0,0,2025-07-31,Tormenta
Caribe,Aguacatala,Metro,8.9,Lunes,6,1,0,11.8,3840,0,2025-12-22,Nublado
La Estrella,Exposiciones,Caminando,5.4,Sabado,4,0,1,11.6,0,0,2025-04-12,Tormenta
San Antonio,La Estrella,Caminando,10.5,Lunes,23,0,0,41.8,0,1,2025-09-29,Soleado
San Antonio,Madera,Taxi,14.4,Miercoles,6,1,0,103.0,18024,0,2025-07-02,Lluvia
Itagui,Poblado,Cable,5.1,Lunes,22,0,0,14.5,0,0,2025-06-23,Nublado
Caribe,Poblado,Metro,3.2,Martes,19,1,0,5.2,3840,0,2025-09-30,Nublado
Acevedo,Santa Lucia,Bus,2.9,Sabado,3,0,1,3.4,2800,1,2025-08-16,Soleado
Itagui,Floresta,Taxi,7.3,Jueves,18,1,0,44.3,11208,0,2025-08-14,Lluvia
San Antonio,Madera,Taxi,9.7,Miercoles,5,0,0,55.2,11260,1,2025-02-05,Nublado
La Estrella,San Antonio,Taxi,9.4,Miercoles,2,0,0,134.8,11020,0,2025-12-31,Nublado
Alpujarra,Prado,Bus,7.9,Sabado,8,1,1,17.3,3360,1,2025-09-20,Lluvia
Prado,Aguacatala,Cable,11.5,Domingo,1,0,1,31.7,0,1,2025-06-22,Soleado
Tricentenario,La Estrella,Metro,6.3,Martes,0,0,0,7.9,3200,1,2025-10-21,Lluvia
Santa Lucia,Exposiciones,Taxi,6.7,Lunes,16,0,0,32.5,8860,0,2025-07-07,Nublado
Aguacatala,Parque Berrio,Taxi,12.3,Miercoles,14,1,0,115.9,16008,0,2025-02-12,Soleado
Suramericana,Tricentenario,Metro,6.2,Lunes,2,0,0,5.4,3200,0,2025-05-05,Soleado
Niquia,Estadio,Metro,3.2,Martes,19,1,0,5.3,3840,0,2025-06-24,Lluvia
Suramericana,San Javier,Metro,10.9,Lunes,3,0,0,9.8,3200,1,2025-11-10,Soleado
Santa Lucia,Madera,Metro,3.9,Domingo,21,0,1,3.2,3200,0,2025-08-10,Nublado
Aguacatala,Universidad,Cable,7.6,Jueves,22,0,0,29.5,0,0,2025-11-06,Tormenta
Caribe,Envigado,Metro,4.7,Lunes,5,0,0,5.8,3200,1,2025-02-10,Soleado
Santa Lucia,Suramericana,Metro,11.6,Lunes,5,0,0,10.6,3200,0,2025-04-07,Lluvia
Sabaneta,Industriales,Caminando,7.0,Lunes,9,0,0,28.3,0,0,2025-11-24,Lluvia
Parque Berrio,Suramericana,Bus,7.9,Lunes,1,0,0,16.5,2800,0,2025-02-03,Tormenta
Madera,Santa Lucia,Cable,5.5,Martes,23,0,0,21.7,0,0,2025-01-07,Soleado
Itagui,Prado,Taxi,6.2,Martes,11,1,0,44.2,10152,0,2025-08-19,Nublado
Hospital,Sabaneta,Bus,6.7,Miercoles,22,0,0,13.8,2800,0,2025-01-22,Tormenta
Poblado,Aguacatala,Cable,6.9,Jueves,4,0,0,18.7,0,0,2025-03-20,Nublado
Exposiciones,Alpujarra,Metro,3.1,Lunes,21,0,0,3.9,3200,1,2025-08-11,Tormenta
Tricentenario,Parque Berrio,Taxi,6.5,Sabado,0,0,1,21.7,8700,0,2025-04-12,Nublado
Universidad,Ayura,Caminando,14.3,Sabado,13,1,1,44.0,0,1,2025-09-13,Soleado
Madera,Alpujarra,Cable,4.3,Sabado,9,0,1,12.8,0,0,2025-11-08,Soleado
Parque Berrio,San Javier,Bus,10.6,Lunes,20,0,0,17.9,2800,1,2025-06-23,Lluvia
San Antonio,Estadio,Taxi,8.9,Viernes,4,0,0,86.3,10620,1,2025-12-19,Lluvia
Santa Lucia,Hospital,Taxi,8.8,Viernes,15,0,0,47.9,10540,1,2025-11-21,Nublado
San Antonio,Cisneros,Caminando,12.4,Lunes,22,0,0,38.2,0,0,2025-04-28,Lluvia
Ayura,Acevedo,Cable,2.1,Lunes,19,1,0,11.0,0,0,2025-03-17,Lluvia
Madera,Aguacatala,Cable,6.1,Miercoles,8,1,0,36.3,0,1,2025-04-09,Soleado
San Antonio,Exposiciones,Caminando,12.0,Viernes,17,1,0,76.7,0,0,2025-09-05,Nublado
Cisneros,Suramericana,Bus,5.1,Domingo,19,1,1,7.4,3360,0,2025-11-02,Lluvia
Hospital,Cisneros,Cable,5.2,Martes,22,0,0,15.6,0,1,2025-08-05,Tormenta
Madera,Exposiciones,Cable,8.8,Lunes,14,1,0,48.3,0,1,2025-03-17,Lluvia
Poblado,Prado,Bus,5.0,Domingo,19,1,1,9.6,3360,1,2025-12-28,Soleado
San Antonio,Itagui,Cable,12.6,Martes,4,0,0,80.2,0,0,2025-07-08,Nublado
San Antonio,La Estrella,Metro,8.9,Miercoles,9,0,0,9.6,3200,1,2025-11-26,Nublado
Aguacatala,Madera,Metro,8.3,Jueves,4,0,0,10.5,3200,0,2025-03-13,Lluvia
San Antonio,Madera,Cable,6.6,Miercoles,2,0,0,18.3,0,0,2025-06-25,Nublado
Envigado,Madera,Bus,11.7,Lunes,5,0,0,24.1,2800,1,2025-08-18,Soleado
Bello,San Javier,Bus,4.1,Miercoles,1,0,0,6.3,2800,0,2025-09-03,Lluvia
San Antonio,Industriales,Cable,7.9,Viernes,16,0,0,29.9,0,0,2025-01-10,Soleado
Universidad,Sabaneta,Metro,1.1,Jueves,7,1,0,1.9,3840,0,2025-04-17,Nublado
Exposiciones,Universidad,Bus,4.7,Jueves,0,0,0,7.7,2800,0,2025-10-02,Lluvia
San Antonio,Universidad,Taxi,10.1,Miercoles,12,1,0,77.7,13896,0,2025-05-14,Tormenta
Universidad,Caribe,Metro,11.4,Miercoles,12,1,0,21.2,3840,0,2025-01-22,Lluvia
Cisneros,Santa Lucia,Bus,7.5,Viernes,9,0,0,14.0,2800,0,2025-10-31,Lluvia
Universidad,Envigado,Metro,12.6,Domingo,0,0,1,10.9,3200,0,2025-06-08,Tormenta
Floresta,San Antonio,Cable,13.9,Domingo,19,1,1,50.6,0,0,2025-07-20,Nublado
Madera,La Estrella,Metro,13.0,Miercoles,0,0,0,16.6,3200,0,2025-01-01,Tormenta
Floresta,Itagui,Bus,4.0,Miercoles,1,0,0,6.0,2800,0,2025-02-19,Soleado
Prado,Poblado,Metro,5.2,Lunes,1,0,0,4.8,3200,0,2025-06-02,Nublado
Acevedo,San Javier,Metro,2.6,Lunes,5,0,0,3.0,3200,0,2025-09-01,Lluvia
Prado,Niquia,Caminando,4.0,Miercoles,2,0,0,13.3,0,1,2025-09-03,Tormenta
Cisneros,Poblado,Cable,10.2,Lunes,0,0,0,43.5,0,0,2025-03-31,Tormenta
Universidad,Cisneros,Taxi,14.5,Lunes,21,0,0,64.8,15100,0,2025-01-13,Soleado
Itagui,Industriales,Caminando,11.0,Viernes,15,0,0,42.9,0,1,2025-12-26,Lluvia
Poblado,Ayura,Caminando,11.2,Martes,11,1,0,59.9,0,0,2025-03-25,Tormenta
Caribe,Sabaneta,Cable,11.7,Jueves,14,1,0,51.1,0,0,2025-07-10,Tormenta
Alpujarra,Poblado,Metro,5.7,Miercoles,8,1,0,8.4,3840,0,2025-11-05,Nublado
Bello,Alpujarra,Caminando,8.6,Lunes,4,0,0,34.9,0,0,2025-11-17,Nublado
Cisneros,Suramericana,Bus,12.5,Domingo,12,1,1,27.1,3360,0,2025-12-21,Soleado
Itagui,Niquia,Taxi,11.4,Jueves,21,0,0,65.1,12620,0,2025-10-09,Lluvia
Floresta,Cisneros,Taxi,4.1,Miercoles,12,1,0,30.0,8136,0,2025-10-08,Soleado
Hospital,San Javier,Cable,11.0,Viernes,22,0,0,45.7,0,0,2025-03-21,Tormenta
Tricentenario,Madera,Taxi,12.6,Domingo,12,1,1,70.8,16296,0,2025-05-04,Soleado
Niquia,Bello,Taxi,12.6,Lunes,6,1,0,107.8,16296,0,2025-03-03,Soleado
Industriales,Alpujarra,Cable,5.8,Lunes,22,0,0,19.1,0,0,2025-01-06,Tormenta
La Estrella,Sabaneta,Caminando,14.7,Miercoles,21,0,0,51.4,0,1,2025-01-22,Tormenta
Suramericana,Exposiciones,Caminando,14.3,Jueves,13,1,0,81.7,0,0,2025-02-20,Tormenta
Estadio,Madera,Cable,2.2,Sabado,17,1,1,8.9,0,0,2025-05-10,Tormenta
Exposiciones,Estadio,Taxi,1.5,Domingo,19,1,1,7.5,5640,0,2025-05-04,Nublado
Sabaneta,Industriales,Metro,9.3,Lunes,21,0,0,21.2,3200,1,2025-01-06,Nublado
Poblado,Prado,Caminando,4.5,Viernes,17,1,0,19.3,0,1,2025-07-18,Tormenta
Parque Berrio,Caribe,Metro,7.0,Jueves,19,1,0,12.0,3840,1,2025-05-29,Tormenta
Aguacatala,Hospital,Metro,11.8,Viernes,23,0,0,9.7,3200,0,2025-07-18,Tormenta
Hospital,Floresta,Cable,3.3,Jueves,3,0,0,9.5,0,0,2025-12-25,Soleado
Poblado,Ayura,Taxi,10.9,Miercoles,13,1,0,102.1,14664,0,2025-12-24,Tormenta
Aguacatala,Bello,Taxi,1.9,Martes,17,1,0,12.0,6024,0,2025-08-12,Tormenta
Exposiciones,Envigado,Bus,3.3,Miercoles,3,0,0,6.0,2800,0,2025-03-12,Lluvia
Envigado,Prado,Cable,9.1,Martes,21,0,0,44.3,0,0,2025-02-04,Tormenta
Niquia,Exposiciones,Metro,8.3,Viernes,0,0,0,7.7,3200,0,2025-09-19,Nublado
San Antonio,Hospital,Cable,7.7,Domingo,6,1,1,24.4,0,0,2025-04-20,Soleado
Tricentenario,Santa Lucia,Bus,7.7,Viernes,4,0,0,16.6,2800,1,2025-09-19,Tormenta
Cisneros,La Estrella,Taxi,1.8,Sabado,8,1,1,9.6,5928,0,2025-04-26,Soleado
Universidad,Santa Lucia,Taxi,11.5,Domingo,14,1,1,52.1,15240,0,2025-07-20,Tormenta
La Estrella,Suramericana,Bus,8.0,Domingo,19,1,1,11.7,3360,0,2025-05-04,Soleado
Santa Lucia,Suramericana,Bus,4.9,Martes,1,0,0,7.7,2800,0,2025-11-25,Lluvia
Parque Berrio,Itagui,Caminando,8.2,Martes,9,0,0,27.1,0,0,2025-06-17,Nublado
Aguacatala,San Antonio,Metro,8.5,Domingo,15,0,1,6.6,3200,0,2025-12-21,Lluvia
Parque Berrio,La Estrella,Caminando,13.7,Domingo,10,0,1,34.6,0,0,2025-04-27,Lluvia
Ayura,Santa Lucia,Cable,10.4,Viernes,8,1,0,46.5,0,0,2025-05-23,Lluvia
Universidad,Santa Lucia,Taxi,3.9,Miercoles,17,1,0,30.2,7944,1,2025-12-31,Lluvia
La Estrella,Hospital,Bus,3.6,Lunes,20,0,0,6.7,2800,1,2025-11-03,Tormenta
Santa Lucia,Prado,Caminando,3.0,Domingo,17,1,1,11.6,0,0,2025-08-24,Tormenta
Niquia,Acevedo,Bus,14.1,Domingo,15,0,1,17.7,2800,0,2025-05-11,Tormenta
Universidad,Parque Berrio,Metro,9.3,Jueves,20,0,0,9.7,3200,1,2025-08-07,Nublado
Acevedo,Exposiciones,Metro,2.5,Miercoles,2,0,0,2.7,3200,1,2025-01-22,Tormenta
Universidad,Bello,Caminando,5.7,Viernes,0,0,0,21.1,0,0,2025-01-31,Nublado
Hospital,La Estrella,Caminando,12.8,Lunes,8,1,0,56.1,0,0,2025-10-20,Nublado
Caribe,Cisneros,Cable,14.4,Martes,17,1,0,60.9,0,0,2025-04-15,Lluvia
Suramericana,Aguacatala,Metro,4.1,Martes,7,1,0,6.3,3840,1,2025-02-18,Nublado
Prado,Acevedo,Metro,7.1,Sabado,21,0,1,6.1,3200,0,2025-05-03,Nublado
Acevedo,Madera,Cable,3.1,Miercoles,14,1,0,19.3,0,0,2025-12-31,Soleado
Envigado,Suramericana,Taxi,7.1,Miercoles,21,0,0,43.9,9180,1,2025-04-16,Tormenta
Cisneros,Poblado,Caminando,10.8,Miercoles,11,1,0,59.4,0,0,2025-04-16,Tormenta
Universidad,Hospital,Taxi,4.5,Lunes,12,1,0,31.9,8520,0,2025-06-30,Tormenta
Niquia,Santa Lucia,Caminando,7.3,Lunes,20,0,0,29.2,0,0,2025-05-05,Tormenta
Niquia,Ayura,Cable,7.1,Domingo,13,1,1,24.2,0,0,2025-08-17,Lluvia
Aguacatala,Caribe,Bus,12.8,Miercoles,18,1,0,41.3,3360,0,2025-04-23,Soleado
Santa Lucia,Caribe,Metro,4.5,Miercoles,22,0,0,4.8,3200,1,2025-11-12,Nublado
Industriales,Prado,Bus,3.3,Lunes,13,1,0,6.9,3360,0,2025-04-28,Nublado
Parque Berrio,Itagui,Cable,1.2,Martes,5,0,0,5.1,0,1,2025-08-05,Soleado
Prado,Cisneros,Bus,8.7,Miercoles,3,0,0,14.3,2800,0,2025-10-01,Nublado
Hospital,Cisneros,Metro,8.2,Lunes,5,0,0,6.6,3200,1,2025-06-16,Nublado
Caribe,Bello,Cable,13.1,Viernes,4,0,0,53.1,0,1,2025-03-21,Nublado
Poblado,Caribe,Metro,1.9,Jueves,5,0,0,3.7,3200,0,2025-05-08,Tormenta
Envigado,Itagui,Cable,12.0,Viernes,14,1,0,65.3,0,0,2025-09-26,Lluvia
Ayura,Industriales,Bus,12.3,Lunes,15,0,0,18.5,2800,0,2025-09-15,Lluvia
Acevedo,La Estrella,Cable,6.2,Martes,12,1,0,29.7,0,1,2025-07-15,Tormenta
Estadio,La Estrella,Bus,10.1,Martes,18,1,0,24.0,3360,1,2025-08-19,Nublado
Poblado,Prado,Cable,6.2,Jueves,14,1,0,28.0,0,0,2025-07-24,Nublado
Tricentenario,San Javier,Metro,5.9,Domingo,11,1,1,7.8,3840,0,2025-06-01,Soleado
Sabaneta,Parque Berrio,Taxi,1.6,Sabado,17,1,1,10.8,5736,1,2025-09-20,Lluvia
Universidad,San Antonio,Caminando,3.0,Miercoles,0,0,0,11.6,0,1,2025-03-26,Nublado
La Estrella,Ayura,Taxi,5.7,Lunes,14,1,0,47.3,9672,0,2025-01-13,Lluvia
Bello,Cisneros,Caminando,11.6,Lunes,3,0,0,39.3,0,0,2025-10-27,Soleado
Tricentenario,Industriales,Taxi,11.2,Viernes,22,0,0,62.6,12460,0,2025-12-05,Nublado
Madera,La Estrella,Cable,1.6,Jueves,12,1,0,7.6,0,1,2025-05-22,Nublado
Industriales,Cisneros,Bus,14.9,Jueves,17,1,0,33.7,3360,1,2025-08-07,Soleado
Prado,Estadio,Cable,13.8,Lunes,7,1,0,60.9,0,1,2025-02-03,Tormenta
Suramericana,San Antonio,Caminando,9.1,Jueves,15,0,0,32.6,0,0,2025-07-10,Lluvia
Ayura,Tricentenario,Caminando,12.3,Miercoles,21,0,0,48.8,0,0,2025-09-24,Tormenta
Aguacatala,Prado,Taxi,14.6,Jueves,9,0,0,94.6,15180,0,2025-09-18,Lluvia
Acevedo,Caribe,Caminando,7.5,Viernes,7,1,0,32.9,0,0,2025-04-25,Lluvia
Industriales,Estadio,Cable,5.2,Domingo,18,1,1,16.8,0,0,2025-08-03,Soleado
Estadio,San Antonio,Metro,3.2,Martes,12,1,0,12.1,3840,1,2025-08-12,Nublado
Aguacatala,Ayura,Cable,7.0,Miercoles,6,1,0,32.1,0,0,2025-10-29,Lluvia
Caribe,La Estrella,Taxi,2.4,Viernes,12,1,0,15.1,6504,1,2025-10-31,Tormenta
Aguacatala,Madera,Bus,3.5,Lunes,0,0,0,5.1,2800,0,2025-01-27,Lluvia
San Javier,Itagui,Metro,5.6,Martes,5,0,0,4.6,3200,0,2025-01-21,Soleado
Cisneros,Universidad,Bus,4.7,Domingo,15,0,1,5.2,2800,1,2025-07-20,Lluvia
Tricentenario,Madera,Cable,10.0,Viernes,8,1,0,57.5,0,0,2025-11-07,Lluvia
Bello,Industriales,Taxi,12.3,Domingo,5,0,1,42.2,13340,1,2025-12-07,Tormenta
Industriales,Cisneros,Bus,3.9,Domingo,21,0,1,4.7,2800,1,2025-06-08,Soleado
Itagui,Acevedo,Bus,3.1,Martes,14,1,0,6.5,3360,0,2025-02-25,Nublado
Santa Lucia,Aguacatala,Cable,14.1,Martes,3,0,0,42.5,0,1,2025-07-29,Nublado
Exposiciones,Universidad,Taxi,12.8,Lunes,1,0,0,76.9,13740,0,2025-02-03,Tormenta
San Javier,Exposiciones,Taxi,11.4,Martes,4,0,0,65.8,12620,0,2025-08-19,Nublado
Niquia,Cisneros,Bus,7.8,Viernes,13,1,0,25.2,3360,0,2025-05-09,Nublado
Ayura,La Estrella,Cable,6.9,Viernes,6,1,0,40.9,0,0,2025-05-23,Lluvia
San Antonio,Niquia,Metro,4.0,Viernes,16,0,0,3.9,3200,0,2025-09-05,Lluvia
Ayura,Exposiciones,Caminando,7.1,Jueves,19,1,0,45.3,0,0,2025-10-30,Lluvia
Envigado,Suramericana,Cable,1.3,Jueves,9,0,0,4.7,0,1,2025-01-23,Tormenta
Poblado,La Estrella,Caminando,7.3,Martes,10,0,0,23.1,0,1,2025-04-29,Nublado
San Javier,Itagui,Taxi,8.4,Martes,8,1,0,51.7,12264,0,2025-07-22,Tormenta
Niquia,Poblado,Metro,1.2,Sabado,8,1,1,1.6,3840,0,2025-02-08,Lluvia
Estadio,Sabaneta,Metro,8.5,Viernes,18,1,0,13.7,3840,0,2025-09-12,Tormenta
Envigado,Estadio,Taxi,1.2,Martes,17,1,0,9.1,5352,1,2025-04-01,Tormenta
Niquia,Tricentenario,Bus,10.4,Martes,5,0,0,17.5,2800,1,2025-05-13,Nublado
Alpujarra,Acevedo,Taxi,2.1,Domingo,17,1,1,9.7,6216,0,2025-06-08,Nublado
Madera,Suramericana,Taxi,5.7,Miercoles,3,0,0,29.9,8060,0,2025-04-02,Soleado
Aguacatala,Santa Lucia,Caminando,12.0,Viernes,2,0,0,39.1,0,1,2025-05-23,Lluvia
Floresta,Niquia,Caminando,3.0,Viernes,2,0,0,8.8,0,0,2025-02-14,Tormenta
Estadio,La Estrella,Taxi,12.1,Jueves,10,0,0,61.5,13180,0,2025-01-16,Tormenta
Universidad,Caribe,Bus,11.8,Viernes,20,0,0,23.1,2800,0,2025-11-14,Nublado
Cisneros,San Javier,Cable,5.5,Lunes,14,1,0,27.1,0,1,2025-10-13,Nublado
Niquia,Sabaneta,Taxi,10.1,Jueves,21,0,0,50.9,11580,0,2025-01-09,Tormenta
Madera,Caribe,Metro,9.3,Sabado,16,0,1,6.7,3200,0,2025-11-01,Lluvia
Acevedo,La Estrella,Metro,5.4,Domingo,10,0,1,4.6,3200,0,2025-11-23,Soleado
Parque Berrio,Santa Lucia,Bus,15.0,Martes,8,1,0,35.3,3360,0,2025-12-23,Lluvia
Madera,Ayura,Taxi,1.4,Martes,13,1,0,9.9,5544,1,2025-06-03,Nublado
Ayura,La Estrella,Caminando,2.3,Viernes,11,1,0,10.7,0,0,2025-02-21,Nublado
Itagui,Universidad,Caminando,4.9,Lunes,7,1,0,29.9,0,0,2025-02-10,Soleado
Suramericana,Santa Lucia,Caminando,13.7,Jueves,22,0,0,51.6,0,0,2025-10-23,Soleado
Parque Berrio,Poblado,Metro,11.4,Miercoles,10,0,0,9.9,3200,0,2025-12-03,Soleado
Acevedo,Ayura,Metro,8.6,Viernes,11,1,0,12.0,3840,0,2025-08-29,Nublado
Madera,Alpujarra,Bus,9.8,Sabado,20,0,1,9.2,2800,0,2025-04-05,Nublado
Floresta,San Javier,Caminando,10.5,Sabado,13,1,1,45.5,0,0,2025-05-03,Nublado
Aguacatala,Itagui,Bus,9.6,Viernes,13,1,0,23.9,3360,1,2025-01-31,Nublado
Exposiciones,Sabaneta,Cable,4.5,Viernes,9,0,0,18.4,0,0,2025-10-24,Tormenta
Niquia,Tricentenario,Cable,10.7,Jueves,6,1,0,58.2,0,0,2025-10-30,Nublado
Tricentenario,Floresta,Metro,11.2,Martes,7,1,0,19.2,3840,1,2025-04-29,Soleado
Itagui,Niquia,Bus,6.8,Miercoles,22,0,0,11.0,2800,1,2025-02-26,Soleado
Alpujarra,San Antonio,Cable,7.2,Domingo,21,0,1,15.1,0,1,2025-07-13,Lluvia
Universidad,Santa Lucia,Bus,7.1,Lunes,15,0,0,11.0,2800,1,2025-09-08,Soleado
Floresta,Poblado,Caminando,2.5,Jueves,6,1,0,11.8,0,1,2025-05-29,Soleado
Aguacatala,Cisneros,Caminando,5.9,Lunes,18,1,0,33.1,0,0,2025-02-03,Lluvia
Cisneros,Aguacatala,Cable,4.1,Lunes,5,0,0,29.7,0,0,2025-05-19,Nublado
Envigado,Ayura,Bus,8.3,Miercoles,8,1,0,23.8,3360,0,2025-02-26,Lluvia
Floresta,Exposiciones,Metro,4.4,Domingo,18,1,1,4.3,3840,0,2025-02-02,Nublado
La Estrella,Aguacatala,Caminando,5.6,Jueves,4,0,0,21.4,0,0,2025-01-02,Soleado
Aguacatala,Universidad,Bus,11.1,Martes,23,0,0,18.7,2800,1,2025-02-25,Nublado
La Estrella,Exposiciones,Caminando,2.3,Viernes,18,1,0,11.9,0,1,2025-10-17,Soleado
San Antonio,Exposiciones,Cable,7.9,Domingo,17,1,1,28.1,0,0,2025-05-04,Soleado
Itagui,Tricentenario,Bus,7.5,Miercoles,1,0,0,13.3,2800,1,2025-07-30,Tormenta
Santa Lucia,Tricentenario,Bus,2.4,Domingo,6,1,1,3.9,3360,0,2025-04-20,Lluvia
La Estrella,Itagui,Cable,13.9,Viernes,2,0,0,51.2,0,1,2025-04-18,Nublado
Bello,Ayura,Taxi,14.0,Domingo,5,0,1,51.2,14700,0,2025-10-05,Lluvia
Acevedo,Madera,Caminando,1.0,Domingo,7,1,1,4.0,0,0,2025-10-26,Nublado
Niquia,Estadio,Metro,10.3,Martes,18,1,0,13.8,3840,1,2025-11-18,Soleado
Floresta,Caribe,Bus,5.1,Viernes,6,1,0,10.6,3360,0,2025-04-18,Soleado
Acevedo,Estadio,Bus,12.7,Lunes,20,0,0,21.5,2800,0,2025-07-07,Nublado
Aguacatala,Exposiciones,Metro,8.5,Sabado,11,1,1,10.2,3840,1,2025-03-29,Nublado
Universidad,Madera,Bus,4.2,Viernes,3,0,0,8.4,2800,0,2025-08-01,Lluvia
Poblado,Caribe,Caminando,14.4,Martes,21,0,0,48.6,0,0,2025-09-30,Lluvia
San Antonio,Prado,Caminando,3.7,Domingo,23,0,1,8.2,0,0,2025-04-20,Soleado
Itagui,Acevedo,Bus,8.8,Martes,7,1,0,21.9,3360,0,2025-01-28,Nublado
Bello,Envigado,Bus,4.4,Viernes,7,1,0,9.1,3360,0,2025-10-03,Soleado
Hospital,Itagui,Caminando,4.6,Miercoles,10,0,0,14.8,0,1,2025-02-12,Tormenta
Aguacatala,Universidad,Bus,8.3,Miercoles,22,0,0,15.4,2800,0,2025-04-23,Soleado
Floresta,Suramericana,Taxi,14.9,Domingo,5,0,1,76.4,15420,1,2025-08-24,Soleado
Suramericana,Floresta,Metro,11.6,Miercoles,10,0,0,14.0,3200,1,2025-02-12,Nublado
Aguacatala,Cisneros,Metro,1.8,Miercoles,17,1,0,3.0,3840,1,2025-08-13,Nublado
Alpujarra,San Antonio,Cable,11.5,Jueves,3,0,0,35.7,0,0,2025-12-11,Tormenta
Parque Berrio,Ayura,Caminando,12.5,Domingo,4,0,1,27.5,0,1,2025-02-09,Tormenta
Aguacatala,Bello,Caminando,1.6,Lunes,14,1,0,6.6,0,0,2025-08-11,Tormenta
Alpujarra,San Javier,Taxi,8.4,Sabado,11,1,1,44.2,12264,1,2025-02-15,Nublado
Suramericana,Prado,Caminando,10.3,Domingo,10,0,1,23.6,0,0,2025-04-27,Tormenta
Floresta,Bello,Caminando,1.7,Martes,20,0,0,5.1,0,0,2025-01-21,Tormenta
Sabaneta,Alpujarra,Metro,2.8,Domingo,20,0,1,1.6,3200,0,2025-11-16,Tormenta
Prado,Envigado,Metro,4.7,Domingo,16,0,1,3.8,3200,0,2025-10-12,Tormenta
Aguacatala,Hospital,Caminando,8.4,Jueves,12,1,0,34.9,0,1,2025-04-10,Soleado
Tricentenario,Floresta,Cable,11.2,Jueves,21,0,0,39.6,0,0,2025-11-13,Lluvia
Industriales,Parque Berrio,Bus,11.6,Sabado,7,1,1,17.6,3360,0,2025-01-11,Tormenta
Universidad,Acevedo,Taxi,13.2,Viernes,2,0,0,79.9,14060,0,2025-05-09,Tormenta
Caribe,Exposiciones,Taxi,6.6,Jueves,1,0,0,30.2,8780,0,2025-05-29,Nublado
Parque Berrio,Universidad,Metro,6.3,Martes,2,0,0,6.3,3200,1,2025-12-09,Soleado
Estadio,Hospital,Metro,12.6,Martes,7,1,0,17.7,3840,1,2025-07-08,Soleado
San Javier,Floresta,Taxi,14.9,Lunes,9,0,0,70.5,15420,1,2025-01-20,Lluvia
Universidad,Envigado,Taxi,6.5,Martes,10,0,0,29.6,8700,1,2025-10-28,Soleado
Santa Lucia,Sabaneta,Cable,8.6,Sabado,14,1,1,33.2,0,0,2025-09-27,Nublado
Aguacatala,Universidad,Bus,15.0,Domingo,20,0,1,14.3,2800,1,2025-07-27,Soleado
Madera,Suramericana,Caminando,14.9,Martes,15,0,0,42.1,0,0,2025-09-16,Soleado
Niquia,Universidad,Bus,5.7,Martes,0,0,0,9.6,2800,0,2025-01-14,Soleado
Hospital,Floresta,Cable,4.7,Viernes,15,0,0,14.8,0,1,2025-06-20,Tormenta
Niquia,La Estrella,Bus,2.9,Domingo,11,1,1,4.2,3360,1,2025-07-20,Soleado
Ayura,San Javier,Caminando,4.2,Martes,3,0,0,14.0,0,0,2025-05-27,Nublado
Estadio,Industriales,Bus,14.2,Sabado,23,0,1,18.3,2800,1,2025-03-29,Tormenta
Prado,Alpujarra,Taxi,4.6,Domingo,2,0,1,13.2,7180,0,2025-08-03,Nublado
Ayura,Itagui,Cable,11.9,Miercoles,11,1,0,57.6,0,0,2025-01-22,Tormenta
Suramericana,Floresta,Metro,2.6,Martes,22,0,0,2.2,3200,1,2025-09-23,Soleado
Universidad,Bello,Caminando,6.6,Martes,11,1,0,36.4,0,0,2025-04-15,Tormenta
Tricentenario,Santa Lucia,Cable,2.4,Viernes,10,0,0,7.1,0,0,2025-02-07,Lluvia
Bello,Poblado,Caminando,9.0,Jueves,5,0,0,31.3,0,0,2025-10-09,Nublado
Sabaneta,Universidad,Caminando,2.6,Viernes,9,0,0,8.3,0,0,2025-05-16,Tormenta
Estadio,Universidad,Taxi,13.1,Lunes,7,1,0,123.4,16776,0,2025-06-02,Tormenta
Bello,Hospital,Bus,1.7,Jueves,11,1,0,4.8,3360,0,2025-11-27,Soleado
Ayura,Alpujarra,Caminando,12.2,Sabado,22,0,1,26.8,0,1,2025-10-25,Tormenta
Prado,Sabaneta,Bus,11.7,Sabado,19,1,1,22.2,3360,0,2025-07-26,Lluvia
Cisneros,Envigado,Caminando,2.3,Martes,23,0,0,8.1,0,0,2025-11-04,Tormenta
La Estrella,Itagui,Bus,5.1,Lunes,10,0,0,10.1,2800,0,2025-03-17,Nublado
Caribe,Hospital,Metro,11.9,Sabado,7,1,1,14.8,3840,0,2025-04-05,Soleado
Industriales,La Estrella,Metro,6.6,Lunes,15,0,0,5.7,3200,0,2025-10-13,Soleado
La Estrella,Poblado,Bus,8.3,Lunes,9,0,0,12.6,2800,0,2025-04-21,Lluvia
La Estrella,Hospital,Caminando,12.7,Miercoles,21,0,0,54.6,0,0,2025-03-12,Tormenta
San Javier,Acevedo,Bus,5.8,Lunes,18,1,0,15.6,3360,1,2025-12-22,Lluvia
Envigado,Santa Lucia,Bus,2.3,Lunes,21,0,0,4.1,2800,0,2025-08-11,Soleado
Cisneros,Universidad,Metro,2.4,Miercoles,15,0,0,2.9,3200,0,2025-10-15,Lluvia
Itagui,San Antonio,Metro,6.6,Viernes,6,1,0,8.7,3840,0,2025-05-09,Lluvia
La Estrella,Bello,Metro,1.0,Miercoles,15,0,0,1.1,3200,0,2025-03-26,Tormenta
Madera,Bello,Metro,2.1,Viernes,16,0,0,2.4,3200,0,2025-07-18,Soleado
Bello,Acevedo,Cable,2.1,Domingo,1,0,1,5.5,0,0,2025-09-28,Soleado
Poblado,Industriales,Bus,13.2,Miercoles,16,0,0,28.0,2800,0,2025-11-19,Soleado
Floresta,Alpujarra,Bus,1.2,Domingo,8,1,1,2.2,3360,1,2025-11-23,Nublado
Bello,Floresta,Cable,11.7,Jueves,23,0,0,39.2,0,1,2025-03-13,Soleado
Envigado,Cisneros,Metro,13.9,Martes,23,0,0,17.5,3200,0,2025-09-09,Soleado
Estadio,Suramericana,Taxi,1.9,Domingo,12,1,1,9.0,6024,1,2025-01-12,Nublado
San Antonio,Exposiciones,Bus,2.5,Lunes,11,1,0,6.7,3360,1,2025-04-14,Nublado
San Javier,Acevedo,Metro,6.3,Miercoles,5,0,0,5.7,3200,0,2025-11-05,Lluvia
Tricentenario,Aguacatala,Cable,6.3,Martes,18,1,0,28.2,0,0,2025-10-07,Lluvia
Parque Berrio,Prado,Caminando,13.1,Domingo,23,0,1,29.4,0,0,2025-01-26,Soleado
Cisneros,Acevedo,Cable,4.3,Jueves,9,0,0,12.9,0,1,2025-05-22,Tormenta
Envigado,Acevedo,Bus,10.3,Martes,23,0,0,15.2,2800,1,2025-08-26,Nublado
La Estrella,Madera,Cable,2.4,Miercoles,17,1,0,10.8,0,0,2025-10-29,Nublado
Itagui,Envigado,Taxi,4.3,Martes,23,0,0,21.8,6940,0,2025-09-09,Nublado
Acevedo,Envigado,Bus,6.7,Lunes,21,0,0,10.8,2800,0,2025-10-06,Soleado
Aguacatala,Cisneros,Caminando,6.6,Lunes,23,0,0,27.8,0,0,2025-10-06,Soleado
Exposiciones,Ayura,Bus,13.0,Domingo,16,0,1,12.3,2800,0,2025-07-27,Nublado
Madera,Santa Lucia,Bus,5.6,Jueves,7,1,0,12.3,3360,0,2025-04-03,Lluvia
Niquia,Suramericana,Taxi,10.6,Sabado,14,1,1,55.8,14376,1,2025-10-04,Nublado
Madera,Sabaneta,Bus,14.6,Martes,18,1,0,43.0,3360,0,2025-06-17,Lluvia
Hospital,Poblado,Caminando,12.0,Sabado,17,1,1,51.8,0,1,2025-11-08,Soleado
San Antonio,Cisneros,Metro,10.3,Jueves,22,0,0,11.0,3200,0,2025-11-06,Lluvia
Ayura,Parque Berrio,Bus,12.8,Lunes,19,1,0,35.4,3360,1,2025-06-02,Soleado
Parque Berrio,Exposiciones,Cable,14.5,Lunes,17,1,0,183.7,0,1,2025-11-17,Nublado
Hospital,Itagui,Cable,3.7,Lunes,12,1,0,21.9,0,1,2025-08-18,Tormenta
Prado,Industriales,Metro,7.9,Martes,2,0,0,8.4,3200,1,2025-11-11,Tormenta
Ayura,Aguacatala,Bus,7.9,Sabado,10,0,1,10.8,2800,0,2025-03-08,Soleado
Exposiciones,San Javier,Bus,6.2,Martes,20,0,0,11.9,2800,0,2025-12-16,Lluvia
Estadio,Exposiciones,Cable,9.0,Viernes,10,0,0,24.5,0,1,2025-11-14,Nublado
Estadio,Floresta,Taxi,3.6,Viernes,8,1,0,28.7,7656,0,2025-07-11,Nublado
Alpujarra,La Estrella,Taxi,9.9,Domingo,20,0,1,30.0,11420,0,2025-04-06,Lluvia
Suramericana,Exposiciones,Bus,5.8,Jueves,17,1,0,12.8,3360,0,2025-04-10,Lluvia
Caribe,Itagui,Taxi,6.4,Viernes,5,0,0,41.1,8620,0,2025-09-05,Nublado
Santa Lucia,Hospital,Taxi,2.4,Lunes,19,1,0,22.1,6504,1,2025-09-29,Tormenta
Alpujarra,Exposiciones,Metro,14.4,Jueves,15,0,0,18.4,3200,1,2025-11-27,Lluvia
Estadio,Aguacatala,Taxi,3.7,Miercoles,7,1,0,30.9,7752,0,2025-05-14,Soleado
Cisneros,Acevedo,Cable,1.7,Lunes,15,0,0,6.0,0,0,2025-11-03,Lluvia
Suramericana,Bello,Metro,5.3,Domingo,6,1,1,5.4,3840,0,2025-07-06,Lluvia
Universidad,Acevedo,Bus,12.4,Domingo,11,1,1,22.5,3360,0,2025-03-30,Nublado
Suramericana,Industriales,Cable,14.4,Jueves,1,0,0,44.8,0,0,2025-06-12,Soleado
Parque Berrio,Suramericana,Metro,7.4,Domingo,11,1,1,8.6,3840,1,2025-01-19,Tormenta
Envigado,Bello,Caminando,4.8,Domingo,15,0,1,9.7,0,0,2025-03-09,Lluvia
Exposiciones,Caribe,Bus,6.8,Jueves,17,1,0,21.7,3360,0,2025-06-19,Tormenta
Suramericana,Estadio,Cable,5.2,Viernes,14,1,0,23.0,0,0,2025-10-03,Lluvia
Floresta,San Javier,Taxi,11.3,Domingo,20,0,1,40.0,12540,0,2025-10-05,Lluvia
Caribe,Envigado,Bus,14.5,Jueves,19,1,0,43.7,3360,0,2025-06-05,Nublado
Niquia,Madera,Metro,9.9,Viernes,9,0,0,10.8,3200,1,2025-03-21,Nublado
Tricentenario,San Javier,Metro,3.9,Lunes,10,0,0,3.8,3200,0,2025-06-16,Tormenta
Envigado,Estadio,Bus,5.2,Martes,3,0,0,10.6,2800,0,2025-12-16,Tormenta
Tricentenario,Ayura,Bus,11.1,Martes,14,1,0,26.3,3360,0,2025-08-05,Nublado
Alpujarra,Envigado,Bus,14.3,Martes,9,0,0,19.9,2800,0,2025-07-08,Soleado
Floresta,Tricentenario,Bus,9.5,Domingo,4,0,1,13.7,2800,0,2025-02-02,Soleado
Bello,Industriales,Metro,6.8,Domingo,16,0,1,5.0,3200,0,2025-02-16,Lluvia
Niquia,Itagui,Bus,10.3,Sabado,12,1,1,16.0,3360,0,2025-08-30,Tormenta
San Antonio,Prado,Taxi,7.8,Miercoles,20,0,0,38.6,9740,0,2025-10-15,Lluvia
Tricentenario,La Estrella,Metro,6.4,Viernes,21,0,0,7.2,3200,1,2025-09-19,Soleado
Envigado,Caribe,Cable,3.5,Lunes,20,0,0,12.0,0,0,2025-03-03,Nublado
Itagui,San Javier,Caminando,3.5,Domingo,0,0,1,7.2,0,0,2025-04-06,Nublado
Floresta,Industriales,Bus,12.2,Viernes,23,0,0,22.9,2800,0,2025-02-21,Nublado
Envigado,Itagui,Bus,10.1,Viernes,5,0,0,19.4,2800,0,2025-05-02,Nublado
San Antonio,Itagui,Taxi,7.8,Sabado,13,1,1,46.0,11688,0,2025-05-17,Nublado
Caribe,Cisneros,Cable,9.0,Jueves,7,1,0,41.9,0,0,2025-05-29,Tormenta
Sabaneta,Floresta,Metro,1.0,Jueves,14,1,0,1.6,3840,1,2025-04-03,Lluvia
Hospital,Santa Lucia,Caminando,11.1,Jueves,16,0,0,33.6,0,0,2025-08-28,Nublado
Itagui,Envigado,Caminando,1.4,Lunes,4,0,0,5.3,0,1,2025-05-05,Lluvia
Exposiciones,Estadio,Metro,1.5,Miercoles,6,1,0,1.9,3840,0,2025-10-08,Tormenta
Ayura,Envigado,Caminando,10.6,Domingo,14,1,1,42.5,0,0,2025-10-19,Lluvia
Caribe,Prado,Caminando,3.8,Lunes,1,0,0,11.9,0,0,2025-07-21,Soleado
Cisneros,Itagui,Caminando,1.9,Sabado,3,0,1,5.4,0,1,2025-06-14,Soleado
Niquia,Suramericana,Bus,11.9,Miercoles,18,1,0,34.7,3360,0,2025-11-26,Soleado
Madera,San Antonio,Bus,1.8,Martes,8,1,0,5.5,3360,0,2025-09-02,Tormenta
Madera,Hospital,Caminando,3.0,Sabado,2,0,1,5.8,0,1,2025-09-13,Nublado
Caribe,Acevedo,Cable,1.7,Martes,14,1,0,9.4,0,1,2025-07-29,Soleado
Exposiciones,Industriales,Metro,2.7,Sabado,5,0,1,2.2,3200,0,2025-03-08,Tormenta
Hospital,Universidad,Caminando,9.0,Domingo,1,0,1,21.3,0,0,2025-04-20,Nublado
Poblado,San Javier,Taxi,11.7,Miercoles,3,0,0,55.0,12860,1,2025-09-24,Tormenta
La Estrella,Ayura,Bus,14.7,Domingo,0,0,1,15.0,2800,1,2025-06-22,Nublado
Santa Lucia,Alpujarra,Taxi,12.3,Lunes,2,0,0,55.8,13340,0,2025-07-14,Nublado
Estadio,Santa Lucia,Caminando,4.2,Viernes,0,0,0,14.4,0,1,2025-09-12,Lluvia
Envigado,San Antonio,Caminando,11.7,Lunes,12,1,0,50.6,0,1,2025-07-07,Soleado
Floresta,Suramericana,Bus,14.0,Martes,4,0,0,23.6,2800,1,2025-01-14,Nublado
Envigado,Aguacatala,Taxi,7.2,Viernes,5,0,0,41.8,9260,0,2025-01-31,Soleado
Industriales,Hospital,Bus,5.8,Jueves,9,0,0,9.0,2800,0,2025-03-06,Soleado
Hospital,Floresta,Taxi,2.7,Viernes,7,1,0,22.4,6792,0,2025-01-17,Tormenta
Itagui,Suramericana,Cable,9.7,Martes,13,1,0,47.8,0,0,2025-07-08,Lluvia
Alpujarra,Parque Berrio,Cable,7.7,Domingo,7,1,1,23.0,0,1,2025-03-30,Tormenta
Niquia,Tricentenario,Metro,12.2,Domingo,1,0,1,13.8,3200,0,2025-10-12,Tormenta
Envigado,Hospital,Metro,11.7,Martes,12,1,0,14.8,3840,0,2025-08-19,Soleado
Ayura,Acevedo,Taxi,9.3,Lunes,3,0,0,57.4,10940,0,2025-08-18,Soleado
Poblado,Madera,Bus,7.3,Jueves,1,0,0,11.2,2800,1,2025-09-18,Soleado
Bello,San Antonio,Taxi,5.2,Lunes,8,1,0,46.8,9192,0,2025-09-29,Soleado
Niquia,Sabaneta,Cable,7.3,Viernes,11,1,0,42.0,0,0,2025-04-04,Nublado
Acevedo,Itagui,Metro,9.5,Viernes,6,1,0,12.5,3840,0,2025-06-20,Lluvia
Cisneros,Industriales,Cable,5.9,Martes,4,0,0,16.4,0,1,2025-08-12,Tormenta
Niquia,Madera,Metro,7.0,Sabado,12,1,1,7.0,3840,0,2025-05-17,Soleado
Suramericana,Acevedo,Metro,10.3,Domingo,18,1,1,9.3,3840,1,2025-08-17,Lluvia
Itagui,Hospital,Caminando,9.0,Viernes,2,0,0,28.7,0,0,2025-10-10,Lluvia
Suramericana,Caribe,Metro,12.3,Domingo,19,1,1,12.3,3840,0,2025-05-11,Tormenta
Suramericana,Sabaneta,Caminando,10.1,Miercoles,20,0,0,30.3,0,0,2025-09-10,Tormenta
Exposiciones,La Estrella,Caminando,13.7,Viernes,3,0,0,58.3,0,0,2025-05-30,Soleado
Aguacatala,Ayura,Caminando,12.6,Sabado,7,1,1,52.1,0,1,2025-05-17,Lluvia
Itagui,Sabaneta,Metro,1.9,Domingo,14,1,1,2.4,3840,0,2025-11-09,Nublado
Niquia,Hospital,Cable,12.5,Lunes,16,0,0,44.6,0,1,2025-01-27,Soleado
Cisneros,Caribe,Metro,2.3,Miercoles,21,0,0,2.9,3200,0,2025-11-19,Soleado
Hospital,Exposiciones,Caminando,13.6,Lunes,16,0,0,56.6,0,0,2025-10-20,Soleado
Floresta,Envigado,Caminando,14.0,Lunes,18,1,0,73.8,0,0,2025-11-17,Tormenta
Prado,San Antonio,Caminando,7.3,Miercoles,5,0,0,30.2,0,0,2025-03-12,Nublado
Itagui,Poblado,Caminando,8.5,Viernes,14,1,0,72.0,0,0,2025-07-11,Lluvia
Aguacatala,Santa Lucia,Metro,8.9,Jueves,6,1,0,12.7,3840,0,2025-04-03,Soleado
Caribe,Envigado,Cable,12.1,Viernes,18,1,0,66.5,0,0,2025-12-12,Nublado
Poblado,Estadio,Cable,10.3,Viernes,21,0,0,52.5,0,0,2025-10-24,Lluvia
Suramericana,Madera,Caminando,7.0,Martes,3,0,0,24.4,0,1,2025-08-05,Tormenta
Parque Berrio,Santa Lucia,Caminando,11.1,Lunes,7,1,0,54.2,0,0,2025-10-13,Tormenta
Caribe,San Antonio,Metro,12.7,Jueves,13,1,0,18.8,3840,0,2025-11-06,Tormenta
Niquia,Parque Berrio,Cable,1.9,Viernes,9,0,0,5.1,0,1,2025-09-19,Nublado
Caribe,Exposiciones,Caminando,4.9,Lunes,20,0,0,43.3,0,0,2025-05-05,Nublado
Prado,Itagui,Cable,9.6,Martes,22,0,0,39.7,0,1,2025-09-30,Tormenta
Tricentenario,Suramericana,Caminando,6.9,Sabado,19,1,1,26.8,0,1,2025-08-16,Nublado
Cisneros,Acevedo,Caminando,15.0,Jueves,11,1,0,92.7,0,1,2025-05-08,Nublado
Aguacatala,Estadio,Cable,14.7,Miercoles,10,0,0,40.3,0,0,2025-01-01,Soleado
Exposiciones,San Antonio,Metro,11.5,Miercoles,11,1,0,18.1,3840,0,2025-03-26,Tormenta
San Antonio,San Javier,Metro,4.8,Miercoles,22,0,0,5.7,3200,0,2025-04-09,Tormenta
Estadio,Floresta,Cable,10.8,Lunes,16,0,0,39.5,0,0,2025-02-03,Soleado
Envigado,Itagui,Metro,2.4,Viernes,14,1,0,3.0,3840,0,2025-07-25,Soleado
Suramericana,Hospital,Taxi,9.8,Sabado,5,0,1,43.7,11340,0,2025-11-15,Nublado
Santa Lucia,Itagui,Cable,5.4,Martes,19,1,0,28.4,0,0,2025-12-23,Soleado
San Antonio,Alpujarra,Caminando,2.5,Miercoles,10,0,0,9.2,0,0,2025-05-14,Soleado
San Javier,Suramericana,Cable,13.4,Viernes,7,1,0,55.1,0,0,2025-07-04,Tormenta
San Javier,Estadio,Metro,3.9,Domingo,19,1,1,3.9,3840,0,2025-04-27,Nublado
Acevedo,Envigado,Caminando,9.4,Miercoles,10,0,0,47.3,0,0,2025-05-14,Lluvia
Suramericana,Tricentenario,Taxi,3.5,Lunes,18,1,0,24.8,7560,0,2025-09-29,Lluvia
Suramericana,Floresta,Caminando,8.0,Martes,13,1,0,33.0,0,1,2025-11-11,Soleado
Cisneros,Suramericana,Taxi,7.9,Miercoles,13,1,0,60.5,11784,1,2025-06-11,Tormenta
Suramericana,Parque Berrio,Taxi,7.0,Jueves,6,1,0,48.4,10920,1,2025-04-24,Tormenta
Exposiciones,Cisneros,Bus,5.7,Viernes,5,0,0,9.0,2800,0,2025-11-21,Lluvia
Hospital,Bello,Metro,3.2,Lunes,21,0,0,2.9,3200,1,2025-12-22,Tormenta
Industriales,Ayura,Cable,11.7,Lunes,12,1,0,64.7,0,1,2025-06-09,Nublado
Prado,Floresta,Metro,8.5,Lunes,11,1,0,13.5,3840,1,2025-02-17,Soleado
Acevedo,Ayura,Caminando,11.0,Lunes,12,1,0,71.3,0,0,2025-09-22,Nublado
Itagui,La Estrella,Taxi,7.2,Sabado,0,0,1,32.7,9260,1,2025-08-16,Nublado
La Estrella,Cisneros,Cable,13.9,Sabado,4,0,1,26.8,0,1,2025-02-08,Tormenta
San Antonio,Hospital,Cable,13.1,Viernes,22,0,0,46.6,0,0,2025-06-27,Nublado
Alpujarra,Prado,Caminando,2.7,Lunes,9,0,0,9.7,0,0,2025-03-31,Lluvia
Alpujarra,Cisneros,Taxi,4.6,Sabado,1,0,1,18.1,7180,0,2025-01-25,Nublado
Universidad,Madera,Metro,14.1,Jueves,6,1,0,27.3,3840,0,2025-03-13,Tormenta
San Javier,Sabaneta,Metro,11.7,Martes,14,1,0,16.2,3840,0,2025-08-19,Nublado
Aguacatala,Caribe,Metro,10.6,Miercoles,17,1,0,19.2,3840,0,2025-04-09,Soleado
La Estrella,Envigado,Metro,14.5,Martes,19,1,0,26.4,3840,0,2025-02-04,Nublado
Bello,Industriales,Caminando,4.7,Lunes,10,0,0,19.5,0,1,2025-04-28,Lluvia
Niquia,Madera,Metro,7.2,Domingo,2,0,1,5.3,3200,1,2025-09-21,Tormenta
Alpujarra,Caribe,Taxi,4.7,Domingo,8,1,1,25.0,8712,1,2025-05-11,Lluvia
Santa Lucia,Madera,Cable,7.3,Miercoles,19,1,0,43.5,0,0,2025-11-05,Lluvia
Hospital,San Javier,Caminando,14.4,Miercoles,4,0,0,50.7,0,0,2025-03-05,Tormenta
Suramericana,Sabaneta,Caminando,13.4,Viernes,13,1,0,79.2,0,0,2025-10-24,Lluvia
Aguacatala,Sabaneta,Bus,12.8,Miercoles,3,0,0,24.3,2800,1,2025-09-03,Soleado
Floresta,Sabaneta,Caminando,3.5,Martes,22,0,0,10.1,0,0,2025-07-15,Nublado
Itagui,Poblado,Bus,9.0,Miercoles,7,1,0,19.2,3360,0,2025-09-24,Tormenta
Niquia,Industriales,Bus,8.2,Sabado,6,1,1,31.5,3360,0,2025-10-18,Nublado
Tricentenario,Acevedo,Metro,4.2,Sabado,0,0,1,8.0,3200,0,2025-03-01,Tormenta
Exposiciones,Acevedo,Metro,11.0,Jueves,16,0,0,9.5,3200,0,2025-01-16,Nublado
Alpujarra,Industriales,Metro,13.6,Miercoles,1,0,0,12.8,3200,1,2025-05-28,Soleado
Itagui,Ayura,Metro,12.0,Viernes,8,1,0,21.3,3840,1,2025-09-05,Lluvia
Parque Berrio,Poblado,Caminando,1.5,Miercoles,21,0,0,4.5,0,1,2025-06-11,Tormenta
Caribe,Niquia,Taxi,7.1,Viernes,10,0,0,65.1,9180,0,2025-05-23,Tormenta
Industriales,Prado,Metro,13.8,Viernes,0,0,0,13.1,3200,1,2025-02-07,Nublado
Parque Berrio,Niquia,Cable,6.6,Domingo,10,0,1,18.6,0,1,2025-10-05,Tormenta
Bello,Envigado,Caminando,7.0,Miercoles,11,1,0,37.6,0,1,2025-01-08,Tormenta
Caribe,Industriales,Caminando,8.6,Domingo,0,0,1,21.7,0,0,2025-08-24,Soleado
Aguacatala,Envigado,Cable,1.4,Martes,2,0,0,5.6,0,0,2025-11-11,Soleado
Itagui,Poblado,Cable,2.8,Domingo,22,0,1,8.3,0,0,2025-01-12,Lluvia
Poblado,San Javier,Caminando,6.3,Jueves,17,1,0,30.0,0,0,2025-10-23,Lluvia
Tricentenario,Madera,Cable,14.6,Viernes,10,0,0,41.8,0,1,2025-07-04,Soleado
San Javier,Estadio,Bus,9.4,Domingo,9,0,1,13.1,2800,0,2025-09-07,Nublado
Prado,Madera,Caminando,14.2,Miercoles,18,1,0,72.3,0,1,2025-12-31,Tormenta
San Antonio,Envigado,Caminando,12.4,Sabado,14,1,1,53.9,0,1,2025-02-08,Lluvia
Prado,Tricentenario,Metro,6.2,Sabado,11,1,1,15.3,3840,0,2025-10-11,Soleado
Itagui,Tricentenario,Bus,10.9,Lunes,15,0,0,14.7,2800,1,2025-07-07,Tormenta
Hospital,Floresta,Taxi,7.4,Martes,8,1,0,50.3,11304,0,2025-07-29,Tormenta
Caribe,Envigado,Bus,13.4,Martes,19,1,0,41.6,3360,1,2025-10-14,Tormenta
Ayura,San Javier,Caminando,11.0,Viernes,5,0,0,33.7,0,0,2025-04-04,Tormenta
Envigado,Cisneros,Taxi,1.8,Sabado,15,0,1,6.1,4940,0,2025-01-04,Soleado
Madera,Tricentenario,Caminando,12.8,Jueves,0,0,0,53.0,0,0,2025-07-10,Soleado
San Antonio,Caribe,Cable,11.4,Martes,23,0,0,34.7,0,0,2025-02-11,Soleado
Cisneros,Itagui,Bus,7.5,Domingo,1,0,1,10.5,2800,0,2025-04-13,Soleado
Aguacatala,Prado,Metro,8.9,Martes,18,1,0,12.9,3840,0,2025-09-16,Nublado
Suramericana,Itagui,Caminando,13.1,Jueves,13,1,0,65.9,0,1,2025-08-28,Tormenta
Estadio,Acevedo,Cable,14.7,Sabado,19,1,1,46.4,0,0,2025-02-15,Nublado
Estadio,Floresta,Metro,1.6,Domingo,8,1,1,1.6,3840,0,2025-01-19,Nublado
San Javier,Caribe,Metro,14.6,Jueves,9,0,0,17.4,3200,0,2025-08-28,Nublado
San Antonio,Tricentenario,Cable,13.1,Lunes,1,0,0,56.3,0,0,2025-09-29,Tormenta
Universidad,Sabaneta,Caminando,13.5,Miercoles,22,0,0,56.9,0,0,2025-04-23,Nublado
San Antonio,Cisneros,Bus,6.7,Martes,20,0,0,17.8,2800,0,2025-07-15,Tormenta
Prado,Floresta,Metro,9.7,Lunes,11,1,0,14.2,3840,0,2025-07-21,Nublado
Itagui,Caribe,Metro,13.6,Sabado,1,0,1,19.5,3200,0,2025-11-01,Soleado
San Javier,Sabaneta,Metro,15.0,Miercoles,3,0,0,15.5,3200,0,2025-04-30,Soleado
Tricentenario,Alpujarra,Taxi,1.8,Sabado,14,1,1,10.9,5928,1,2025-12-27,Lluvia
Hospital,Alpujarra,Taxi,15.0,Miercoles,2,0,0,93.5,15500,1,2025-12-24,Lluvia
Suramericana,Cisneros,Caminando,3.2,Miercoles,1,0,0,10.8,0,0,2025-07-02,Soleado
San Antonio,Acevedo,Taxi,13.7,Domingo,23,0,1,46.7,14460,0,2025-04-20,Lluvia
Poblado,San Javier,Caminando,5.0,Lunes,1,0,0,21.3,0,0,2025-06-23,Nublado
Tricentenario,Aguacatala,Caminando,10.9,Jueves,1,0,0,39.8,0,1,2025-10-09,Nublado
San Javier,Suramericana,Metro,5.0,Sabado,0,0,1,4.0,3200,0,2025-01-25,Soleado
Universidad,Floresta,Caminando,5.9,Domingo,0,0,1,17.5,0,0,2025-03-02,Lluvia
Madera,Acevedo,Caminando,14.4,Martes,20,0,0,62.2,0,0,2025-06-03,Nublado
Envigado,Alpujarra,Taxi,3.1,Lunes,11,1,0,22.8,7176,1,2025-05-05,Tormenta
Itagui,Sabaneta,Metro,9.0,Miercoles,0,0,0,11.4,3200,0,2025-11-26,Soleado
Envigado,Exposiciones,Cable,11.9,Martes,8,1,0,74.2,0,0,2025-09-02,Nublado
Santa Lucia,Universidad,Bus,9.1,Domingo,9,0,1,13.6,2800,1,2025-10-19,Soleado
Exposiciones,Ayura,Cable,5.6,Domingo,5,0,1,11.9,0,0,2025-07-13,Soleado
Aguacatala,Universidad,Cable,13.6,Martes,8,1,0,60.6,0,0,2025-06-10,Nublado
Itagui,Bello,Bus,4.1,Viernes,18,1,0,9.3,3360,1,2025-12-05,Soleado
Floresta,Cisneros,Metro,12.7,Lunes,1,0,0,10.5,3200,0,2025-10-20,Tormenta
Ayura,Prado,Bus,2.2,Miercoles,4,0,0,3.7,2800,1,2025-01-08,Soleado
Parque Berrio,Santa Lucia,Taxi,5.5,Viernes,10,0,0,29.8,7900,1,2025-08-22,Tormenta
Parque Berrio,Caribe,Cable,6.9,Viernes,7,1,0,41.5,0,1,2025-01-24,Nublado
Poblado,Alpujarra,Taxi,4.6,Miercoles,5,0,0,29.7,7180,0,2025-09-24,Nublado
Niquia,Aguacatala,Metro,4.2,Domingo,11,1,1,8.8,3840,0,2025-02-16,Nublado
Acevedo,San Javier,Caminando,5.9,Viernes,5,0,0,24.7,0,0,2025-12-05,Tormenta
Floresta,Niquia,Taxi,2.5,Viernes,3,0,0,10.7,5500,0,2025-10-17,Lluvia
Envigado,Itagui,Metro,10.7,Miercoles,10,0,0,11.1,3200,1,2025-10-29,Soleado
Santa Lucia,Bello,Taxi,1.9,Viernes,15,0,0,12.3,5020,1,2025-05-02,Tormenta
Caribe,Cisneros,Caminando,13.1,Jueves,10,0,0,49.3,0,1,2025-05-22,Tormenta
Caribe,Niquia,Metro,9.6,Martes,17,1,0,15.4,3840,0,2025-04-01,Nublado
Tricentenario,Santa Lucia,Bus,4.9,Viernes,8,1,0,12.8,3360,1,2025-01-31,Nublado
Floresta,Ayura,Metro,9.1,Lunes,13,1,0,15.8,3840,0,2025-02-03,Soleado
Tricentenario,Bello,Bus,4.1,Domingo,8,1,1,6.2,3360,0,2025-01-26,Nublado
Santa Lucia,Acevedo,Bus,1.6,Jueves,22,0,0,3.2,2800,1,2025-07-10,Lluvia
Bello,Poblado,Taxi,10.6,Martes,6,1,0,96.4,14376,0,2025-07-22,Nublado
Cisneros,Poblado,Cable,13.6,Domingo,11,1,1,40.4,0,1,2025-08-24,Soleado
San Javier,Niquia,Bus,10.6,Lunes,2,0,0,21.3,2800,1,2025-11-03,Lluvia
Exposiciones,La Estrella,Metro,2.7,Domingo,18,1,1,3.4,3840,0,2025-03-23,Lluvia
Madera,La Estrella,Cable,8.9,Domingo,5,0,1,24.9,0,1,2025-07-20,Tormenta
Niquia,Envigado,Metro,14.6,Lunes,12,1,0,22.1,3840,0,2025-07-07,Soleado
Exposiciones,Hospital,Cable,6.1,Jueves,2,0,0,16.9,0,0,2025-03-20,Lluvia
Parque Berrio,San Javier,Metro,14.7,Jueves,13,1,0,25.2,3840,1,2025-08-14,Nublado
Itagui,Industriales,Taxi,3.3,Domingo,9,0,1,10.3,6140,0,2025-01-05,Tormenta
Cisneros,Acevedo,Metro,4.0,Domingo,4,0,1,2.8,3200,0,2025-06-01,Lluvia
La Estrella,Envigado,Taxi,2.4,Sabado,21,0,1,8.9,5420,0,2025-05-17,Soleado
Envigado,Estadio,Cable,11.4,Sabado,21,0,1,33.7,0,1,2025-11-01,Lluvia
Cisneros,Santa Lucia,Metro,4.7,Miercoles,19,1,0,6.3,3840,1,2025-12-03,Nublado
Floresta,Parque Berrio,Cable,6.1,Domingo,11,1,1,19.6,0,0,2025-04-06,Soleado
Suramericana,Santa Lucia,Bus,12.9,Domingo,2,0,1,16.0,2800,0,2025-02-09,Lluvia
Alpujarra,Aguacatala,Cable,8.0,Sabado,18,1,1,33.5,0,0,2025-12-20,Lluvia
Floresta,Suramericana,Taxi,7.1,Domingo,11,1,1,40.3,11016,1,2025-04-13,Tormenta
Floresta,Sabaneta,Caminando,3.9,Martes,2,0,0,12.2,0,0,2025-07-15,Lluvia
Niquia,Itagui,Metro,8.1,Martes,10,0,0,9.8,3200,0,2025-10-21,Nublado
San Antonio,Cisneros,Taxi,5.2,Miercoles,12,1,0,39.9,9192,0,2025-10-22,Soleado
Poblado,Prado,Bus,4.7,Sabado,11,1,1,8.2,3360,1,2025-05-03,Lluvia
La Estrella,Envigado,Caminando,14.2,Viernes,7,1,0,85.8,0,0,2025-04-11,Lluvia
Universidad,Floresta,Metro,4.1,Miercoles,18,1,0,7.3,3840,0,2025-08-20,Soleado
Niquia,Itagui,Metro,13.9,Jueves,16,0,0,12.1,3200,0,2025-09-11,Tormenta
Madera,Itagui,Taxi,6.1,Jueves,5,0,0,39.2,8380,0,2025-06-12,Tormenta
Ayura,Cisneros,Cable,1.7,Martes,8,1,0,8.9,0,1,2025-05-13,Soleado
Santa Lucia,Ayura,Cable,4.1,Martes,23,0,0,14.0,0,0,2025-06-24,Tormenta
San Javier,San Antonio,Cable,1.0,Lunes,6,1,0,4.7,0,0,2025-04-07,Lluvia
Cisneros,Tricentenario,Cable,14.0,Jueves,2,0,0,45.9,0,0,2025-10-02,Soleado
Bello,Niquia,Bus,11.2,Viernes,21,0,0,15.5,2800,0,2025-09-05,Nublado
Acevedo,Poblado,Metro,14.5,Jueves,9,0,0,16.6,3200,0,2025-11-06,Tormenta
Ayura,Cisneros,Metro,3.8,Jueves,5,0,0,3.4,3200,0,2025-09-11,Nublado
Ayura,Suramericana,Cable,9.4,Martes,23,0,0,28.0,0,0,2025-04-01,Nublado
Alpujarra,Tricentenario,Taxi,13.7,Miercoles,11,1,0,89.8,17352,0,2025-11-12,Tormenta
Hospital,Floresta,Caminando,1.0,Martes,16,0,0,3.3,0,0,2025-04-08,Nublado
Suramericana,Alpujarra,Bus,7.0,Sabado,7,1,1,12.9,3360,0,2025-03-08,Soleado
Bello,Itagui,Cable,6.4,Viernes,16,0,0,22.4,0,0,2025-01-24,Nublado
Cisneros,Universidad,Cable,7.9,Lunes,3,0,0,23.1,0,0,2025-01-20,Nublado
Envigado,Santa Lucia,Caminando,14.5,Jueves,5,0,0,50.6,0,0,2025-11-20,Lluvia
Envigado,Prado,Cable,7.2,Martes,6,1,0,33.5,0,0,2025-09-02,Nublado
Santa Lucia,Tricentenario,Bus,9.9,Lunes,22,0,0,19.4,2800,0,2025-03-24,Lluvia
Envigado,Santa Lucia,Caminando,3.5,Jueves,22,0,0,14.9,0,0,2025-03-20,Lluvia
Universidad,Exposiciones,Metro,13.1,Sabado,7,1,1,12.7,3840,1,2025-07-19,Soleado
Prado,Industriales,Cable,1.1,Jueves,3,0,0,4.2,0,0,2025-05-22,Lluvia
Estadio,Acevedo,Caminando,13.4,Domingo,4,0,1,26.1,0,1,2025-06-15,Soleado
Ayura,Cisneros,Taxi,9.0,Sabado,12,1,1,54.8,12840,0,2025-12-06,Lluvia
Floresta,Prado,Cable,4.5,Viernes,11,1,0,18.8,0,0,2025-01-24,Soleado
Alpujarra,Madera,Cable,8.9,Domingo,2,0,1,26.1,0,0,2025-05-18,Soleado
Itagui,Santa Lucia,Metro,9.3,Jueves,23,0,0,8.4,3200,0,2025-10-23,Lluvia
Suramericana,Caribe,Metro,1.3,Martes,0,0,0,1.1,3200,0,2025-09-02,Soleado
Sabaneta,San Javier,Cable,3.1,Miercoles,4,0,0,8.6,0,1,2025-02-19,Tormenta
Sabaneta,Exposiciones,Cable,6.7,Martes,18,1,0,36.3,0,1,2025-09-30,Nublado
Industriales,Ayura,Cable,2.8,Martes,2,0,0,10.5,0,1,2025-04-29,Lluvia
Santa Lucia,Itagui,Caminando,10.1,Miercoles,19,1,0,51.0,0,0,2025-10-01,Nublado
La Estrella,Santa Lucia,Caminando,3.8,Miercoles,22,0,0,13.9,0,0,2025-12-24,Lluvia
Universidad,Niquia,Caminando,3.5,Jueves,23,0,0,16.3,0,1,2025-12-11,Soleado
Estadio,Alpujarra,Cable,8.9,Domingo,8,1,1,32.0,0,0,2025-07-13,Soleado
Niquia,Caribe,Cable,5.3,Miercoles,14,1,0,28.4,0,0,2025-10-15,Lluvia
Itagui,Poblado,Caminando,6.9,Martes,9,0,0,20.7,0,0,2025-08-19,Soleado
Prado,Alpujarra,Metro,5.9,Domingo,13,1,1,7.1,3840,1,2025-01-12,Tormenta
Prado,Sabaneta,Cable,7.2,Miercoles,5,0,0,20.5,0,0,2025-11-12,Nublado
Itagui,Floresta,Cable,1.7,Viernes,10,0,0,5.6,0,1,2025-04-25,Lluvia
Alpujarra,Acevedo,Bus,6.8,Domingo,5,0,1,7.2,2800,0,2025-09-28,Lluvia
Sabaneta,Parque Berrio,Caminando,9.6,Viernes,17,1,0,46.8,0,0,2025-11-14,Nublado
Parque Berrio,Alpujarra,Taxi,5.3,Viernes,23,0,0,24.6,7740,0,2025-05-30,Soleado
Exposiciones,Sabaneta,Caminando,12.7,Miercoles,7,1,0,80.8,0,0,2025-10-29,Lluvia
Hospital,Sabaneta,Taxi,8.4,Martes,8,1,0,71.7,12264,0,2025-07-29,Nublado
Hospital,Bello,Caminando,2.8,Miercoles,16,0,0,10.8,0,1,2025-06-18,Lluvia
Acevedo,Prado,Bus,2.8,Domingo,0,0,1,3.7,2800,0,2025-02-23,Soleado
Aguacatala,San Antonio,Taxi,5.0,Martes,11,1,0,43.3,9000,0,2025-09-23,Nublado
Estadio,Tricentenario,Metro,5.2,Martes,0,0,0,5.6,3200,0,2025-05-06,Soleado
Tricentenario,Estadio,Caminando,12.5,Viernes,18,1,0,54.4,0,0,2025-04-25,Nublado
Estadio,Acevedo,Bus,13.1,Lunes,10,0,0,23.2,2800,1,2025-08-25,Lluvia
La Estrella,Santa Lucia,Cable,14.6,Jueves,17,1,0,61.3,0,1,2025-01-02,Soleado
Prado,Floresta,Taxi,4.6,Viernes,9,0,0,22.2,7180,1,2025-10-10,Nublado
Envigado,Itagui,Taxi,13.5,Sabado,6,1,1,63.5,17160,0,2025-01-25,Nublado
Bello,Prado,Bus,3.6,Domingo,14,1,1,6.3,3360,1,2025-06-08,Nublado
San Javier,Poblado,Caminando,11.9,Viernes,16,0,0,87.1,0,0,2025-08-01,Lluvia
Santa Lucia,Floresta,Bus,11.5,Domingo,8,1,1,25.8,3360,0,2025-10-19,Soleado
La Estrella,Santa Lucia,Cable,7.5,Miercoles,9,0,0,38.2,0,0,2025-08-13,Nublado
Hospital,Itagui,Taxi,12.4,Sabado,5,0,1,47.9,13420,0,2025-01-25,Nublado
Poblado,Suramericana,Taxi,2.9,Domingo,6,1,1,19.7,6984,1,2025-03-23,Nublado
Niquia,Caribe,Taxi,4.0,Viernes,18,1,0,37.2,8040,1,2025-07-25,Lluvia
Industriales,Aguacatala,Cable,10.4,Martes,23,0,0,35.1,0,0,2025-02-04,Soleado
Poblado,Industriales,Bus,11.5,Martes,19,1,0,27.5,3360,1,2025-09-02,Lluvia
La Estrella,Alpujarra,Bus,13.7,Miercoles,2,0,0,26.7,2800,1,2025-01-29,Tormenta
Caribe,Prado,Metro,1.7,Lunes,8,1,0,2.7,3840,0,2025-04-21,Soleado
Madera,Aguacatala,Bus,5.1,Martes,21,0,0,10.5,2800,0,2025-03-25,Tormenta
Cisneros,Prado,Caminando,12.6,Lunes,23,0,0,43.6,0,0,2025-08-25,Lluvia
Industriales,Acevedo,Caminando,1.7,Martes,5,0,0,5.6,0,0,2025-11-04,Tormenta
Tricentenario,Cisneros,Cable,8.1,Miercoles,4,0,0,34.2,0,0,2025-11-19,Soleado
Suramericana,Itagui,Taxi,11.0,Jueves,12,1,0,103.7,14760,1,2025-07-17,Nublado
Aguacatala,Hospital,Bus,12.1,Miercoles,18,1,0,25.7,3360,0,2025-08-20,Soleado
Ayura,Poblado,Caminando,14.8,Miercoles,7,1,0,79.7,0,0,2025-01-22,Soleado
San Javier,Madera,Cable,10.7,Domingo,15,0,1,29.9,0,0,2025-01-26,Lluvia
Acevedo,Sabaneta,Caminando,3.5,Jueves,8,1,0,16.8,0,0,2025-11-13,Tormenta
Acevedo,Universidad,Bus,11.5,Viernes,15,0,0,17.7,2800,1,2025-03-14,Soleado
Alpujarra,Parque Berrio,Bus,3.5,Sabado,3,0,1,4.7,2800,1,2025-03-15,Tormenta
Universidad,Hospital,Metro,3.8,Domingo,17,1,1,3.8,3840,0,2025-12-21,Soleado
Parque Berrio,Envigado,Caminando,1.2,Sabado,16,0,1,2.9,0,1,2025-09-13,Lluvia
Sabaneta,Santa Lucia,Cable,2.0,Miercoles,21,0,0,7.9,0,0,2025-09-17,Tormenta
Aguacatala,Prado,Caminando,7.0,Viernes,5,0,0,26.3,0,0,2025-12-26,Lluvia
Industriales,Hospital,Taxi,7.6,Sabado,14,1,1,47.8,11496,0,2025-04-05,Nublado
Niquia,Poblado,Metro,3.0,Jueves,11,1,0,9.3,3840,0,2025-07-24,Nublado
Tricentenario,Sabaneta,Taxi,13.9,Sabado,2,0,1,62.2,14620,1,2025-03-01,Nublado
Itagui,San Antonio,Taxi,4.3,Domingo,22,0,1,13.9,6940,0,2025-12-07,Tormenta
Caribe,La Estrella,Taxi,7.0,Domingo,5,0,1,20.5,9100,0,2025-12-07,Soleado
La Estrella,Santa Lucia,Caminando,3.9,Lunes,3,0,0,11.1,0,0,2025-06-23,Soleado
Bello,Parque Berrio,Caminando,1.9,Miercoles,7,1,0,10.7,0,1,2025-10-01,Nublado
Suramericana,Madera,Taxi,11.0,Domingo,16,0,1,41.2,12300,0,2025-06-01,Tormenta
Exposiciones,Parque Berrio,Metro,8.4,Domingo,18,1,1,8.2,3840,0,2025-02-23,Lluvia
Estadio,Tricentenario,Metro,9.0,Miercoles,12,1,0,14.2,3840,0,2025-01-22,Tormenta
Hospital,Alpujarra,Caminando,9.9,Martes,23,0,0,31.0,0,0,2025-06-17,Soleado
Sabaneta,Industriales,Bus,2.6,Martes,9,0,0,3.8,2800,0,2025-04-22,Nublado
Madera,Hospital,Bus,1.6,Jueves,9,0,0,2.4,2800,1,2025-01-09,Soleado
Parque Berrio,Estadio,Cable,2.3,Viernes,18,1,0,14.2,0,0,2025-09-19,Tormenta
Itagui,La Estrella,Caminando,10.1,Lunes,8,1,0,53.4,0,0,2025-11-10,Soleado
Bello,Prado,Cable,11.3,Martes,13,1,0,66.2,0,1,2025-08-05,Lluvia
Universidad,Estadio,Bus,8.6,Sabado,10,0,1,9.0,2800,0,2025-10-04,Soleado
San Antonio,Cisneros,Bus,8.7,Lunes,7,1,0,17.4,3360,0,2025-05-19,Tormenta
Cisneros,Suramericana,Caminando,1.8,Sabado,21,0,1,4.2,0,1,2025-03-29,Tormenta
Estadio,Industriales,Bus,13.3,Domingo,5,0,1,16.3,2800,0,2025-04-27,Nublado
Universidad,Ayura,Cable,9.9,Miercoles,16,0,0,41.0,0,0,2025-02-12,Tormenta
Caribe,Industriales,Cable,8.7,Domingo,7,1,1,39.1,0,0,2025-02-23,Nublado
Tricentenario,Santa Lucia,Caminando,11.0,Sabado,6,1,1,33.7,0,0,2025-03-22,Nublado
Alpujarra,Caribe,Cable,8.4,Martes,23,0,0,27.0,0,0,2025-11-04,Soleado
Exposiciones,Ayura,Cable,6.9,Jueves,3,0,0,25.6,0,0,2025-07-17,Soleado
La Estrella,Envigado,Caminando,4.5,Viernes,20,0,0,12.6,0,0,2025-02-21,Tormenta
Acevedo,Aguacatala,Caminando,14.6,Lunes,3,0,0,49.1,0,0,2025-12-22,Lluvia
Alpujarra,Santa Lucia,Cable,14.9,Miercoles,23,0,0,60.1,0,0,2025-04-02,Lluvia
Santa Lucia,Exposiciones,Caminando,9.0,Miercoles,5,0,0,25.4,0,1,2025-07-16,Nublado
San Antonio,Alpujarra,Bus,9.8,Miercoles,8,1,0,19.7,3360,1,2025-11-05,Nublado
Itagui,La Estrella,Metro,3.0,Sabado,8,1,1,3.5,3840,0,2025-08-16,Lluvia
Madera,Suramericana,Cable,7.8,Martes,19,1,0,42.2,0,0,2025-10-21,Lluvia
San Javier,Santa Lucia,Cable,10.6,Domingo,17,1,1,45.5,0,1,2025-05-11,Nublado
Suramericana,Sabaneta,Caminando,7.5,Miercoles,3,0,0,23.6,0,0,2025-06-04,Lluvia
Universidad,Industriales,Caminando,15.0,Jueves,17,1,0,71.0,0,1,2025-10-02,Lluvia
San Antonio,Niquia,Caminando,13.3,Jueves,21,0,0,42.7,0,0,2025-03-27,Soleado
Caribe,Industriales,Bus,6.6,Sabado,1,0,1,8.3,2800,1,2025-08-23,Nublado
Prado,Itagui,Taxi,11.8,Jueves,16,0,0,47.2,12940,0,2025-07-03,Nublado
San Javier,Cisneros,Metro,10.3,Miercoles,15,0,0,11.0,3200,0,2025-06-18,Tormenta
Prado,Estadio,Metro,14.8,Sabado,11,1,1,14.3,3840,0,2025-10-11,Lluvia
Niquia,Madera,Metro,11.1,Sabado,1,0,1,9.2,3200,0,2025-04-19,Lluvia
La Estrella,Universidad,Metro,2.4,Jueves,12,1,0,3.3,3840,0,2025-07-03,Lluvia
Industriales,Aguacatala,Caminando,13.8,Lunes,16,0,0,57.8,0,0,2025-01-27,Nublado
Industriales,San Javier,Metro,7.0,Jueves,3,0,0,8.7,3200,1,2025-01-16,Lluvia
Parque Berrio,Prado,Bus,6.5,Martes,19,1,0,15.2,3360,0,2025-11-04,Tormenta
Cisneros,Alpujarra,Bus,3.0,Miercoles,1,0,0,5.9,2800,0,2025-06-04,Tormenta
Aguacatala,Tricentenario,Taxi,14.1,Miercoles,5,0,0,62.8,14780,0,2025-08-06,Nublado
La Estrella,San Javier,Taxi,8.0,Jueves,0,0,0,41.6,9900,0,2025-08-14,Lluvia
Alpujarra,La Estrella,Bus,3.4,Martes,13,1,0,10.4,3360,0,2025-11-04,Lluvia
Niquia,Ayura,Metro,11.2,Miercoles,9,0,0,10.2,3200,0,2025-03-12,Soleado
Niquia,Estadio,Bus,14.3,Lunes,4,0,0,30.2,2800,0,2025-07-21,Tormenta
Hospital,Suramericana,Bus,3.2,Viernes,14,1,0,9.5,3360,0,2025-11-21,Nublado
Sabaneta,Alpujarra,Caminando,8.8,Sabado,22,0,1,18.2,0,0,2025-06-14,Lluvia
Tricentenario,Floresta,Taxi,14.7,Viernes,12,1,0,106.3,18312,1,2025-02-21,Soleado
Bello,Alpujarra,Metro,6.1,Domingo,20,0,1,4.7,3200,0,2025-09-28,Lluvia
Aguacatala,Hospital,Taxi,11.8,Domingo,6,1,1,58.8,15528,0,2025-11-23,Lluvia
Acevedo,Cisneros,Cable,10.8,Domingo,11,1,1,48.8,0,1,2025-03-02,Nublado
Bello,Alpujarra,Bus,4.1,Lunes,16,0,0,5.9,2800,1,2025-09-08,Soleado
Santa Lucia,Universidad,Bus,7.0,Miercoles,16,0,0,9.6,2800,0,2025-11-26,Nublado
Suramericana,Envigado,Metro,8.6,Lunes,5,0,0,7.7,3200,0,2025-06-30,Nublado
San Antonio,Santa Lucia,Metro,7.2,Martes,5,0,0,6.9,3200,0,2025-06-10,Lluvia
Floresta,Hospital,Cable,8.2,Sabado,1,0,1,23.6,0,0,2025-09-20,Nublado
Parque Berrio,Prado,Cable,7.2,Viernes,2,0,0,23.7,0,0,2025-09-12,Soleado
Parque Berrio,Hospital,Bus,13.4,Martes,4,0,0,24.9,2800,0,2025-07-22,Lluvia
Bello,La Estrella,Caminando,10.7,Miercoles,18,1,0,45.8,0,0,2025-10-22,Tormenta
Hospital,Sabaneta,Metro,3.3,Martes,7,1,0,5.7,3840,0,2025-09-30,Lluvia
Parque Berrio,Caribe,Taxi,9.7,Sabado,8,1,1,64.7,13512,0,2025-07-19,Tormenta
Itagui,Alpujarra,Cable,12.5,Sabado,17,1,1,54.5,0,0,2025-03-29,Lluvia
Estadio,Ayura,Bus,12.8,Martes,23,0,0,17.6,2800,0,2025-09-23,Tormenta
Floresta,Envigado,Caminando,12.5,Viernes,21,0,0,39.6,0,0,2025-12-05,Tormenta
Madera,Aguacatala,Metro,13.8,Miercoles,18,1,0,19.3,3840,1,2025-06-18,Lluvia
Suramericana,Universidad,Cable,14.7,Viernes,5,0,0,41.8,0,1,2025-09-12,Soleado
Universidad,Envigado,Caminando,11.9,Martes,13,1,0,64.8,0,0,2025-06-24,Soleado
Prado,Alpujarra,Caminando,12.7,Lunes,0,0,0,43.3,0,0,2025-01-06,Nublado
Envigado,Industriales,Cable,12.5,Lunes,6,1,0,61.7,0,0,2025-10-27,Soleado
Estadio,Floresta,Cable,3.7,Martes,21,0,0,31.5,0,1,2025-01-07,Nublado
Suramericana,Itagui,Metro,12.9,Lunes,7,1,0,25.0,3840,0,2025-01-06,Lluvia
Alpujarra,Acevedo,Bus,10.7,Jueves,1,0,0,17.2,2800,1,2025-08-07,Soleado
Bello,San Antonio,Taxi,4.0,Sabado,4,0,1,14.4,6700,0,2025-02-01,Tormenta
Universidad,Industriales,Cable,4.0,Jueves,14,1,0,19.5,0,0,2025-03-13,Nublado
Universidad,Exposiciones,Bus,9.8,Jueves,1,0,0,17.5,2800,0,2025-11-13,Tormenta
Madera,Exposiciones,Taxi,2.2,Martes,21,0,0,10.6,5260,0,2025-08-19,Tormenta
Itagui,Caribe,Taxi,6.3,Viernes,3,0,0,29.1,8540,0,2025-06-27,Nublado
Cisneros,Ayura,Bus,7.4,Sabado,15,0,1,10.6,2800,0,2025-08-30,Tormenta
Industriales,Niquia,Taxi,8.3,Jueves,9,0,0,41.0,10140,1,2025-05-08,Tormenta
Madera,Bello,Metro,14.4,Domingo,22,0,1,9.7,3200,0,2025-11-16,Lluvia
Industriales,Prado,Metro,3.6,Viernes,3,0,0,7.7,3200,1,2025-07-11,Lluvia
Tricentenario,Ayura,Cable,14.1,Jueves,13,1,0,74.3,0,0,2025-04-17,Lluvia
Poblado,Acevedo,Caminando,12.1,Viernes,7,1,0,76.4,0,0,2025-10-24,Soleado
Industriales,Ayura,Cable,9.0,Miercoles,22,0,0,26.6,0,0,2025-05-14,Tormenta
Estadio,Prado,Taxi,12.6,Domingo,3,0,1,52.2,13580,0,2025-06-29,Nublado
Aguacatala,Acevedo,Cable,10.0,Sabado,6,1,1,35.4,0,0,2025-05-17,Soleado
Suramericana,Acevedo,Cable,3.8,Lunes,23,0,0,16.1,0,0,2025-05-19,Soleado
Ayura,Aguacatala,Bus,10.1,Miercoles,15,0,0,16.5,2800,0,2025-10-08,Nublado
Exposiciones,Parque Berrio,Cable,2.3,Martes,0,0,0,8.9,0,0,2025-08-19,Soleado
Alpujarra,Universidad,Caminando,3.6,Domingo,13,1,1,10.9,0,1,2025-11-23,Nublado
Bello,Parque Berrio,Metro,13.5,Martes,5,0,0,14.9,3200,0,2025-12-02,Tormenta
Tricentenario,Niquia,Taxi,1.8,Sabado,2,0,1,7.2,4940,0,2025-05-24,Lluvia
Acevedo,Sabaneta,Bus,15.0,Domingo,8,1,1,24.2,3360,1,2025-03-23,Tormenta
Santa Lucia,Sabaneta,Taxi,3.0,Jueves,20,0,0,14.1,5900,1,2025-02-20,Tormenta
Tricentenario,Estadio,Cable,3.9,Domingo,18,1,1,12.1,0,0,2025-05-11,Lluvia
Suramericana,Tricentenario,Bus,12.7,Jueves,0,0,0,24.3,2800,1,2025-05-29,Soleado
Acevedo,Itagui,Caminando,5.3,Lunes,1,0,0,18.8,0,0,2025-01-27,Soleado
Aguacatala,Niquia,Bus,10.7,Martes,12,1,0,23.7,3360,1,2025-10-07,Soleado
Bello,La Estrella,Taxi,11.1,Viernes,12,1,0,69.5,14856,0,2025-05-02,Soleado
Niquia,Alpujarra,Cable,1.4,Lunes,19,1,0,5.9,0,0,2025-09-01,Soleado
Niquia,Cisneros,Cable,2.3,Lunes,19,1,0,26.4,0,1,2025-04-21,Soleado
Universidad,Itagui,Cable,13.4,Viernes,1,0,0,50.4,0,1,2025-10-17,Soleado
Suramericana,Prado,Taxi,12.1,Martes,8,1,0,117.9,15816,1,2025-12-30,Soleado
Aguacatala,Niquia,Cable,6.7,Lunes,9,0,0,28.8,0,1,2025-05-12,Lluvia
Parque Berrio,Cisneros,Bus,2.3,Sabado,11,1,1,4.0,3360,1,2025-04-05,Lluvia
Estadio,Madera,Bus,9.2,Domingo,23,0,1,10.2,2800,0,2025-12-07,Tormenta
Caribe,Industriales,Caminando,6.9,Domingo,6,1,1,26.9,0,1,2025-01-12,Nublado
Aguacatala,Industriales,Metro,11.1,Domingo,14,1,1,9.5,3840,1,2025-11-30,Lluvia
Cisneros,Santa Lucia,Taxi,2.6,Lunes,17,1,0,16.0,6696,0,2025-10-27,Soleado
San Antonio,Itagui,Caminando,8.6,Domingo,5,0,1,20.1,0,1,2025-02-16,Tormenta
Prado,Ayura,Caminando,2.8,Viernes,16,0,0,9.6,0,0,2025-08-08,Lluvia
Parque Berrio,Aguacatala,Taxi,7.1,Lunes,16,0,0,40.1,9180,0,2025-01-13,Soleado
Itagui,Bello,Cable,2.2,Viernes,19,1,0,10.5,0,0,2025-05-30,Nublado
Exposiciones,La Estrella,Bus,4.9,Sabado,10,0,1,5.3,2800,0,2025-04-12,Soleado
Ayura,Caribe,Metro,5.5,Viernes,18,1,0,8.4,3840,0,2025-04-25,Nublado
Madera,Universidad,Bus,13.1,Martes,21,0,0,21.4,2800,0,2025-09-09,Nublado
Niquia,Madera,Metro,4.5,Viernes,17,1,0,6.4,3840,0,2025-01-10,Nublado
Itagui,Acevedo,Caminando,2.7,Viernes,0,0,0,7.7,0,1,2025-01-03,Soleado
Exposiciones,Sabaneta,Bus,3.8,Jueves,4,0,0,6.5,2800,0,2025-05-01,Tormenta
Floresta,Santa Lucia,Caminando,8.6,Jueves,12,1,0,50.2,0,0,2025-01-23,Soleado
Envigado,Industriales,Cable,1.6,Martes,12,1,0,6.5,0,0,2025-05-13,Lluvia
San Javier,Hospital,Bus,11.1,Lunes,3,0,0,17.1,2800,0,2025-08-11,Soleado
San Antonio,Madera,Caminando,10.7,Domingo,20,0,1,24.1,0,0,2025-10-12,Lluvia
Tricentenario,Niquia,Bus,2.0,Sabado,8,1,1,3.2,3360,1,2025-11-22,Tormenta
Niquia,Aguacatala,Taxi,5.0,Sabado,18,1,1,32.7,9000,0,2025-07-12,Tormenta
Tricentenario,Floresta,Metro,4.7,Martes,1,0,0,8.6,3200,0,2025-02-18,Soleado
Santa Lucia,Ayura,Bus,8.2,Miercoles,20,0,0,15.0,2800,0,2025-03-12,Nublado
Exposiciones,Tricentenario,Metro,8.0,Lunes,11,1,0,13.7,3840,0,2025-09-29,Lluvia
La Estrella,Universidad,Cable,5.8,Lunes,5,0,0,31.5,0,0,2025-06-09,Nublado
Envigado,Floresta,Taxi,10.6,Lunes,17,1,0,100.9,14376,0,2025-02-24,Lluvia
Alpujarra,Sabaneta,Metro,2.6,Martes,21,0,0,2.1,3200,1,2025-05-27,Soleado
Prado,Poblado,Cable,2.8,Lunes,1,0,0,8.6,0,1,2025-01-13,Soleado
Floresta,Estadio,Bus,2.0,Domingo,4,0,1,4.7,2800,0,2025-04-13,Lluvia
Niquia,Ayura,Cable,14.4,Lunes,10,0,0,56.9,0,0,2025-08-11,Lluvia
Parque Berrio,Industriales,Metro,13.5,Viernes,20,0,0,17.4,3200,1,2025-06-06,Lluvia
Exposiciones,Niquia,Metro,4.3,Sabado,2,0,1,3.0,3200,0,2025-11-15,Nublado
Floresta,Parque Berrio,Cable,5.9,Martes,8,1,0,37.8,0,0,2025-03-18,Nublado
Caribe,Alpujarra,Metro,10.4,Domingo,4,0,1,6.5,3200,1,2025-12-14,Tormenta
Industriales,Floresta,Cable,14.3,Domingo,22,0,1,41.0,0,1,2025-06-29,Tormenta
Industriales,Itagui,Cable,7.6,Viernes,8,1,0,46.2,0,0,2025-09-19,Nublado
Alpujarra,Niquia,Metro,8.0,Jueves,3,0,0,8.3,3200,1,2025-07-31,Nublado
San Antonio,Prado,Bus,11.2,Sabado,1,0,1,16.2,2800,0,2025-06-07,Soleado
Tricentenario,Madera,Taxi,9.5,Domingo,13,1,1,58.6,13320,1,2025-11-23,Nublado
Niquia,Industriales,Taxi,11.7,Domingo,20,0,1,34.8,12860,0,2025-05-25,Nublado
Envigado,Itagui,Metro,4.5,Lunes,4,0,0,5.5,3200,0,2025-09-29,Lluvia
San Javier,Itagui,Taxi,11.1,Domingo,16,0,1,41.3,12380,0,2025-09-14,Soleado
Exposiciones,Industriales,Taxi,12.4,Viernes,11,1,0,120.6,16104,1,2025-01-10,Lluvia
Parque Berrio,Universidad,Taxi,4.5,Miercoles,23,0,0,18.3,7100,1,2025-02-12,Tormenta
Niquia,Prado,Cable,1.7,Viernes,3,0,0,4.7,0,0,2025-03-14,Nublado
Acevedo,La Estrella,Cable,2.1,Jueves,18,1,0,19.1,0,1,2025-10-09,Tormenta
Cisneros,Acevedo,Bus,11.5,Lunes,22,0,0,21.0,2800,0,2025-02-24,Tormenta
Bello,Suramericana,Metro,11.6,Miercoles,12,1,0,22.1,3840,0,2025-11-19,Soleado
Floresta,Ayura,Taxi,12.8,Jueves,18,1,0,107.3,16488,0,2025-02-20,Lluvia
Niquia,San Javier,Metro,5.8,Domingo,6,1,1,5.9,3840,1,2025-02-09,Tormenta
Caribe,Itagui,Caminando,7.6,Sabado,14,1,1,31.6,0,1,2025-12-13,Nublado
Poblado,Acevedo,Cable,8.7,Lunes,13,1,0,45.9,0,0,2025-02-24,Nublado
Tricentenario,Hospital,Caminando,4.5,Miercoles,20,0,0,15.7,0,1,2025-10-29,Lluvia
Cisneros,Hospital,Metro,13.6,Lunes,13,1,0,16.4,3840,0,2025-08-18,Lluvia
Suramericana,Alpujarra,Cable,3.4,Domingo,1,0,1,7.4,0,1,2025-09-14,Nublado
Universidad,Industriales,Bus,9.2,Martes,3,0,0,18.3,2800,0,2025-03-25,Tormenta
Envigado,Alpujarra,Cable,1.3,Martes,12,1,0,7.8,0,0,2025-05-13,Tormenta
Sabaneta,Floresta,Metro,10.8,Martes,18,1,0,20.6,3840,1,2025-05-06,Soleado
Floresta,Acevedo,Cable,2.0,Lunes,4,0,0,11.8,0,1,2025-06-02,Lluvia
Suramericana,Caribe,Taxi,9.7,Sabado,22,0,1,41.9,11260,1,2025-04-19,Lluvia
Ayura,Madera,Bus,13.8,Lunes,0,0,0,26.9,2800,0,2025-01-13,Soleado
San Antonio,Hospital,Metro,13.8,Lunes,3,0,0,13.6,3200,0,2025-03-17,Tormenta
Santa Lucia,Parque Berrio,Cable,4.3,Martes,7,1,0,23.1,0,0,2025-05-06,Soleado
Estadio,Prado,Cable,7.9,Lunes,8,1,0,47.8,0,0,2025-08-04,Soleado
San Antonio,Ayura,Bus,11.4,Viernes,10,0,0,23.9,2800,0,2025-10-10,Soleado
Poblado,Ayura,Taxi,9.3,Jueves,4,0,0,55.0,10940,1,2025-02-20,Lluvia
Prado,Tricentenario,Cable,3.3,Lunes,1,0,0,23.1,0,1,2025-11-24,Lluvia
Estadio,Prado,Cable,1.5,Lunes,14,1,0,6.2,0,0,2025-08-25,Soleado
Cisneros,Ayura,Cable,12.3,Martes,11,1,0,72.4,0,0,2025-03-04,Nublado
Aguacatala,Santa Lucia,Metro,5.5,Lunes,3,0,0,7.1,3200,0,2025-04-21,Tormenta
Parque Berrio,Madera,Taxi,10.4,Lunes,10,0,0,51.6,11820,1,2025-09-15,Lluvia
Estadio,Suramericana,Cable,14.7,Miercoles,16,0,0,61.1,0,0,2025-12-17,Lluvia
Bello,Aguacatala,Cable,1.1,Viernes,8,1,0,6.2,0,1,2025-08-08,Tormenta
Madera,Floresta,Bus,7.7,Lunes,6,1,0,22.1,3360,1,2025-06-23,Tormenta
Floresta,Ayura,Cable,13.5,Viernes,1,0,0,51.6,0,0,2025-11-07,Tormenta
Itagui,Santa Lucia,Bus,11.9,Martes,1,0,0,23.6,2800,0,2025-04-01,Soleado
San Javier,Ayura,Caminando,9.1,Domingo,15,0,1,24.9,0,0,2025-03-16,Tormenta
Industriales,Prado,Metro,6.8,Martes,6,1,0,8.5,3840,0,2025-06-10,Tormenta
Aguacatala,Floresta,Taxi,7.1,Jueves,8,1,0,44.6,11016,1,2025-06-26,Lluvia
Tricentenario,Universidad,Cable,7.4,Viernes,12,1,0,33.4,0,1,2025-04-18,Nublado
Aguacatala,Acevedo,Metro,10.1,Sabado,14,1,1,11.1,3840,0,2025-02-08,Soleado
Industriales,Caribe,Metro,2.6,Sabado,5,0,1,1.7,3200,0,2025-05-31,Nublado
Bello,Exposiciones,Bus,3.9,Domingo,13,1,1,8.4,3360,1,2025-02-23,Nublado
Floresta,Industriales,Caminando,15.0,Jueves,0,0,0,62.3,0,0,2025-10-09,Tormenta
Cisneros,Madera,Metro,13.2,Martes,17,1,0,20.3,3840,0,2025-08-05,Nublado
Suramericana,Madera,Cable,13.4,Jueves,14,1,0,76.6,0,1,2025-04-10,Nublado
Universidad,Caribe,Cable,13.8,Sabado,5,0,1,31.8,0,1,2025-08-23,Tormenta
Caribe,Sabaneta,Taxi,13.8,Sabado,13,1,1,58.2,17448,0,2025-08-16,Tormenta
Estadio,San Antonio,Taxi,9.6,Sabado,5,0,1,37.2,11180,0,2025-02-01,Nublado
Floresta,Sabaneta,Bus,14.9,Viernes,14,1,0,39.0,3360,1,2025-03-07,Soleado
Cisneros,Exposiciones,Bus,5.2,Sabado,20,0,1,7.2,2800,1,2025-06-28,Tormenta
Santa Lucia,Industriales,Cable,12.5,Martes,20,0,0,42.8,0,0,2025-07-22,Lluvia
Universidad,Sabaneta,Cable,1.3,Viernes,19,1,0,7.5,0,0,2025-05-16,Lluvia
Cisneros,Niquia,Cable,12.9,Jueves,11,1,0,79.0,0,0,2025-09-11,Soleado
Itagui,Caribe,Caminando,11.8,Viernes,5,0,0,49.2,0,0,2025-01-24,Nublado
Sabaneta,Bello,Taxi,9.2,Martes,17,1,0,61.2,13032,0,2025-05-13,Nublado
Universidad,Caribe,Metro,1.9,Jueves,7,1,0,2.5,3840,0,2025-03-27,Lluvia
Alpujarra,Bello,Metro,14.9,Jueves,23,0,0,14.0,3200,0,2025-11-13,Soleado
Hospital,Industriales,Caminando,10.7,Martes,17,1,0,48.4,0,0,2025-09-16,Nublado
Caribe,San Antonio,Bus,2.9,Lunes,5,0,0,12.0,2800,0,2025-07-21,Nublado
Acevedo,Caribe,Taxi,13.3,Lunes,2,0,0,55.1,14140,0,2025-05-19,Tormenta
San Antonio,La Estrella,Caminando,2.7,Martes,4,0,0,8.3,0,1,2025-11-11,Tormenta
Poblado,Parque Berrio,Caminando,1.9,Jueves,8,1,0,7.7,0,0,2025-07-10,Lluvia
La Estrella,Madera,Caminando,9.7,Martes,14,1,0,58.1,0,1,2025-04-15,Tormenta
Madera,Floresta,Bus,4.2,Viernes,15,0,0,7.0,2800,0,2025-02-21,Lluvia
Aguacatala,San Antonio,Bus,4.5,Lunes,16,0,0,6.4,2800,0,2025-12-08,Tormenta
Acevedo,Aguacatala,Bus,10.2,Martes,0,0,0,21.1,2800,0,2025-01-14,Nublado
Prado,Bello,Bus,1.9,Jueves,22,0,0,3.6,2800,0,2025-03-27,Lluvia
Acevedo,Parque Berrio,Bus,5.2,Jueves,3,0,0,23.1,2800,0,2025-03-13,Tormenta
La Estrella,Tricentenario,Taxi,6.2,Miercoles,19,1,0,54.4,10152,1,2025-08-27,Soleado
Ayura,Itagui,Bus,10.8,Lunes,8,1,0,28.9,3360,1,2025-12-29,Soleado
Parque Berrio,Suramericana,Caminando,7.0,Viernes,15,0,0,26.1,0,1,2025-09-05,Nublado
Hospital,Suramericana,Bus,6.0,Miercoles,18,1,0,14.7,3360,1,2025-10-29,Lluvia
Poblado,Floresta,Caminando,4.8,Domingo,9,0,1,13.9,0,0,2025-12-07,Lluvia
Floresta,Ayura,Caminando,14.6,Miercoles,23,0,0,46.7,0,0,2025-04-09,Nublado
Exposiciones,Cisneros,Bus,6.6,Viernes,23,0,0,9.5,2800,1,2025-01-10,Lluvia
Universidad,Suramericana,Taxi,3.4,Viernes,2,0,0,15.0,6220,0,2025-07-11,Soleado
Envigado,Caribe,Taxi,3.4,Sabado,20,0,1,14.8,6220,1,2025-12-06,Tormenta
Universidad,Sabaneta,Taxi,2.3,Jueves,20,0,0,14.6,5340,1,2025-04-03,Lluvia
Madera,San Antonio,Caminando,12.0,Martes,5,0,0,44.1,0,0,2025-10-21,Tormenta
Bello,Caribe,Cable,13.9,Jueves,0,0,0,57.7,0,1,2025-07-24,Lluvia
Industriales,Universidad,Bus,10.1,Martes,15,0,0,13.6,2800,1,2025-02-04,Soleado
Itagui,Hospital,Bus,2.9,Miercoles,6,1,0,6.9,3360,1,2025-07-09,Nublado
Exposiciones,Niquia,Metro,7.5,Domingo,0,0,1,5.9,3200,1,2025-08-03,Soleado
San Javier,Estadio,Cable,13.2,Miercoles,15,0,0,43.8,0,0,2025-01-29,Lluvia
Niquia,Bello,Caminando,3.4,Lunes,7,1,0,15.9,0,0,2025-06-16,Nublado
Hospital,Santa Lucia,Metro,2.6,Miercoles,6,1,0,4.4,3840,1,2025-04-16,Soleado
Industriales,Parque Berrio,Bus,6.4,Domingo,22,0,1,7.0,2800,1,2025-04-13,Nublado
Poblado,Caribe,Cable,8.3,Viernes,21,0,0,28.7,0,0,2025-08-29,Soleado
Industriales,Floresta,Bus,3.5,Viernes,19,1,0,11.3,3360,0,2025-05-09,Soleado
Aguacatala,San Antonio,Taxi,1.3,Viernes,16,0,0,5.5,4540,0,2025-02-21,Nublado
Caribe,San Antonio,Bus,8.8,Miercoles,5,0,0,15.0,2800,1,2025-01-22,Tormenta
Caribe,Prado,Taxi,12.1,Jueves,13,1,0,95.3,15816,1,2025-06-26,Soleado
Caribe,Exposiciones,Taxi,6.3,Jueves,11,1,0,55.8,10248,0,2025-10-02,Lluvia
Santa Lucia,Poblado,Bus,11.3,Sabado,16,0,1,12.3,2800,0,2025-04-12,Soleado
Sabaneta,San Antonio,Bus,7.7,Domingo,10,0,1,11.4,2800,0,2025-09-14,Lluvia
Hospital,Alpujarra,Caminando,9.1,Miercoles,0,0,0,27.6,0,1,2025-11-05,Tormenta
Bello,San Antonio,Cable,11.3,Viernes,20,0,0,35.7,0,0,2025-11-28,Lluvia
Prado,Universidad,Cable,2.2,Lunes,12,1,0,12.9,0,0,2025-01-27,Lluvia
Industriales,Prado,Cable,11.6,Jueves,4,0,0,38.7,0,0,2025-08-28,Soleado
Alpujarra,Santa Lucia,Taxi,12.4,Lunes,2,0,0,72.7,13420,0,2025-12-22,Nublado
Poblado,Ayura,Bus,11.9,Jueves,3,0,0,37.0,2800,0,2025-10-23,Tormenta
Niquia,San Antonio,Bus,1.5,Domingo,13,1,1,3.3,3360,1,2025-07-06,Lluvia
Industriales,Sabaneta,Caminando,6.5,Martes,6,1,0,36.5,0,1,2025-05-06,Tormenta
Aguacatala,Floresta,Metro,11.3,Miercoles,4,0,0,11.4,3200,0,2025-10-08,Lluvia
Estadio,Madera,Caminando,8.1,Jueves,16,0,0,28.4,0,0,2025-01-09,Lluvia
San Javier,Sabaneta,Metro,9.0,Viernes,15,0,0,8.1,3200,1,2025-07-18,Tormenta
Exposiciones,Niquia,Taxi,12.8,Domingo,10,0,1,50.1,13740,1,2025-11-23,Soleado
Santa Lucia,Poblado,Metro,11.7,Jueves,20,0,0,13.8,3200,0,2025-05-15,Tormenta
Niquia,Poblado,Cable,11.7,Miercoles,5,0,0,39.0,0,0,2025-04-16,Soleado
Aguacatala,Universidad,Caminando,10.4,Sabado,5,0,1,26.3,0,1,2025-10-25,Soleado
Envigado,Tricentenario,Cable,11.8,Viernes,10,0,0,36.1,0,0,2025-12-26,Soleado
Envigado,Industriales,Taxi,6.7,Domingo,8,1,1,73.8,10632,0,2025-11-09,Nublado
Madera,Santa Lucia,Bus,2.6,Martes,9,0,0,4.2,2800,0,2025-06-17,Tormenta
Niquia,Industriales,Caminando,12.5,Miercoles,2,0,0,74.7,0,0,2025-04-02,Nublado
Prado,Hospital,Caminando,10.2,Sabado,23,0,1,22.0,0,1,2025-09-20,Soleado
Poblado,Estadio,Caminando,8.0,Jueves,13,1,0,50.5,0,0,2025-02-27,Lluvia
San Javier,Hospital,Metro,2.4,Miercoles,20,0,0,2.7,3200,0,2025-06-25,Nublado
La Estrella,Ayura,Metro,14.2,Miercoles,0,0,0,16.9,3200,1,2025-06-18,Nublado
Industriales,San Javier,Taxi,3.9,Miercoles,14,1,0,30.9,7944,0,2025-01-22,Soleado
Poblado,Caribe,Cable,9.4,Martes,16,0,0,31.6,0,0,2025-03-18,Lluvia
Cisneros,Parque Berrio,Caminando,7.4,Martes,0,0,0,26.1,0,0,2025-06-17,Nublado
La Estrella,San Javier,Cable,2.1,Jueves,8,1,0,11.2,0,0,2025-11-20,Soleado
Floresta,Sabaneta,Cable,6.7,Miercoles,5,0,0,19.3,0,0,2025-02-26,Soleado
Hospital,La Estrella,Metro,14.9,Viernes,1,0,0,15.1,3200,0,2025-08-22,Lluvia
Prado,Universidad,Taxi,10.0,Sabado,12,1,1,50.8,13800,0,2025-11-01,Tormenta
Niquia,Acevedo,Bus,12.3,Lunes,23,0,0,25.9,2800,1,2025-01-06,Lluvia
Universidad,Poblado,Caminando,14.1,Viernes,18,1,0,61.9,0,0,2025-01-10,Soleado
Caribe,Itagui,Taxi,12.5,Domingo,14,1,1,82.9,16200,0,2025-10-19,Tormenta
Niquia,Caribe,Taxi,2.9,Lunes,12,1,0,25.7,6984,1,2025-05-05,Lluvia
Hospital,Floresta,Cable,10.8,Domingo,16,0,1,30.4,0,0,2025-05-11,Lluvia
San Javier,Niquia,Bus,12.8,Jueves,22,0,0,26.7,2800,1,2025-07-24,Tormenta
Aguacatala,Hospital,Caminando,6.8,Miercoles,8,1,0,44.2,0,1,2025-07-09,Soleado
Exposiciones,Industriales,Cable,5.0,Jueves,19,1,0,20.9,0,0,2025-11-06,Tormenta
San Javier,Caribe,Bus,9.5,Domingo,8,1,1,16.5,3360,0,2025-01-26,Nublado
Niquia,Industriales,Cable,14.3,Miercoles,2,0,0,51.7,0,1,2025-07-23,Lluvia
Exposiciones,La Estrella,Caminando,9.2,Martes,21,0,0,35.8,0,0,2025-11-04,Nublado
Universidad,Alpujarra,Caminando,10.9,Martes,12,1,0,55.9,0,0,2025-09-02,Tormenta
Niquia,San Antonio,Metro,1.7,Miercoles,8,1,0,3.2,3840,0,2025-05-07,Nublado
Acevedo,Alpujarra,Bus,14.7,Miercoles,16,0,0,26.9,2800,1,2025-11-05,Soleado
Niquia,Bello,Metro,10.1,Jueves,9,0,0,11.4,3200,0,2025-05-29,Soleado
Suramericana,Parque Berrio,Bus,4.0,Sabado,9,0,1,4.0,2800,0,2025-01-18,Tormenta
San Antonio,Tricentenario,Caminando,9.3,Viernes,4,0,0,33.2,0,0,2025-08-29,Tormenta
Parque Berrio,Caribe,Bus,9.7,Domingo,0,0,1,13.1,2800,0,2025-06-01,Nublado
San Antonio,Hospital,Metro,7.0,Domingo,15,0,1,6.2,3200,0,2025-10-19,Tormenta
Tricentenario,Sabaneta,Caminando,6.6,Sabado,20,0,1,26.3,0,0,2025-01-18,Soleado
Poblado,La Estrella,Cable,9.0,Martes,3,0,0,38.7,0,0,2025-07-29,Lluvia
Niquia,San Antonio,Bus,2.7,Sabado,15,0,1,2.8,2800,1,2025-06-07,Nublado
Aguacatala,Santa Lucia,Caminando,1.2,Miercoles,12,1,0,6.3,0,0,2025-06-11,Soleado
Aguacatala,Alpujarra,Metro,11.6,Sabado,13,1,1,14.4,3840,1,2025-04-26,Lluvia
Cisneros,Sabaneta,Caminando,9.3,Domingo,23,0,1,23.0,0,0,2025-11-02,Nublado
Parque Berrio,Estadio,Bus,12.9,Sabado,9,0,1,14.2,2800,0,2025-05-31,Tormenta
Industriales,Niquia,Cable,11.8,Miercoles,13,1,0,56.5,0,0,2025-10-01,Soleado
Santa Lucia,Aguacatala,Cable,12.0,Sabado,2,0,1,31.2,0,0,2025-06-14,Lluvia
Madera,Ayura,Bus,2.1,Miercoles,5,0,0,3.4,2800,1,2025-12-03,Soleado
Envigado,Cisneros,Taxi,5.8,Jueves,0,0,0,34.0,8140,0,2025-09-18,Lluvia
Cisneros,Poblado,Taxi,10.4,Lunes,22,0,0,48.1,11820,0,2025-05-19,Soleado
La Estrella,Aguacatala,Cable,1.2,Jueves,1,0,0,3.7,0,1,2025-01-02,Lluvia
San Antonio,Parque Berrio,Metro,14.9,Sabado,8,1,1,14.5,3840,0,2025-10-04,Nublado
Caribe,Madera,Caminando,9.2,Lunes,21,0,0,30.6,0,0,2025-01-13,Soleado
Hospital,Envigado,Taxi,10.6,Lunes,17,1,0,74.7,14376,0,2025-10-06,Tormenta
Envigado,Itagui,Metro,3.2,Miercoles,12,1,0,5.5,3840,0,2025-03-19,Lluvia
Santa Lucia,Industriales,Caminando,5.8,Miercoles,6,1,0,29.3,0,0,2025-04-16,Tormenta
Parque Berrio,Prado,Metro,11.7,Lunes,16,0,0,14.3,3200,0,2025-09-15,Tormenta
Bello,La Estrella,Bus,9.4,Miercoles,21,0,0,17.4,2800,0,2025-01-22,Lluvia
Hospital,Madera,Metro,12.4,Domingo,21,0,1,8.6,3200,0,2025-04-13,Lluvia
Envigado,Bello,Taxi,3.6,Martes,12,1,0,23.2,7656,0,2025-03-25,Lluvia
Poblado,Cisneros,Bus,4.2,Lunes,0,0,0,8.8,2800,0,2025-03-17,Lluvia
Alpujarra,Floresta,Taxi,13.1,Domingo,15,0,1,52.2,13980,1,2025-06-01,Nublado
Madera,Aguacatala,Metro,12.5,Jueves,12,1,0,20.4,3840,0,2025-05-29,Tormenta
Suramericana,Aguacatala,Cable,3.5,Lunes,4,0,0,11.2,0,0,2025-07-28,Soleado
Alpujarra,Hospital,Metro,2.0,Miercoles,23,0,0,4.0,3200,0,2025-03-12,Tormenta
Niquia,Hospital,Cable,5.6,Lunes,12,1,0,33.8,0,1,2025-09-22,Tormenta
Hospital,Poblado,Metro,11.2,Miercoles,1,0,0,13.9,3200,0,2025-07-09,Lluvia
Cisneros,Niquia,Caminando,1.2,Martes,18,1,0,8.8,0,1,2025-10-07,Nublado
La Estrella,Niquia,Bus,9.5,Domingo,4,0,1,10.7,2800,0,2025-07-06,Tormenta
Estadio,Alpujarra,Caminando,4.2,Jueves,22,0,0,12.0,0,1,2025-08-28,Tormenta
Bello,Madera,Caminando,2.9,Miercoles,13,1,0,18.6,0,0,2025-10-01,Tormenta
Parque Berrio,Santa Lucia,Taxi,1.6,Lunes,8,1,0,11.3,5736,0,2025-05-12,Lluvia
San Antonio,Hospital,Caminando,9.8,Domingo,3,0,1,19.7,0,0,2025-02-16,Lluvia
Ayura,Universidad,Taxi,14.7,Domingo,10,0,1,45.2,15260,0,2025-05-25,Lluvia
Tricentenario,Acevedo,Cable,5.4,Miercoles,15,0,0,44.6,0,0,2025-11-12,Tormenta
Cisneros,Tricentenario,Taxi,7.3,Domingo,13,1,1,36.3,11208,1,2025-10-05,Tormenta
Exposiciones,Niquia,Bus,6.1,Viernes,11,1,0,15.0,3360,0,2025-04-11,Soleado
Madera,Aguacatala,Bus,6.9,Domingo,23,0,1,9.7,2800,1,2025-12-14,Tormenta
Itagui,Bello,Taxi,5.2,Sabado,5,0,1,16.5,7660,0,2025-03-08,Lluvia
Bello,Floresta,Cable,4.0,Viernes,23,0,0,15.2,0,0,2025-05-16,Tormenta
Itagui,Bello,Taxi,11.6,Domingo,3,0,1,51.4,12780,0,2025-08-24,Tormenta
Floresta,Parque Berrio,Cable,5.6,Sabado,6,1,1,24.4,0,1,2025-10-25,Lluvia
Santa Lucia,Sabaneta,Cable,6.5,Viernes,20,0,0,27.7,0,0,2025-05-16,Nublado
Hospital,Estadio,Cable,8.6,Domingo,23,0,1,39.6,0,0,2025-08-31,Nublado
Niquia,La Estrella,Taxi,4.0,Domingo,15,0,1,17.2,6700,0,2025-08-10,Tormenta
Universidad,Cisneros,Bus,5.0,Viernes,18,1,0,10.2,3360,0,2025-04-18,Lluvia
Hospital,Suramericana,Bus,9.6,Martes,14,1,0,26.3,3360,1,2025-07-22,Tormenta
Hospital,La Estrella,Bus,10.1,Viernes,23,0,0,13.9,2800,1,2025-04-25,Soleado
Prado,Floresta,Metro,4.2,Lunes,13,1,0,7.6,3840,1,2025-02-03,Nublado
Parque Berrio,Ayura,Metro,13.5,Jueves,18,1,0,16.3,3840,0,2025-11-06,Lluvia
Madera,Alpujarra,Taxi,13.6,Sabado,10,0,1,39.5,14380,0,2025-12-20,Soleado
Universidad,Itagui,Bus,11.0,Miercoles,0,0,0,18.3,2800,1,2025-03-05,Nublado
Caribe,Suramericana,Cable,13.8,Lunes,23,0,0,48.1,0,1,2025-11-17,Soleado
Industriales,Estadio,Caminando,6.6,Jueves,1,0,0,20.9,0,0,2025-12-25,Tormenta
Niquia,Hospital,Caminando,6.3,Sabado,1,0,1,12.0,0,1,2025-07-05,Lluvia
Tricentenario,San Javier,Taxi,10.0,Jueves,23,0,0,59.8,11500,1,2025-02-13,Tormenta
Prado,Niquia,Cable,7.0,Domingo,11,1,1,24.7,0,0,2025-08-31,Tormenta
Cisneros,Caribe,Metro,3.7,Martes,7,1,0,5.9,3840,0,2025-01-21,Tormenta
Suramericana,Prado,Cable,4.7,Jueves,9,0,0,17.2,0,1,2025-02-06,Nublado
Itagui,Floresta,Caminando,12.8,Domingo,15,0,1,32.8,0,0,2025-12-14,Tormenta
Bello,Sabaneta,Caminando,13.1,Miercoles,10,0,0,48.0,0,1,2025-06-11,Tormenta
Estadio,Industriales,Taxi,11.4,Lunes,4,0,0,73.4,12620,0,2025-04-21,Nublado
Acevedo,Universidad,Caminando,10.2,Lunes,22,0,0,42.7,0,1,2025-10-27,Lluvia
Hospital,Parque Berrio,Metro,3.6,Viernes,22,0,0,3.7,3200,0,2025-01-03,Nublado
Tricentenario,Hospital,Caminando,14.1,Lunes,22,0,0,44.7,0,0,2025-09-29,Nublado
San Antonio,Industriales,Cable,1.9,Martes,22,0,0,6.7,0,1,2025-09-16,Nublado
Universidad,Aguacatala,Caminando,1.8,Miercoles,17,1,0,10.2,0,1,2025-11-26,Tormenta
Ayura,Bello,Cable,10.8,Miercoles,2,0,0,33.4,0,0,2025-12-24,Tormenta
Floresta,Itagui,Caminando,1.3,Jueves,8,1,0,7.4,0,0,2025-10-02,Lluvia
Itagui,Suramericana,Cable,14.6,Miercoles,21,0,0,59.8,0,0,2025-04-09,Nublado
Exposiciones,Cisneros,Metro,9.0,Domingo,17,1,1,8.2,3840,0,2025-01-26,Soleado
Acevedo,Poblado,Taxi,10.6,Miercoles,10,0,0,53.2,11980,0,2025-07-02,Tormenta
San Antonio,Alpujarra,Taxi,14.9,Miercoles,11,1,0,99.0,18504,1,2025-09-10,Soleado
Bello,Industriales,Caminando,12.3,Domingo,10,0,1,35.2,0,1,2025-08-17,Soleado
Industriales,Exposiciones,Taxi,3.2,Domingo,10,0,1,14.0,6060,1,2025-05-11,Tormenta
Parque Berrio,Niquia,Bus,13.8,Lunes,6,1,0,102.0,3360,0,2025-04-14,Tormenta
Bello,Estadio,Metro,6.7,Miercoles,0,0,0,5.5,3200,0,2025-08-20,Lluvia
Tricentenario,Hospital,Caminando,3.4,Miercoles,13,1,0,20.4,0,1,2025-11-26,Nublado
Niquia,La Estrella,Taxi,10.4,Miercoles,6,1,0,62.9,14184,0,2025-02-05,Tormenta
Sabaneta,Aguacatala,Caminando,5.7,Domingo,4,0,1,11.7,0,1,2025-09-07,Tormenta
Sabaneta,Prado,Caminando,13.8,Martes,9,0,0,47.5,0,0,2025-01-07,Tormenta
Parque Berrio,Envigado,Metro,10.0,Martes,10,0,0,12.8,3200,0,2025-10-21,Lluvia
Itagui,San Javier,Caminando,1.0,Viernes,4,0,0,3.9,0,1,2025-01-24,Soleado
Suramericana,Hospital,Metro,5.6,Martes,16,0,0,5.3,3200,1,2025-07-01,Nublado
Parque Berrio,Tricentenario,Metro,10.3,Domingo,3,0,1,7.5,3200,0,2025-04-27,Lluvia
Acevedo,Santa Lucia,Taxi,11.3,Martes,16,0,0,73.3,12540,0,2025-02-04,Nublado
Niquia,Envigado,Caminando,12.0,Sabado,19,1,1,44.5,0,0,2025-03-08,Lluvia
Acevedo,Sabaneta,Cable,3.4,Domingo,7,1,1,31.8,0,0,2025-03-23,Tormenta
Santa Lucia,Sabaneta,Taxi,12.7,Miercoles,14,1,0,90.1,16392,1,2025-03-26,Tormenta
Universidad,Floresta,Metro,12.8,Miercoles,12,1,0,17.4,3840,0,2025-07-16,Soleado
Alpujarra,Madera,Caminando,5.1,Domingo,14,1,1,15.6,0,0,2025-02-16,Lluvia
Itagui,Parque Berrio,Cable,14.1,Sabado,17,1,1,62.4,0,0,2025-11-15,Nublado
Hospital,San Javier,Cable,14.7,Domingo,14,1,1,63.9,0,0,2025-03-02,Soleado
Bello,Floresta,Cable,1.8,Miercoles,8,1,0,11.2,0,0,2025-06-11,Tormenta
Itagui,San Antonio,Taxi,6.9,Jueves,20,0,0,33.0,9020,0,2025-02-06,Soleado
Cisneros,Poblado,Bus,5.9,Lunes,16,0,0,8.2,2800,1,2025-08-25,Lluvia
Alpujarra,Envigado,Caminando,3.3,Miercoles,20,0,0,13.3,0,1,2025-12-31,Tormenta
Industriales,Universidad,Caminando,10.6,Domingo,4,0,1,24.7,0,0,2025-01-12,Soleado
Caribe,Acevedo,Caminando,11.3,Miercoles,20,0,0,40.4,0,1,2025-01-15,Tormenta
La Estrella,Cisneros,Metro,10.1,Viernes,4,0,0,10.5,3200,0,2025-09-19,Soleado
Acevedo,Bello,Cable,7.7,Martes,4,0,0,22.4,0,0,2025-10-28,Nublado
Hospital,Parque Berrio,Caminando,9.5,Sabado,13,1,1,75.6,0,1,2025-12-06,Tormenta
San Antonio,Aguacatala,Caminando,15.0,Martes,13,1,0,67.2,0,0,2025-11-11,Tormenta
Poblado,Hospital,Metro,2.4,Sabado,21,0,1,1.6,3200,0,2025-03-29,Lluvia
Poblado,Santa Lucia,Metro,8.3,Jueves,4,0,0,9.2,3200,0,2025-07-03,Lluvia
Santa Lucia,Prado,Taxi,14.7,Jueves,9,0,0,78.5,15260,1,2025-01-23,Soleado
Parque Berrio,Ayura,Metro,11.5,Domingo,22,0,1,10.2,3200,0,2025-11-30,Soleado
Universidad,Industriales,Caminando,9.8,Sabado,3,0,1,22.8,0,0,2025-08-16,Soleado
Floresta,Bello,Caminando,9.7,Lunes,14,1,0,51.8,0,1,2025-11-24,Lluvia
Suramericana,Estadio,Taxi,4.7,Miercoles,13,1,0,45.4,8712,1,2025-07-02,Nublado
Cisneros,Estadio,Cable,1.9,Jueves,9,0,0,5.8,0,0,2025-08-07,Nublado
Estadio,Aguacatala,Caminando,6.0,Viernes,6,1,0,38.2,0,0,2025-12-05,Nublado
Sabaneta,Floresta,Bus,2.5,Sabado,14,1,1,4.4,3360,0,2025-12-06,Soleado
Tricentenario,Sabaneta,Metro,13.9,Jueves,17,1,0,23.6,3840,0,2025-06-19,Nublado
Hospital,Caribe,Taxi,2.0,Domingo,12,1,1,10.2,6120,0,2025-02-16,Tormenta
Suramericana,Exposiciones,Metro,5.1,Miercoles,6,1,0,7.6,3840,1,2025-08-27,Nublado
Floresta,Acevedo,Taxi,8.6,Jueves,18,1,0,72.6,12456,0,2025-11-20,Soleado
Industriales,Madera,Cable,14.3,Jueves,10,0,0,59.5,0,0,2025-01-02,Tormenta
Itagui,Envigado,Metro,4.2,Jueves,9,0,0,5.0,3200,0,2025-11-27,Tormenta
Santa Lucia,Bello,Caminando,10.7,Domingo,17,1,1,45.1,0,0,2025-05-11,Nublado
Itagui,Cisneros,Bus,10.3,Jueves,12,1,0,33.4,3360,0,2025-10-02,Soleado
Suramericana,Tricentenario,Cable,9.1,Viernes,11,1,0,51.1,0,0,2025-11-21,Soleado
Envigado,Universidad,Cable,2.7,Domingo,14,1,1,11.1,0,0,2025-07-13,Soleado
Niquia,Caribe,Taxi,3.4,Lunes,7,1,0,74.6,7464,0,2025-07-21,Nublado
San Javier,Floresta,Bus,2.0,Domingo,19,1,1,4.5,3360,0,2025-05-18,Nublado
Industriales,Ayura,Taxi,2.3,Jueves,23,0,0,14.2,5340,0,2025-11-13,Lluvia
Prado,Industriales,Metro,9.6,Miercoles,9,0,0,8.7,3200,0,2025-05-21,Tormenta
Parque Berrio,Industriales,Taxi,13.2,Lunes,9,0,0,65.2,14060,0,2025-08-11,Nublado
Aguacatala,Suramericana,Bus,8.9,Lunes,6,1,0,26.5,3360,0,2025-07-14,Tormenta
Sabaneta,San Javier,Taxi,10.0,Miercoles,18,1,0,78.2,13800,0,2025-07-02,Lluvia
Suramericana,Madera,Taxi,4.0,Sabado,1,0,1,17.2,6700,0,2025-11-08,Lluvia
Niquia,Universidad,Taxi,12.6,Miercoles,2,0,0,75.0,13580,1,2025-06-25,Lluvia
Envigado,Exposiciones,Cable,9.0,Viernes,5,0,0,28.5,0,0,2025-03-14,Soleado
Prado,Exposiciones,Taxi,6.2,Domingo,23,0,1,22.6,8460,1,2025-07-13,Lluvia
Madera,Tricentenario,Taxi,8.4,Martes,18,1,0,65.1,12264,1,2025-12-23,Nublado
Santa Lucia,Niquia,Taxi,5.0,Miercoles,18,1,0,38.3,9000,0,2025-01-08,Nublado
Bello,Floresta,Caminando,1.8,Viernes,16,0,0,7.0,0,0,2025-07-11,Soleado
Parque Berrio,Universidad,Caminando,14.1,Jueves,10,0,0,43.5,0,0,2025-02-13,Nublado
La Estrella,Acevedo,Metro,8.7,Sabado,17,1,1,7.8,3840,0,2025-09-06,Lluvia
Industriales,Parque Berrio,Bus,6.7,Jueves,14,1,0,18.0,3360,1,2025-06-19,Tormenta
Cisneros,Itagui,Bus,6.2,Martes,23,0,0,9.6,2800,1,2025-05-06,Tormenta
Bello,Madera,Bus,14.4,Jueves,1,0,0,24.4,2800,0,2025-04-10,Lluvia
Santa Lucia,Niquia,Taxi,11.4,Miercoles,5,0,0,48.3,12620,1,2025-03-12,Tormenta
Aguacatala,Bello,Metro,5.5,Miercoles,2,0,0,6.0,3200,1,2025-06-11,Tormenta
Industriales,Hospital,Bus,2.9,Martes,4,0,0,10.5,2800,1,2025-09-23,Nublado
Caribe,Santa Lucia,Bus,3.0,Sabado,11,1,1,4.3,3360,0,2025-01-25,Soleado
Madera,Tricentenario,Bus,3.9,Lunes,17,1,0,10.6,3360,0,2025-05-12,Lluvia
Caribe,Envigado,Cable,4.4,Sabado,6,1,1,16.9,0,0,2025-03-01,Lluvia
San Antonio,Tricentenario,Bus,5.2,Jueves,5,0,0,10.4,2800,0,2025-06-05,Soleado
Caribe,Parque Berrio,Caminando,3.7,Sabado,13,1,1,11.5,0,0,2025-09-20,Lluvia
Hospital,Poblado,Cable,9.8,Sabado,21,0,1,28.2,0,0,2025-11-22,Lluvia
Caribe,La Estrella,Cable,12.7,Martes,11,1,0,53.7,0,0,2025-04-29,Tormenta
Alpujarra,San Antonio,Caminando,11.7,Lunes,8,1,0,58.2,0,0,2025-02-03,Soleado
Sabaneta,Industriales,Cable,7.6,Martes,3,0,0,32.8,0,0,2025-06-03,Lluvia
Caribe,San Antonio,Cable,11.1,Lunes,12,1,0,62.9,0,0,2025-05-19,Tormenta
Tricentenario,Suramericana,Caminando,3.2,Viernes,10,0,0,9.6,0,0,2025-10-10,Tormenta
Aguacatala,Sabaneta,Bus,7.6,Lunes,3,0,0,11.1,2800,0,2025-06-02,Tormenta
Universidad,Estadio,Caminando,4.0,Viernes,10,0,0,15.1,0,0,2025-04-25,Tormenta
Hospital,Santa Lucia,Caminando,6.5,Martes,13,1,0,34.7,0,0,2025-01-14,Nublado
Sabaneta,La Estrella,Caminando,2.3,Miercoles,2,0,0,9.4,0,0,2025-12-03,Soleado
Exposiciones,Cisneros,Caminando,2.2,Martes,6,1,0,10.1,0,1,2025-12-02,Nublado
Exposiciones,Bello,Cable,14.2,Sabado,5,0,1,31.0,0,0,2025-12-20,Soleado
Envigado,Tricentenario,Cable,2.6,Miercoles,18,1,0,16.8,0,0,2025-05-21,Nublado
Itagui,Suramericana,Taxi,5.5,Viernes,12,1,0,38.7,9480,0,2025-08-15,Nublado
Exposiciones,Floresta,Taxi,13.8,Jueves,12,1,0,92.7,17448,1,2025-06-26,Lluvia
Niquia,Hospital,Cable,14.9,Martes,8,1,0,63.7,0,0,2025-10-21,Tormenta
Santa Lucia,Parque Berrio,Caminando,7.3,Domingo,2,0,1,19.4,0,0,2025-08-24,Nublado
Universidad,Alpujarra,Bus,2.5,Martes,3,0,0,4.1,2800,0,2025-11-04,Soleado
Acevedo,Industriales,Bus,11.2,Sabado,19,1,1,16.0,3360,1,2025-10-18,Nublado
Prado,Parque Berrio,Bus,12.7,Lunes,21,0,0,23.9,2800,0,2025-09-01,Soleado
Parque Berrio,Bello,Caminando,2.2,Martes,22,0,0,6.1,0,0,2025-10-07,Nublado
Bello,Acevedo,Taxi,6.6,Lunes,2,0,0,42.5,8780,0,2025-10-06,Soleado
Estadio,Niquia,Metro,13.5,Lunes,20,0,0,11.1,3200,0,2025-06-09,Tormenta
Industriales,Acevedo,Cable,13.3,Lunes,1,0,0,48.8,0,1,2025-10-06,Nublado
Prado,Envigado,Taxi,13.4,Miercoles,17,1,0,130.5,17064,1,2025-06-04,Tormenta
Bello,Floresta,Cable,7.8,Viernes,21,0,0,33.0,0,1,2025-10-17,Tormenta
Bello,Acevedo,Taxi,12.1,Jueves,3,0,0,51.9,13180,0,2025-09-04,Soleado
Itagui,Santa Lucia,Taxi,13.7,Jueves,4,0,0,192.0,14460,0,2025-01-09,Soleado
Parque Berrio,Madera,Metro,12.9,Domingo,17,1,1,12.9,3840,0,2025-03-09,Soleado
Estadio,Sabaneta,Bus,7.9,Martes,15,0,0,12.5,2800,0,2025-08-12,Nublado
Envigado,Cisneros,Metro,5.2,Lunes,20,0,0,6.7,3200,0,2025-01-20,Lluvia
Caribe,Prado,Bus,13.3,Domingo,11,1,1,19.5,3360,0,2025-03-02,Nublado
San Antonio,Bello,Cable,14.5,Domingo,21,0,1,30.2,0,0,2025-11-02,Lluvia
San Antonio,Caribe,Taxi,11.4,Lunes,20,0,0,151.6,12620,1,2025-03-31,Soleado
Santa Lucia,Poblado,Caminando,8.3,Domingo,19,1,1,36.5,0,0,2025-10-05,Lluvia
Ayura,Sabaneta,Caminando,6.2,Jueves,1,0,0,22.6,0,0,2025-04-24,Tormenta
Poblado,Alpujarra,Cable,11.9,Jueves,11,1,0,56.4,0,0,2025-04-17,Tormenta
La Estrella,Estadio,Metro,6.7,Viernes,4,0,0,7.9,3200,0,2025-08-22,Lluvia
Exposiciones,Niquia,Cable,2.2,Domingo,21,0,1,6.3,0,1,2025-01-12,Nublado
Niquia,Industriales,Caminando,4.6,Viernes,13,1,0,27.5,0,0,2025-11-28,Soleado
Niquia,Bello,Cable,10.4,Martes,17,1,0,67.3,0,1,2025-07-29,Nublado
Envigado,Tricentenario,Metro,3.7,Sabado,13,1,1,4.5,3840,0,2025-08-30,Nublado
Tricentenario,Prado,Bus,3.4,Viernes,4,0,0,8.8,2800,0,2025-10-10,Nublado
Ayura,Universidad,Taxi,1.4,Viernes,18,1,0,22.1,5544,1,2025-11-07,Soleado
Hospital,Exposiciones,Metro,5.9,Sabado,3,0,1,3.4,3200,0,2025-12-27,Nublado
San Antonio,Suramericana,Cable,13.9,Domingo,5,0,1,26.1,0,1,2025-03-16,Lluvia
Aguacatala,Itagui,Metro,1.4,Lunes,14,1,0,4.2,3840,0,2025-11-03,Soleado
Sabaneta,Parque Berrio,Taxi,9.6,Lunes,9,0,0,59.3,11180,0,2025-05-05,Soleado
La Estrella,Prado,Taxi,12.2,Viernes,17,1,0,86.4,15912,1,2025-08-29,Soleado
Caribe,Madera,Caminando,1.3,Viernes,17,1,0,5.9,0,0,2025-12-12,Soleado
San Javier,Hospital,Cable,10.3,Lunes,18,1,0,43.7,0,0,2025-10-13,Tormenta
Prado,Hospital,Cable,5.5,Domingo,18,1,1,18.6,0,0,2025-11-02,Tormenta
Suramericana,Alpujarra,Caminando,8.6,Lunes,9,0,0,26.9,0,0,2025-10-20,Tormenta
Sabaneta,Industriales,Caminando,6.0,Domingo,1,0,1,12.3,0,0,2025-11-23,Soleado
Exposiciones,Madera,Metro,7.4,Viernes,10,0,0,6.8,3200,0,2025-07-18,Soleado
Madera,Industriales,Taxi,2.3,Sabado,14,1,1,11.0,6408,1,2025-03-15,Soleado
Tricentenario,Exposiciones,Bus,3.7,Sabado,0,0,1,5.0,2800,1,2025-11-22,Tormenta
Parque Berrio,Prado,Taxi,5.5,Domingo,15,0,1,42.5,7900,1,2025-08-24,Nublado
Prado,Caribe,Bus,11.7,Miercoles,16,0,0,18.3,2800,1,2025-06-04,Soleado
Floresta,San Antonio,Taxi,5.6,Miercoles,12,1,0,40.7,9576,0,2025-05-07,Soleado
Exposiciones,Caribe,Cable,3.3,Jueves,12,1,0,14.6,0,1,2025-10-16,Nublado
Hospital,Santa Lucia,Bus,6.0,Viernes,10,0,0,12.7,2800,0,2025-11-14,Nublado
Ayura,Exposiciones,Bus,13.8,Viernes,8,1,0,30.0,3360,1,2025-01-24,Soleado
Poblado,Caribe,Metro,9.4,Sabado,9,0,1,12.7,3200,0,2025-09-06,Nublado
Acevedo,Exposiciones,Bus,6.4,Jueves,5,0,0,9.7,2800,0,2025-10-30,Tormenta
Hospital,Tricentenario,Taxi,12.7,Viernes,6,1,0,104.1,16392,0,2025-01-17,Lluvia
Niquia,Universidad,Bus,10.4,Viernes,13,1,0,21.4,3360,0,2025-01-24,Nublado
Alpujarra,La Estrella,Bus,2.2,Lunes,19,1,0,4.6,3360,1,2025-09-08,Lluvia
Industriales,Acevedo,Cable,6.3,Domingo,5,0,1,17.0,0,0,2025-03-16,Lluvia
Alpujarra,La Estrella,Taxi,9.1,Jueves,23,0,0,50.5,10780,1,2025-01-02,Lluvia
Suramericana,Estadio,Taxi,2.2,Martes,4,0,0,10.9,5260,0,2025-04-22,Soleado
Parque Berrio,Alpujarra,Cable,12.7,Jueves,14,1,0,64.9,0,1,2025-05-29,Lluvia
Estadio,Alpujarra,Bus,13.9,Sabado,19,1,1,27.6,3360,0,2025-12-13,Tormenta
Santa Lucia,Industriales,Taxi,10.2,Jueves,11,1,0,86.0,13992,1,2025-01-30,Soleado
Suramericana,Itagui,Bus,7.7,Sabado,2,0,1,7.4,2800,0,2025-10-11,Soleado
Tricentenario,Caribe,Bus,6.5,Miercoles,21,0,0,12.1,2800,0,2025-02-05,Tormenta
La Estrella,Aguacatala,Cable,2.9,Martes,10,0,0,8.7,0,0,2025-04-15,Nublado
Madera,Caribe,Cable,10.1,Sabado,16,0,1,23.2,0,0,2025-11-22,Soleado
Parque Berrio,Tricentenario,Caminando,1.6,Lunes,6,1,0,10.2,0,0,2025-06-09,Nublado
Itagui,Suramericana,Caminando,13.2,Viernes,22,0,0,50.7,0,1,2025-10-17,Tormenta
Alpujarra,La Estrella,Caminando,2.8,Lunes,12,1,0,14.6,0,0,2025-07-14,Soleado
Aguacatala,Santa Lucia,Caminando,6.8,Lunes,21,0,0,24.6,0,0,2025-04-14,Nublado
Ayura,Tricentenario,Metro,10.3,Martes,3,0,0,8.4,3200,0,2025-02-18,Tormenta
Exposiciones,Parque Berrio,Bus,13.2,Sabado,14,1,1,22.7,3360,0,2025-08-09,Lluvia
San Antonio,Exposiciones,Bus,10.4,Jueves,15,0,0,16.6,2800,0,2025-05-08,Tormenta
Prado,Envigado,Cable,3.2,Viernes,9,0,0,10.0,0,1,2025-09-19,Lluvia
Cisneros,Acevedo,Metro,5.4,Sabado,13,1,1,7.3,3840,0,2025-06-07,Tormenta
San Antonio,Industriales,Caminando,12.5,Viernes,3,0,0,34.5,0,1,2025-06-20,Tormenta
Industriales,Floresta,Cable,11.4,Miercoles,19,1,0,65.6,0,0,2025-04-02,Nublado
Prado,Santa Lucia,Taxi,9.1,Miercoles,2,0,0,43.3,10780,0,2025-03-12,Soleado
Caribe,Tricentenario,Bus,8.7,Viernes,15,0,0,17.8,2800,0,2025-05-30,Soleado
Parque Berrio,Exposiciones,Cable,6.2,Sabado,14,1,1,26.7,0,0,2025-10-18,Tormenta
Niquia,Hospital,Bus,2.3,Sabado,19,1,1,4.1,3360,0,2025-11-29,Nublado
Estadio,Hospital,Bus,10.7,Sabado,20,0,1,15.8,2800,1,2025-08-16,Soleado
Santa Lucia,Exposiciones,Cable,1.2,Jueves,23,0,0,3.6,0,0,2025-07-24,Tormenta
Universidad,Niquia,Metro,1.4,Martes,4,0,0,4.3,3200,0,2025-02-04,Lluvia
Ayura,Prado,Bus,3.9,Viernes,8,1,0,11.5,3360,0,2025-07-18,Tormenta
Niquia,Cisneros,Caminando,8.0,Jueves,22,0,0,31.2,0,1,2025-03-27,Soleado
San Antonio,San Javier,Taxi,13.3,Viernes,9,0,0,181.8,14140,0,2025-11-07,Lluvia
Itagui,Floresta,Metro,4.7,Viernes,6,1,0,6.9,3840,0,2025-02-28,Nublado
Alpujarra,Bello,Metro,5.1,Domingo,3,0,1,3.1,3200,0,2025-02-09,Soleado
Envigado,Bello,Bus,5.0,Viernes,23,0,0,9.3,2800,1,2025-09-26,Nublado
Madera,Exposiciones,Cable,2.1,Jueves,16,0,0,6.3,0,0,2025-07-17,Soleado
Prado,Envigado,Bus,5.5,Martes,9,0,0,9.7,2800,0,2025-09-02,Soleado
Acevedo,Industriales,Caminando,7.3,Jueves,12,1,0,38.1,0,0,2025-06-12,Soleado
Madera,La Estrella,Metro,6.7,Viernes,14,1,0,11.1,3840,0,2025-03-21,Nublado
Aguacatala,Floresta,Metro,6.1,Martes,2,0,0,7.7,3200,0,2025-08-12,Tormenta
Acevedo,Madera,Caminando,7.1,Lunes,15,0,0,25.8,0,1,2025-10-20,Nublado
Caribe,Poblado,Metro,13.1,Lunes,1,0,0,12.7,3200,1,2025-09-01,Nublado
Prado,Exposiciones,Caminando,6.9,Martes,18,1,0,35.2,0,0,2025-02-04,Lluvia
Hospital,Prado,Caminando,5.0,Martes,18,1,0,24.8,0,1,2025-12-02,Tormenta
San Antonio,Itagui,Metro,8.6,Martes,21,0,0,8.0,3200,0,2025-02-04,Nublado
Niquia,Suramericana,Bus,3.9,Sabado,4,0,1,5.7,2800,0,2025-01-04,Tormenta
Industriales,Sabaneta,Caminando,5.4,Viernes,7,1,0,30.2,0,0,2025-11-28,Nublado
San Antonio,Tricentenario,Caminando,2.5,Miercoles,9,0,0,7.7,0,0,2025-07-09,Nublado
Niquia,Itagui,Caminando,9.9,Sabado,4,0,1,27.3,0,0,2025-08-30,Nublado
Aguacatala,Cisneros,Cable,2.7,Viernes,14,1,0,15.9,0,0,2025-08-29,Tormenta
La Estrella,Ayura,Cable,1.1,Sabado,0,0,1,3.2,0,1,2025-04-12,Nublado
Santa Lucia,Prado,Bus,7.8,Jueves,9,0,0,16.2,2800,0,2025-04-10,Tormenta
Cisneros,Santa Lucia,Cable,14.1,Viernes,3,0,0,53.5,0,0,2025-08-29,Tormenta
Alpujarra,Floresta,Caminando,6.6,Lunes,11,1,0,33.9,0,0,2025-08-11,Tormenta
Ayura,Hospital,Bus,1.2,Miercoles,8,1,0,3.5,3360,0,2025-05-28,Lluvia
Tricentenario,Santa Lucia,Cable,3.7,Martes,22,0,0,12.7,0,0,2025-12-16,Nublado
Cisneros,Madera,Caminando,14.8,Sabado,8,1,1,59.7,0,0,2025-02-08,Lluvia
Aguacatala,Santa Lucia,Bus,5.7,Lunes,1,0,0,11.3,2800,1,2025-08-04,Lluvia
Bello,Estadio,Metro,10.9,Jueves,2,0,0,13.7,3200,1,2025-01-23,Soleado
Tricentenario,Industriales,Taxi,10.4,Martes,18,1,0,95.3,14184,0,2025-10-14,Nublado
Hospital,Alpujarra,Taxi,6.0,Miercoles,16,0,0,37.4,8300,1,2025-09-17,Tormenta
Aguacatala,Sabaneta,Metro,14.6,Sabado,12,1,1,17.7,3840,0,2025-05-10,Tormenta
Parque Berrio,Santa Lucia,Bus,2.3,Viernes,0,0,0,5.0,2800,1,2025-03-21,Tormenta
Industriales,Alpujarra,Bus,6.5,Martes,4,0,0,10.5,2800,0,2025-09-23,Nublado
Floresta,Aguacatala,Bus,12.4,Jueves,0,0,0,23.7,2800,0,2025-05-29,Soleado
Envigado,Exposiciones,Metro,12.1,Viernes,9,0,0,11.6,3200,0,2025-02-14,Lluvia
Prado,Universidad,Bus,14.4,Jueves,3,0,0,21.6,2800,0,2025-09-11,Nublado
Hospital,Alpujarra,Cable,9.4,Martes,6,1,0,55.5,0,0,2025-12-02,Soleado
Bello,Madera,Metro,1.9,Miercoles,1,0,0,1.9,3200,1,2025-10-29,Lluvia
Cisneros,Envigado,Metro,5.7,Domingo,16,0,1,5.1,3200,0,2025-03-30,Nublado
Sabaneta,Santa Lucia,Metro,1.7,Sabado,23,0,1,1.1,3200,0,2025-11-15,Tormenta
Madera,Prado,Cable,8.2,Lunes,5,0,0,32.9,0,1,2025-07-21,Tormenta
Ayura,Madera,Taxi,13.5,Lunes,9,0,0,87.1,14300,0,2025-10-20,Lluvia
Santa Lucia,Hospital,Metro,10.5,Sabado,1,0,1,9.4,3200,0,2025-02-15,Soleado
Sabaneta,Industriales,Cable,9.7,Lunes,19,1,0,45.8,0,0,2025-04-14,Soleado
Floresta,Parque Berrio,Bus,7.6,Lunes,13,1,0,19.1,3360,0,2025-12-08,Soleado
Exposiciones,Cisneros,Cable,8.1,Jueves,15,0,0,28.1,0,1,2025-08-07,Nublado
Industriales,Hospital,Cable,1.3,Lunes,16,0,0,5.0,0,0,2025-10-06,Nublado
Poblado,Exposiciones,Bus,7.0,Viernes,5,0,0,11.9,2800,0,2025-10-31,Soleado
Itagui,Floresta,Bus,2.2,Lunes,20,0,0,3.7,2800,1,2025-08-18,Soleado
Poblado,Parque Berrio,Caminando,8.9,Domingo,7,1,1,26.6,0,0,2025-10-26,Tormenta
Poblado,Tricentenario,Cable,6.3,Domingo,19,1,1,17.9,0,0,2025-06-15,Lluvia
Floresta,Envigado,Metro,13.9,Jueves,0,0,0,17.7,3200,0,2025-06-12,Soleado
Estadio,Exposiciones,Taxi,9.0,Viernes,17,1,0,86.2,12840,0,2025-09-05,Lluvia
Exposiciones,Alpujarra,Metro,2.1,Miercoles,17,1,0,2.7,3840,0,2025-10-01,Soleado
Bello,San Javier,Taxi,4.7,Jueves,0,0,0,25.8,7260,0,2025-01-23,Tormenta
Envigado,Aguacatala,Taxi,9.8,Lunes,14,1,0,82.4,13608,0,2025-11-24,Soleado
Acevedo,Tricentenario,Bus,1.9,Martes,20,0,0,3.3,2800,1,2025-06-24,Lluvia
Caribe,Sabaneta,Metro,3.1,Viernes,21,0,0,2.8,3200,1,2025-07-25,Nublado
Cisneros,Acevedo,Caminando,13.4,Jueves,12,1,0,54.1,0,0,2025-01-09,Soleado
Tricentenario,Cisneros,Taxi,2.9,Domingo,12,1,1,17.5,6984,0,2025-03-30,Tormenta
Suramericana,Floresta,Taxi,7.9,Lunes,22,0,0,47.0,9820,0,2025-01-13,Lluvia
Parque Berrio,Industriales,Caminando,4.6,Martes,13,1,0,26.7,0,0,2025-07-08,Nublado
Alpujarra,San Javier,Taxi,4.6,Sabado,11,1,1,28.1,8616,0,2025-05-10,Tormenta
Alpujarra,Envigado,Bus,8.1,Lunes,23,0,0,16.1,2800,0,2025-12-08,Lluvia
La Estrella,Envigado,Cable,12.6,Miercoles,5,0,0,38.1,0,0,2025-11-19,Lluvia
Hospital,Tricentenario,Metro,6.1,Sabado,14,1,1,6.6,3840,0,2025-12-06,Lluvia
Hospital,Caribe,Cable,10.2,Domingo,17,1,1,40.1,0,0,2025-11-09,Tormenta
Sabaneta,Floresta,Taxi,1.3,Jueves,1,0,0,7.6,4540,0,2025-10-02,Lluvia
Floresta,Bello,Caminando,6.6,Lunes,17,1,0,29.1,0,1,2025-03-31,Nublado
Prado,Caribe,Caminando,10.8,Viernes,18,1,0,55.3,0,0,2025-04-11,Nublado
Itagui,San Antonio,Taxi,4.4,Sabado,11,1,1,29.2,8424,1,2025-11-22,Lluvia
Acevedo,Exposiciones,Metro,5.2,Sabado,4,0,1,3.5,3200,0,2025-12-13,Soleado
Parque Berrio,Universidad,Taxi,13.7,Domingo,2,0,1,52.7,14460,0,2025-04-27,Nublado
Cisneros,Hospital,Cable,2.1,Viernes,10,0,0,8.1,0,1,2025-11-14,Nublado
San Javier,Alpujarra,Caminando,6.6,Miercoles,8,1,0,29.4,0,1,2025-01-15,Tormenta
Cisneros,San Javier,Cable,2.6,Viernes,21,0,0,7.2,0,1,2025-04-04,Nublado
Envigado,Floresta,Taxi,14.4,Sabado,9,0,1,46.9,15020,0,2025-06-28,Soleado
Itagui,Hospital,Taxi,10.3,Martes,2,0,0,65.0,11740,0,2025-02-18,Nublado
Santa Lucia,Poblado,Metro,3.6,Sabado,4,0,1,3.1,3200,1,2025-08-02,Tormenta
Prado,Industriales,Metro,12.6,Jueves,2,0,0,12.4,3200,0,2025-03-13,Nublado
Estadio,Industriales,Taxi,1.4,Viernes,5,0,0,6.5,4620,0,2025-02-21,Tormenta
Exposiciones,Caribe,Metro,6.9,Miercoles,19,1,0,9.5,3840,0,2025-10-29,Soleado
Suramericana,Hospital,Caminando,7.1,Lunes,10,0,0,24.8,0,0,2025-11-03,Lluvia
Floresta,Sabaneta,Caminando,13.8,Sabado,4,0,1,37.1,0,1,2025-10-04,Soleado
Caribe,Suramericana,Bus,5.3,Sabado,7,1,1,9.0,3360,0,2025-05-24,Nublado
Bello,Caribe,Taxi,5.2,Sabado,7,1,1,22.5,9192,0,2025-11-08,Nublado
Acevedo,Prado,Taxi,11.7,Domingo,15,0,1,41.8,12860,0,2025-03-09,Soleado
Acevedo,Floresta,Taxi,11.5,Viernes,18,1,0,96.1,15240,1,2025-05-30,Nublado
La Estrella,Parque Berrio,Bus,4.2,Martes,19,1,0,12.6,3360,0,2025-08-12,Nublado
San Javier,Itagui,Cable,5.5,Viernes,3,0,0,18.4,0,1,2025-09-05,Tormenta
Sabaneta,Tricentenario,Cable,4.0,Lunes,2,0,0,11.7,0,0,2025-06-23,Soleado
Floresta,Bello,Caminando,3.2,Lunes,7,1,0,17.5,0,0,2025-09-08,Soleado
Suramericana,San Antonio,Cable,7.1,Martes,21,0,0,24.7,0,0,2025-04-22,Tormenta
Aguacatala,Niquia,Cable,12.9,Miercoles,9,0,0,50.3,0,1,2025-11-26,Nublado
Bello,Parque Berrio,Taxi,12.3,Jueves,1,0,0,54.7,13340,0,2025-06-12,Nublado
Envigado,Aguacatala,Caminando,11.4,Lunes,1,0,0,36.3,0,1,2025-11-10,Lluvia
Ayura,Exposiciones,Cable,10.1,Miercoles,1,0,0,63.3,0,0,2025-07-23,Lluvia
Industriales,Santa Lucia,Cable,9.8,Domingo,11,1,1,36.6,0,1,2025-12-14,Tormenta
Envigado,Ayura,Metro,12.6,Jueves,2,0,0,14.3,3200,1,2025-01-23,Lluvia
Acevedo,Prado,Bus,2.4,Sabado,12,1,1,4.0,3360,1,2025-05-24,Nublado
Alpujarra,Cisneros,Bus,10.6,Domingo,1,0,1,10.4,2800,0,2025-03-30,Soleado
Floresta,Suramericana,Cable,4.3,Jueves,13,1,0,23.3,0,1,2025-04-24,Tormenta
Hospital,Estadio,Cable,11.5,Martes,0,0,0,42.0,0,0,2025-11-04,Tormenta
Caribe,Bello,Metro,2.1,Domingo,11,1,1,2.5,3840,1,2025-01-12,Tormenta
Niquia,Aguacatala,Metro,8.8,Lunes,7,1,0,35.1,3840,0,2025-08-11,Lluvia
Acevedo,Universidad,Bus,2.1,Sabado,0,0,1,2.1,2800,0,2025-08-23,Lluvia
Suramericana,La Estrella,Taxi,6.9,Sabado,8,1,1,37.5,10824,0,2025-07-05,Tormenta
Cisneros,Acevedo,Caminando,8.0,Domingo,14,1,1,25.7,0,0,2025-04-06,Soleado
Santa Lucia,Suramericana,Caminando,12.9,Domingo,13,1,1,41.5,0,1,2025-09-14,Tormenta
Estadio,Exposiciones,Cable,6.2,Lunes,7,1,0,32.5,0,1,2025-10-06,Tormenta
Floresta,Parque Berrio,Metro,4.0,Miercoles,23,0,0,4.5,3200,0,2025-03-26,Tormenta
Madera,San Antonio,Taxi,7.9,Domingo,12,1,1,37.4,11784,1,2025-07-20,Soleado
Madera,Cisneros,Cable,3.4,Sabado,3,0,1,9.0,0,1,2025-08-02,Nublado
Acevedo,La Estrella,Cable,3.9,Martes,23,0,0,16.4,0,1,2025-09-30,Lluvia
Exposiciones,San Antonio,Cable,9.3,Viernes,18,1,0,58.2,0,1,2025-10-03,Nublado
Niquia,Bello,Taxi,10.6,Domingo,7,1,1,70.1,14376,0,2025-10-05,Soleado
Estadio,Alpujarra,Caminando,11.9,Jueves,23,0,0,45.8,0,1,2025-04-03,Nublado
Aguacatala,Bello,Cable,4.9,Miercoles,19,1,0,20.1,0,0,2025-06-18,Nublado
Itagui,Acevedo,Metro,2.8,Lunes,14,1,0,3.7,3840,0,2025-10-06,Soleado
Madera,Itagui,Metro,10.1,Domingo,22,0,1,8.7,3200,0,2025-08-17,Lluvia
Cisneros,Itagui,Cable,9.7,Lunes,18,1,0,40.2,0,0,2025-05-26,Soleado
Aguacatala,Acevedo,Metro,12.1,Viernes,17,1,0,23.5,3840,0,2025-05-23,Soleado
Niquia,Poblado,Metro,6.7,Miercoles,6,1,0,9.3,3840,1,2025-09-10,Soleado
Caribe,La Estrella,Cable,12.5,Lunes,11,1,0,73.3,0,1,2025-07-07,Lluvia
Sabaneta,Industriales,Bus,2.2,Domingo,17,1,1,4.7,3360,0,2025-09-07,Soleado
Exposiciones,Envigado,Bus,11.7,Miercoles,1,0,0,34.5,2800,0,2025-12-24,Lluvia
Universidad,Cisneros,Bus,12.2,Viernes,12,1,0,34.9,3360,1,2025-02-28,Nublado
Madera,Ayura,Caminando,9.1,Sabado,10,0,1,54.7,0,0,2025-09-27,Nublado
Aguacatala,Santa Lucia,Bus,6.2,Martes,11,1,0,18.4,3360,0,2025-11-04,Tormenta
Cisneros,Hospital,Caminando,3.1,Martes,17,1,0,19.0,0,1,2025-10-28,Nublado
Tricentenario,Alpujarra,Taxi,2.0,Lunes,14,1,0,16.5,6120,0,2025-02-24,Soleado
La Estrella,Estadio,Taxi,13.7,Miercoles,13,1,0,87.7,17352,1,2025-09-10,Nublado
Exposiciones,Cisneros,Metro,4.3,Martes,22,0,0,4.7,3200,1,2025-03-04,Nublado
Floresta,Suramericana,Caminando,2.3,Viernes,10,0,0,7.6,0,0,2025-05-09,Soleado
Estadio,Cisneros,Cable,11.9,Lunes,12,1,0,66.1,0,0,2025-11-03,Lluvia
Alpujarra,Cisneros,Caminando,9.8,Viernes,14,1,0,153.1,0,0,2025-10-03,Nublado
Santa Lucia,Acevedo,Cable,5.6,Viernes,20,0,0,23.8,0,0,2025-09-05,Soleado
Madera,Hospital,Bus,14.1,Sabado,15,0,1,16.9,2800,1,2025-11-15,Tormenta
San Javier,Hospital,Taxi,5.3,Lunes,22,0,0,29.8,7740,0,2025-01-06,Lluvia
Acevedo,Floresta,Caminando,12.4,Viernes,23,0,0,34.3,0,1,2025-09-26,Nublado
Industriales,San Antonio,Taxi,10.1,Miercoles,3,0,0,48.2,11580,1,2025-01-08,Lluvia
Tricentenario,Santa Lucia,Metro,4.4,Sabado,22,0,1,3.8,3200,0,2025-03-22,Lluvia
Poblado,Industriales,Taxi,10.4,Viernes,2,0,0,55.0,11820,0,2025-12-26,Tormenta
Prado,Niquia,Caminando,5.3,Miercoles,9,0,0,17.2,0,0,2025-10-22,Soleado
Universidad,Aguacatala,Metro,5.2,Viernes,9,0,0,5.0,3200,0,2025-06-13,Soleado
Ayura,Caribe,Cable,1.4,Sabado,21,0,1,2.9,0,0,2025-02-08,Nublado
Floresta,Itagui,Caminando,4.4,Lunes,1,0,0,14.5,0,0,2025-03-31,Tormenta
Sabaneta,Caribe,Bus,4.2,Domingo,11,1,1,7.3,3360,1,2025-10-19,Soleado
La Estrella,Envigado,Bus,12.7,Sabado,21,0,1,17.7,2800,0,2025-11-08,Lluvia
La Estrella,San Javier,Bus,6.9,Sabado,0,0,1,7.2,2800,1,2025-05-31,Nublado
Universidad,Cisneros,Taxi,14.3,Viernes,16,0,0,66.4,14940,1,2025-12-12,Tormenta
Industriales,La Estrella,Taxi,11.9,Lunes,16,0,0,58.4,13020,1,2025-01-20,Nublado
Exposiciones,La Estrella,Bus,1.3,Sabado,10,0,1,1.4,2800,0,2025-10-11,Lluvia
Caribe,Suramericana,Caminando,9.5,Viernes,16,0,0,39.3,0,0,2025-11-21,Soleado
Hospital,Sabaneta,Cable,5.6,Jueves,13,1,0,26.9,0,0,2025-11-06,Tormenta
San Antonio,Bello,Taxi,1.1,Sabado,3,0,1,4.5,4380,0,2025-08-23,Nublado
Envigado,Ayura,Cable,11.4,Sabado,8,1,1,44.1,0,0,2025-04-19,Tormenta
Industriales,Aguacatala,Caminando,7.4,Viernes,19,1,0,37.2,0,0,2025-10-03,Soleado
Industriales,Sabaneta,Metro,13.7,Jueves,8,1,0,17.3,3840,1,2025-02-13,Lluvia
Suramericana,Santa Lucia,Cable,7.7,Sabado,10,0,1,17.6,0,0,2025-02-22,Lluvia
Madera,Itagui,Caminando,6.4,Martes,0,0,0,24.1,0,0,2025-08-05,Nublado
Universidad,San Antonio,Bus,9.1,Martes,19,1,0,21.9,3360,0,2025-07-08,Lluvia
San Antonio,Suramericana,Metro,6.7,Jueves,10,0,0,7.7,3200,1,2025-11-27,Lluvia
Parque Berrio,Bello,Bus,13.6,Miercoles,23,0,0,27.1,2800,0,2025-12-31,Nublado
San Antonio,Cisneros,Cable,12.8,Miercoles,9,0,0,41.2,0,0,2025-03-05,Nublado
Envigado,San Antonio,Cable,11.6,Viernes,23,0,0,47.8,0,0,2025-08-08,Soleado
La Estrella,Industriales,Bus,9.0,Lunes,20,0,0,17.7,2800,0,2025-09-22,Soleado
San Javier,Exposiciones,Bus,4.1,Domingo,16,0,1,5.5,2800,0,2025-06-15,Nublado
Poblado,Itagui,Caminando,2.2,Domingo,19,1,1,9.3,0,1,2025-07-13,Lluvia
La Estrella,Ayura,Taxi,7.4,Lunes,22,0,0,39.3,9420,1,2025-03-17,Nublado
Exposiciones,San Antonio,Cable,11.5,Lunes,1,0,0,34.8,0,1,2025-03-17,Lluvia
Exposiciones,Envigado,Caminando,4.3,Domingo,23,0,1,10.7,0,1,2025-07-13,Nublado
Alpujarra,Aguacatala,Cable,7.3,Sabado,15,0,1,15.5,0,0,2025-02-15,Lluvia
Alpujarra,Aguacatala,Cable,13.5,Viernes,5,0,0,44.7,0,0,2025-08-08,Lluvia
Santa Lucia,Bello,Caminando,12.4,Martes,17,1,0,57.8,0,0,2025-11-11,Lluvia
Sabaneta,Prado,Taxi,12.8,Sabado,7,1,1,77.7,16488,0,2025-11-29,Nublado
Poblado,Estadio,Cable,7.7,Sabado,0,0,1,18.6,0,1,2025-05-10,Lluvia
Tricentenario,Niquia,Cable,2.1,Lunes,14,1,0,11.5,0,1,2025-08-04,Soleado
San Antonio,Suramericana,Cable,1.8,Jueves,20,0,0,6.6,0,0,2025-04-17,Soleado
Itagui,Prado,Metro,6.0,Martes,11,1,0,9.5,3840,1,2025-07-29,Lluvia
San Antonio,Hospital,Caminando,6.1,Viernes,20,0,0,19.7,0,1,2025-06-20,Nublado
Industriales,Poblado,Metro,13.1,Jueves,21,0,0,10.7,3200,0,2025-11-20,Soleado
Madera,Bello,Bus,12.5,Sabado,18,1,1,18.4,3360,0,2025-06-07,Tormenta
Cisneros,San Antonio,Metro,10.6,Viernes,17,1,0,15.3,3840,0,2025-02-14,Lluvia
Exposiciones,Poblado,Metro,7.6,Lunes,23,0,0,7.7,3200,0,2025-06-09,Tormenta
Ayura,Aguacatala,Metro,11.3,Sabado,23,0,1,8.0,3200,0,2025-05-24,Tormenta
Envigado,Tricentenario,Caminando,11.0,Jueves,23,0,0,36.1,0,0,2025-01-09,Lluvia
Niquia,Envigado,Caminando,10.8,Martes,8,1,0,104.0,0,0,2025-02-04,Tormenta
Industriales,Parque Berrio,Metro,10.5,Miercoles,8,1,0,17.5,3840,0,2025-06-11,Soleado
Prado,Bello,Taxi,8.4,Martes,6,1,0,62.2,12264,0,2025-02-04,Nublado
Universidad,Itagui,Caminando,11.3,Domingo,8,1,1,41.5,0,0,2025-02-16,Lluvia
Cisneros,Tricentenario,Metro,4.9,Lunes,10,0,0,4.0,3200,0,2025-04-07,Nublado
Floresta,Hospital,Caminando,12.7,Jueves,20,0,0,54.9,0,0,2025-09-04,Tormenta
Industriales,Parque Berrio,Cable,3.9,Miercoles,9,0,0,16.7,0,1,2025-09-03,Nublado
Niquia,Caribe,Taxi,4.7,Domingo,11,1,1,31.4,8712,0,2025-09-21,Soleado
Alpujarra,Universidad,Caminando,9.9,Sabado,17,1,1,39.7,0,0,2025-09-27,Lluvia
Sabaneta,Cisneros,Caminando,10.9,Jueves,18,1,0,62.1,0,0,2025-01-30,Tormenta
San Antonio,Exposiciones,Caminando,5.8,Miercoles,12,1,0,32.2,0,1,2025-02-26,Soleado
Itagui,Hospital,Taxi,8.7,Martes,18,1,0,117.6,12552,1,2025-09-30,Soleado
Cisneros,Prado,Cable,10.9,Lunes,8,1,0,70.4,0,0,2025-04-07,Soleado
Santa Lucia,Sabaneta,Taxi,14.7,Miercoles,14,1,0,134.9,18312,0,2025-10-22,Soleado
Caribe,Madera,Caminando,13.7,Martes,4,0,0,43.3,0,1,2025-06-10,Tormenta
Madera,Hospital,Bus,6.1,Miercoles,10,0,0,12.4,2800,0,2025-02-12,Soleado
Universidad,Bello,Taxi,7.2,Domingo,0,0,1,21.3,9260,0,2025-06-01,Tormenta
Alpujarra,La Estrella,Caminando,5.5,Jueves,21,0,0,18.4,0,0,2025-06-05,Lluvia
San Antonio,Parque Berrio,Metro,9.4,Lunes,23,0,0,8.0,3200,0,2025-10-13,Lluvia
San Antonio,Tricentenario,Metro,14.1,Sabado,9,0,1,12.4,3200,1,2025-08-02,Soleado
Santa Lucia,Estadio,Cable,1.2,Martes,12,1,0,7.5,0,0,2025-11-25,Nublado
Caribe,Santa Lucia,Taxi,6.7,Lunes,23,0,0,29.2,8860,0,2025-03-10,Nublado
San Javier,Madera,Cable,3.4,Miercoles,20,0,0,13.5,0,0,2025-07-02,Tormenta
Tricentenario,Niquia,Caminando,8.0,Jueves,20,0,0,32.0,0,0,2025-04-10,Soleado
Alpujarra,Sabaneta,Bus,7.9,Jueves,21,0,0,15.5,2800,0,2025-03-13,Nublado
Caribe,Tricentenario,Metro,13.8,Viernes,20,0,0,12.9,3200,0,2025-01-24,Nublado
Prado,Cisneros,Bus,3.0,Domingo,14,1,1,5.1,3360,1,2025-10-12,Soleado
San Antonio,Santa Lucia,Caminando,13.8,Martes,0,0,0,58.6,0,0,2025-11-25,Soleado
Parque Berrio,Itagui,Metro,1.2,Domingo,5,0,1,1.0,3200,0,2025-03-30,Lluvia
Poblado,Cisneros,Cable,1.6,Domingo,19,1,1,6.1,0,1,2025-12-21,Lluvia
Industriales,Exposiciones,Taxi,13.6,Martes,1,0,0,65.6,14380,0,2025-04-15,Nublado
Hospital,Envigado,Caminando,11.2,Martes,16,0,0,37.0,0,0,2025-09-09,Nublado
Madera,Hospital,Cable,10.1,Jueves,1,0,0,41.8,0,0,2025-12-04,Soleado
Acevedo,Cisneros,Bus,13.9,Domingo,12,1,1,25.3,3360,0,2025-10-12,Tormenta
Madera,Suramericana,Caminando,8.1,Miercoles,0,0,0,24.4,0,0,2025-11-12,Lluvia
Ayura,Sabaneta,Taxi,14.3,Martes,17,1,0,116.3,17928,0,2025-05-06,Soleado
Prado,Aguacatala,Caminando,5.3,Sabado,11,1,1,16.0,0,0,2025-01-25,Soleado
Floresta,Industriales,Cable,12.5,Lunes,20,0,0,40.2,0,0,2025-04-21,Tormenta
Aguacatala,Niquia,Caminando,12.4,Domingo,16,0,1,30.8,0,0,2025-05-11,Lluvia
Exposiciones,Floresta,Bus,11.8,Viernes,5,0,0,25.0,2800,1,2025-10-31,Nublado
Ayura,Caribe,Caminando,3.2,Miercoles,3,0,0,25.2,0,0,2025-01-01,Tormenta
Envigado,Estadio,Taxi,13.7,Lunes,13,1,0,115.0,17352,0,2025-12-15,Tormenta
Prado,Alpujarra,Caminando,11.3,Miercoles,15,0,0,41.0,0,0,2025-04-23,Nublado
Madera,Prado,Taxi,14.1,Sabado,6,1,1,71.2,17736,0,2025-11-22,Lluvia
Sabaneta,San Javier,Bus,4.8,Lunes,22,0,0,9.2,2800,1,2025-09-15,Soleado
Santa Lucia,La Estrella,Taxi,7.0,Sabado,12,1,1,35.3,10920,0,2025-09-27,Soleado
Suramericana,Sabaneta,Caminando,5.7,Miercoles,13,1,0,26.6,0,0,2025-09-10,Soleado
Estadio,Alpujarra,Cable,7.2,Lunes,3,0,0,26.4,0,0,2025-06-09,Soleado
Itagui,Universidad,Taxi,12.7,Martes,5,0,0,63.4,13660,1,2025-09-16,Lluvia
Itagui,Aguacatala,Bus,2.8,Domingo,8,1,1,4.6,3360,0,2025-03-30,Lluvia
Estadio,San Javier,Caminando,6.7,Jueves,15,0,0,18.4,0,0,2025-03-27,Tormenta
La Estrella,Floresta,Metro,4.8,Miercoles,20,0,0,5.7,3200,0,2025-02-12,Soleado
Madera,Alpujarra,Bus,6.2,Miercoles,23,0,0,12.8,2800,0,2025-08-13,Tormenta
Acevedo,Exposiciones,Taxi,13.3,Miercoles,8,1,0,97.0,16968,0,2025-05-14,Soleado
Sabaneta,Industriales,Cable,9.9,Sabado,23,0,1,20.1,0,0,2025-05-17,Nublado
Exposiciones,Floresta,Taxi,2.5,Domingo,18,1,1,15.0,6600,0,2025-11-16,Lluvia
Industriales,Aguacatala,Bus,3.4,Domingo,11,1,1,5.0,3360,0,2025-09-14,Lluvia
Floresta,Cisneros,Bus,10.4,Lunes,7,1,0,26.7,3360,0,2025-10-13,Soleado
Caribe,Industriales,Bus,14.2,Sabado,8,1,1,24.5,3360,0,2025-08-02,Lluvia
Floresta,Exposiciones,Metro,12.6,Domingo,17,1,1,16.1,3840,0,2025-08-17,Soleado
Sabaneta,Ayura,Metro,6.2,Viernes,15,0,0,5.4,3200,1,2025-08-22,Soleado
Suramericana,Parque Berrio,Caminando,10.4,Miercoles,10,0,0,35.2,0,0,2025-03-26,Nublado
Ayura,Suramericana,Taxi,4.8,Sabado,18,1,1,25.8,8808,0,2025-12-06,Soleado
Aguacatala,Niquia,Taxi,10.1,Lunes,9,0,0,58.3,11580,0,2025-06-16,Tormenta
Envigado,Aguacatala,Cable,12.2,Sabado,10,0,1,25.3,0,1,2025-02-22,Lluvia
Estadio,Sabaneta,Metro,5.2,Domingo,12,1,1,4.7,3840,0,2025-09-07,Tormenta
Acevedo,Bello,Metro,10.0,Miercoles,3,0,0,10.3,3200,0,2025-02-26,Lluvia
Hospital,Santa Lucia,Metro,2.9,Jueves,8,1,0,4.2,3840,0,2025-12-04,Lluvia
Exposiciones,Prado,Metro,10.1,Viernes,10,0,0,11.8,3200,1,2025-04-25,Lluvia
La Estrella,Alpujarra,Cable,3.1,Domingo,19,1,1,13.3,0,0,2025-04-20,Lluvia
Envigado,Niquia,Caminando,12.7,Jueves,15,0,0,41.5,0,0,2025-06-26,Tormenta
Bello,Caribe,Caminando,11.9,Jueves,20,0,0,39.9,0,0,2025-05-15,Lluvia
Poblado,Niquia,Taxi,4.5,Viernes,14,1,0,40.6,8520,0,2025-01-10,Soleado
Prado,Estadio,Cable,11.1,Martes,18,1,0,66.8,0,0,2025-12-09,Soleado
Envigado,Alpujarra,Taxi,8.3,Lunes,10,0,0,37.7,10140,0,2025-10-20,Tormenta
Bello,Tricentenario,Cable,2.4,Martes,6,1,0,10.1,0,0,2025-01-14,Soleado
Estadio,Acevedo,Cable,9.0,Domingo,12,1,1,35.4,0,0,2025-01-19,Tormenta
Santa Lucia,Sabaneta,Bus,10.5,Domingo,10,0,1,12.2,2800,1,2025-09-28,Lluvia
Itagui,Cisneros,Bus,7.2,Domingo,17,1,1,14.3,3360,1,2025-12-07,Tormenta
Aguacatala,Hospital,Taxi,1.6,Jueves,11,1,0,9.9,5736,0,2025-12-11,Nublado
Prado,Suramericana,Metro,12.5,Domingo,7,1,1,15.4,3840,1,2025-04-20,Nublado
Bello,La Estrella,Cable,9.9,Domingo,5,0,1,29.7,0,0,2025-06-08,Nublado
San Antonio,Ayura,Caminando,14.3,Jueves,14,1,0,66.8,0,1,2025-07-31,Soleado
San Javier,Bello,Cable,12.3,Jueves,23,0,0,48.7,0,0,2025-12-11,Nublado
Exposiciones,Niquia,Caminando,14.3,Lunes,10,0,0,54.1,0,0,2025-03-31,Lluvia
Santa Lucia,Suramericana,Metro,7.0,Viernes,16,0,0,7.6,3200,1,2025-03-14,Nublado
Universidad,Cisneros,Bus,5.5,Sabado,8,1,1,8.5,3360,0,2025-02-08,Tormenta
Suramericana,La Estrella,Caminando,12.3,Sabado,4,0,1,35.4,0,0,2025-10-18,Lluvia
Poblado,Prado,Taxi,3.5,Domingo,11,1,1,21.0,7560,1,2025-07-13,Soleado
Acevedo,Envigado,Metro,2.2,Viernes,17,1,0,3.3,3840,0,2025-12-19,Soleado
San Javier,San Antonio,Bus,10.7,Jueves,6,1,0,24.3,3360,0,2025-01-30,Lluvia
Estadio,Acevedo,Caminando,4.6,Sabado,15,0,1,12.2,0,0,2025-05-24,Lluvia
San Javier,Ayura,Bus,4.7,Sabado,7,1,1,6.8,3360,1,2025-04-12,Nublado
Envigado,Universidad,Cable,8.1,Lunes,6,1,0,50.2,0,1,2025-01-06,Tormenta
Bello,Estadio,Caminando,7.1,Lunes,13,1,0,45.6,0,0,2025-01-06,Nublado
Floresta,Sabaneta,Taxi,10.2,Jueves,15,0,0,58.4,11660,0,2025-01-02,Soleado
Aguacatala,Tricentenario,Metro,8.9,Domingo,17,1,1,10.5,3840,0,2025-05-25,Nublado
Bello,Prado,Bus,12.1,Viernes,9,0,0,18.7,2800,1,2025-07-18,Soleado
Exposiciones,Bello,Taxi,6.4,Miercoles,7,1,0,60.3,10344,0,2025-12-17,Tormenta
La Estrella,Niquia,Bus,12.4,Lunes,4,0,0,26.8,2800,0,2025-06-02,Soleado
Acevedo,Itagui,Metro,3.6,Viernes,17,1,0,7.0,3840,0,2025-07-11,Soleado
Poblado,Prado,Bus,1.9,Domingo,10,0,1,2.0,2800,0,2025-03-02,Lluvia
Caribe,Industriales,Metro,6.9,Jueves,5,0,0,8.1,3200,0,2025-03-13,Tormenta
Alpujarra,Cisneros,Taxi,13.1,Domingo,0,0,1,58.0,13980,0,2025-09-21,Lluvia
Envigado,Hospital,Caminando,1.1,Lunes,6,1,0,5.4,0,0,2025-06-02,Soleado
Aguacatala,Parque Berrio,Taxi,11.8,Sabado,12,1,1,71.4,15528,0,2025-05-10,Soleado
Parque Berrio,Bello,Metro,3.7,Miercoles,17,1,0,6.0,3840,0,2025-03-19,Tormenta
Itagui,Sabaneta,Metro,2.4,Miercoles,10,0,0,3.0,3200,0,2025-04-23,Soleado
Universidad,Bello,Taxi,13.7,Miercoles,16,0,0,85.4,14460,1,2025-07-30,Tormenta
Niquia,Alpujarra,Metro,11.7,Domingo,8,1,1,13.7,3840,1,2025-07-20,Tormenta
Exposiciones,Itagui,Taxi,11.7,Sabado,17,1,1,61.5,15432,0,2025-03-01,Soleado
Niquia,Industriales,Taxi,14.2,Viernes,9,0,0,80.1,14860,0,2025-04-25,Tormenta
San Javier,La Estrella,Bus,11.6,Lunes,20,0,0,15.9,2800,1,2025-02-10,Tormenta
Floresta,Estadio,Cable,14.9,Viernes,15,0,0,48.2,0,0,2025-06-20,Lluvia
Envigado,Bello,Caminando,11.2,Jueves,22,0,0,33.9,0,1,2025-06-05,Lluvia
Exposiciones,Niquia,Taxi,1.7,Jueves,5,0,0,9.3,4860,0,2025-05-29,Lluvia
Cisneros,Itagui,Taxi,2.5,Martes,13,1,0,15.5,6600,0,2025-09-02,Tormenta
Parque Berrio,Aguacatala,Taxi,6.9,Jueves,21,0,0,35.6,9020,0,2025-05-29,Nublado
Caribe,Industriales,Caminando,4.8,Viernes,9,0,0,35.3,0,1,2025-04-18,Lluvia
San Javier,Exposiciones,Caminando,1.2,Sabado,23,0,1,2.8,0,0,2025-06-28,Nublado
La Estrella,Floresta,Cable,14.0,Martes,6,1,0,83.4,0,0,2025-02-04,Tormenta
Poblado,Aguacatala,Cable,1.6,Domingo,11,1,1,6.3,0,0,2025-11-02,Tormenta
Tricentenario,Industriales,Bus,13.3,Viernes,14,1,0,40.0,3360,1,2025-09-12,Soleado
Bello,Aguacatala,Bus,8.8,Jueves,3,0,0,14.8,2800,0,2025-07-03,Tormenta
Envigado,San Javier,Bus,4.2,Miercoles,6,1,0,12.0,3360,1,2025-05-28,Nublado
Universidad,La Estrella,Caminando,6.3,Lunes,8,1,0,37.6,0,0,2025-04-28,Tormenta
Itagui,Prado,Bus,9.6,Lunes,0,0,0,18.0,2800,0,2025-12-15,Tormenta
San Antonio,Suramericana,Bus,2.9,Lunes,9,0,0,4.7,2800,0,2025-11-03,Soleado
Suramericana,Exposiciones,Taxi,5.0,Sabado,16,0,1,18.2,7500,1,2025-05-10,Soleado
Itagui,San Javier,Caminando,6.1,Lunes,8,1,0,39.1,0,0,2025-01-06,Soleado
San Antonio,Hospital,Cable,6.1,Miercoles,9,0,0,24.4,0,0,2025-07-30,Tormenta
Envigado,Ayura,Cable,10.5,Lunes,12,1,0,43.1,0,0,2025-10-06,Nublado
Acevedo,Prado,Metro,9.7,Jueves,1,0,0,11.2,3200,0,2025-09-04,Tormenta
Universidad,Sabaneta,Caminando,8.9,Viernes,4,0,0,35.3,0,0,2025-12-05,Tormenta
Universidad,Cisneros,Metro,8.9,Viernes,5,0,0,10.7,3200,0,2025-05-09,Tormenta
San Javier,Itagui,Cable,7.0,Domingo,9,0,1,15.0,0,0,2025-06-08,Soleado
Aguacatala,Niquia,Metro,3.5,Domingo,2,0,1,2.6,3200,1,2025-06-15,Soleado
Tricentenario,Santa Lucia,Bus,2.2,Sabado,20,0,1,3.2,2800,0,2025-12-27,Lluvia
Madera,Industriales,Taxi,10.2,Lunes,15,0,0,58.6,11660,0,2025-09-29,Tormenta
Industriales,Tricentenario,Cable,11.9,Viernes,20,0,0,38.8,0,0,2025-06-13,Tormenta
Prado,Parque Berrio,Bus,1.8,Lunes,7,1,0,4.8,3360,1,2025-01-27,Nublado
Universidad,Niquia,Caminando,3.0,Jueves,16,0,0,9.2,0,0,2025-07-10,Soleado
Industriales,Bello,Metro,14.7,Martes,10,0,0,12.9,3200,0,2025-05-13,Lluvia
Floresta,San Javier,Caminando,9.7,Miercoles,16,0,0,33.3,0,1,2025-06-25,Soleado
Itagui,Industriales,Cable,1.4,Sabado,15,0,1,2.8,0,1,2025-11-08,Soleado
Envigado,Tricentenario,Caminando,4.2,Lunes,4,0,0,12.2,0,0,2025-06-30,Lluvia
Itagui,San Javier,Bus,8.1,Martes,18,1,0,22.2,3360,0,2025-09-02,Lluvia
San Antonio,Cisneros,Metro,12.2,Domingo,13,1,1,14.4,3840,0,2025-02-09,Soleado
Suramericana,Poblado,Taxi,14.9,Domingo,9,0,1,66.8,15420,1,2025-08-24,Tormenta
Cisneros,Hospital,Caminando,2.8,Miercoles,5,0,0,10.3,0,0,2025-07-30,Soleado
Caribe,San Antonio,Caminando,4.3,Viernes,23,0,0,18.1,0,0,2025-08-29,Tormenta
Caribe,Suramericana,Taxi,3.8,Lunes,6,1,0,35.4,7848,0,2025-06-02,Tormenta
Ayura,Aguacatala,Bus,7.7,Jueves,12,1,0,18.6,3360,0,2025-11-06,Lluvia
Hospital,Envigado,Metro,11.7,Sabado,19,1,1,11.2,3840,0,2025-03-22,Lluvia
Tricentenario,San Antonio,Cable,9.8,Sabado,13,1,1,39.8,0,1,2025-10-25,Soleado
Industriales,Floresta,Taxi,6.8,Viernes,7,1,0,48.1,10728,0,2025-09-05,Nublado
Tricentenario,Exposiciones,Taxi,4.1,Sabado,4,0,1,17.1,6780,0,2025-11-01,Soleado
Santa Lucia,Prado,Metro,3.1,Viernes,21,0,0,2.9,3200,1,2025-02-21,Tormenta
Caribe,Universidad,Cable,7.9,Lunes,2,0,0,32.5,0,0,2025-06-09,Soleado
Niquia,San Javier,Metro,13.9,Jueves,8,1,0,25.0,3840,0,2025-09-25,Lluvia
Poblado,Cisneros,Taxi,12.7,Martes,5,0,0,81.4,13660,0,2025-03-25,Tormenta
San Javier,Industriales,Cable,4.5,Martes,2,0,0,16.5,0,1,2025-09-02,Nublado
Floresta,Parque Berrio,Cable,1.1,Jueves,12,1,0,6.4,0,0,2025-05-01,Soleado
Santa Lucia,La Estrella,Metro,6.7,Domingo,9,0,1,5.8,3200,0,2025-08-10,Tormenta
Ayura,Aguacatala,Bus,4.6,Domingo,10,0,1,6.8,2800,1,2025-12-28,Nublado
Acevedo,Industriales,Caminando,11.1,Miercoles,19,1,0,65.2,0,0,2025-09-10,Lluvia
Suramericana,Prado,Caminando,5.3,Sabado,19,1,1,17.0,0,0,2025-04-26,Lluvia
San Antonio,Universidad,Caminando,3.4,Viernes,22,0,0,11.7,0,0,2025-04-04,Nublado
Hospital,Cisneros,Caminando,1.3,Jueves,7,1,0,6.8,0,1,2025-02-20,Nublado
Bello,Universidad,Bus,12.8,Martes,9,0,0,18.7,2800,0,2025-08-05,Soleado
La Estrella,Itagui,Caminando,3.2,Viernes,6,1,0,14.7,0,0,2025-07-11,Soleado
Exposiciones,Bello,Bus,2.3,Jueves,4,0,0,3.1,2800,0,2025-05-08,Lluvia
San Antonio,Itagui,Cable,9.9,Martes,18,1,0,56.9,0,1,2025-01-28,Lluvia
San Antonio,Industriales,Taxi,6.2,Jueves,2,0,0,30.6,8460,0,2025-02-06,Soleado
Aguacatala,Suramericana,Caminando,12.8,Sabado,18,1,1,54.3,0,0,2025-02-08,Soleado
Alpujarra,Floresta,Bus,14.0,Viernes,9,0,0,30.0,2800,0,2025-12-19,Soleado
San Antonio,Floresta,Cable,14.3,Martes,11,1,0,89.2,0,0,2025-06-10,Nublado
Ayura,San Javier,Bus,1.2,Viernes,13,1,0,3.6,3360,0,2025-05-23,Soleado
San Javier,Santa Lucia,Caminando,4.3,Miercoles,11,1,0,18.6,0,1,2025-12-03,Tormenta
Madera,Alpujarra,Metro,5.4,Jueves,4,0,0,5.8,3200,0,2025-05-29,Tormenta
Sabaneta,Poblado,Cable,10.6,Domingo,9,0,1,28.4,0,0,2025-02-09,Soleado
Floresta,Suramericana,Caminando,2.1,Lunes,3,0,0,6.6,0,0,2025-01-20,Soleado
Floresta,Universidad,Caminando,8.5,Martes,15,0,0,25.6,0,0,2025-03-18,Tormenta
San Javier,Acevedo,Cable,6.7,Lunes,17,1,0,35.3,0,0,2025-05-05,Soleado
Ayura,Santa Lucia,Taxi,14.9,Lunes,19,1,0,124.5,18504,0,2025-08-04,Tormenta
Estadio,Envigado,Caminando,3.5,Lunes,12,1,0,14.3,0,1,2025-03-24,Tormenta
Caribe,Niquia,Caminando,7.3,Jueves,21,0,0,27.2,0,0,2025-02-27,Lluvia
Niquia,Aguacatala,Caminando,14.4,Viernes,23,0,0,43.7,0,0,2025-04-25,Lluvia
Acevedo,San Javier,Taxi,6.8,Viernes,9,0,0,42.4,8940,0,2025-06-27,Soleado
Industriales,Exposiciones,Caminando,7.3,Domingo,23,0,1,14.2,0,0,2025-09-21,Soleado
Madera,Poblado,Taxi,5.9,Martes,13,1,0,48.8,9864,0,2025-07-01,Lluvia
Hospital,Suramericana,Metro,3.9,Lunes,1,0,0,7.6,3200,0,2025-09-15,Lluvia
Industriales,San Antonio,Bus,7.7,Sabado,15,0,1,8.3,2800,1,2025-05-03,Tormenta
Santa Lucia,Envigado,Cable,12.8,Martes,18,1,0,54.6,0,0,2025-02-25,Nublado
Niquia,Tricentenario,Bus,2.9,Jueves,21,0,0,4.8,2800,0,2025-05-15,Soleado
San Javier,Bello,Taxi,8.1,Domingo,18,1,1,102.9,11976,0,2025-06-01,Nublado
Itagui,Aguacatala,Cable,8.3,Jueves,14,1,0,43.1,0,1,2025-11-20,Nublado
Niquia,Hospital,Taxi,11.8,Jueves,16,0,0,77.3,12940,1,2025-05-08,Nublado
Sabaneta,Parque Berrio,Caminando,10.7,Sabado,0,0,1,28.9,0,0,2025-04-26,Tormenta
San Antonio,Prado,Cable,10.7,Viernes,4,0,0,34.9,0,0,2025-07-18,Nublado
Tricentenario,Alpujarra,Bus,1.8,Miercoles,10,0,0,2.6,2800,1,2025-08-20,Lluvia
Bello,Exposiciones,Cable,3.6,Jueves,14,1,0,15.1,0,0,2025-08-28,Soleado
Cisneros,Prado,Metro,11.8,Lunes,20,0,0,12.4,3200,0,2025-09-22,Tormenta
Exposiciones,Poblado,Metro,12.9,Martes,17,1,0,17.6,3840,0,2025-12-30,Lluvia
Estadio,Prado,Cable,9.2,Sabado,19,1,1,31.9,0,1,2025-11-22,Nublado
Aguacatala,Exposiciones,Caminando,5.2,Domingo,17,1,1,16.0,0,0,2025-06-15,Lluvia
Santa Lucia,Envigado,Bus,3.7,Viernes,17,1,0,7.7,3360,1,2025-05-09,Soleado
Parque Berrio,Exposiciones,Metro,13.8,Sabado,2,0,1,7.9,3200,0,2025-04-26,Soleado
Prado,Cisneros,Metro,1.1,Jueves,7,1,0,1.4,3840,0,2025-11-06,Soleado
Ayura,Sabaneta,Metro,11.3,Sabado,18,1,1,14.5,3840,0,2025-02-22,Nublado
Parque Berrio,Estadio,Cable,5.1,Martes,17,1,0,32.8,0,1,2025-07-29,Soleado
Universidad,Suramericana,Metro,14.2,Lunes,3,0,0,18.5,3200,1,2025-09-22,Soleado
San Antonio,Madera,Bus,7.2,Sabado,10,0,1,16.6,2800,1,2025-03-22,Lluvia
Industriales,Niquia,Caminando,7.3,Miercoles,1,0,0,23.1,0,0,2025-05-21,Nublado
Madera,Niquia,Bus,11.7,Domingo,8,1,1,20.4,3360,1,2025-02-23,Nublado
Poblado,San Antonio,Cable,7.4,Martes,8,1,0,34.6,0,0,2025-11-04,Tormenta
Prado,Parque Berrio,Caminando,1.1,Martes,18,1,0,7.0,0,1,2025-11-18,Nublado
Exposiciones,Estadio,Caminando,12.4,Miercoles,2,0,0,41.4,0,1,2025-05-28,Tormenta
Niquia,Prado,Bus,4.3,Jueves,14,1,0,9.0,3360,1,2025-08-07,Tormenta
Exposiciones,Hospital,Metro,1.4,Miercoles,1,0,0,1.5,3200,0,2025-12-17,Tormenta
Suramericana,Acevedo,Bus,1.5,Sabado,7,1,1,5.9,3360,1,2025-06-14,Tormenta
Poblado,La Estrella,Taxi,8.1,Miercoles,12,1,0,64.3,11976,0,2025-10-15,Nublado
Exposiciones,Cisneros,Metro,12.2,Lunes,1,0,0,9.8,3200,0,2025-01-13,Nublado
La Estrella,Aguacatala,Taxi,12.3,Martes,9,0,0,74.3,13340,0,2025-10-21,Soleado
Acevedo,Madera,Cable,12.7,Lunes,18,1,0,82.3,0,1,2025-02-24,Soleado
Prado,San Antonio,Taxi,12.9,Viernes,11,1,0,97.9,16584,1,2025-02-14,Lluvia
San Javier,Itagui,Cable,14.2,Viernes,10,0,0,43.3,0,0,2025-12-26,Soleado
Cisneros,Universidad,Bus,13.3,Viernes,7,1,0,39.2,3360,0,2025-07-04,Nublado
Exposiciones,San Javier,Cable,11.0,Sabado,6,1,1,49.2,0,0,2025-06-28,Tormenta
Hospital,Acevedo,Cable,11.7,Lunes,18,1,0,67.1,0,0,2025-04-21,Nublado
Universidad,Cisneros,Caminando,13.0,Sabado,16,0,1,39.0,0,0,2025-06-28,Tormenta
San Javier,Cisneros,Cable,4.7,Sabado,14,1,1,13.8,0,1,2025-10-11,Nublado
Suramericana,Acevedo,Cable,14.1,Sabado,12,1,1,50.1,0,0,2025-11-08,Soleado
Aguacatala,Hospital,Taxi,2.7,Lunes,19,1,0,23.5,6792,0,2025-08-25,Tormenta
Santa Lucia,Cisneros,Caminando,14.1,Lunes,19,1,0,69.5,0,0,2025-10-13,Nublado
Cisneros,Itagui,Caminando,1.2,Lunes,19,1,0,7.6,0,0,2025-12-22,Lluvia
Alpujarra,Ayura,Metro,4.5,Martes,19,1,0,5.8,3840,0,2025-04-29,Tormenta
Exposiciones,Estadio,Caminando,2.8,Miercoles,11,1,0,17.0,0,0,2025-03-19,Nublado
Exposiciones,Bello,Metro,12.0,Sabado,21,0,1,10.1,3200,0,2025-01-25,Soleado
Madera,Alpujarra,Cable,12.8,Viernes,13,1,0,65.9,0,0,2025-02-07,Soleado
Tricentenario,Madera,Bus,10.2,Miercoles,1,0,0,15.2,2800,0,2025-01-01,Tormenta
Cisneros,Itagui,Caminando,7.7,Lunes,21,0,0,23.1,0,1,2025-01-27,Lluvia
San Javier,Prado,Caminando,14.3,Miercoles,15,0,0,44.0,0,0,2025-03-05,Lluvia
San Antonio,Estadio,Cable,2.8,Miercoles,19,1,0,11.7,0,0,2025-02-05,Nublado
Niquia,Poblado,Bus,12.5,Martes,16,0,0,17.9,2800,0,2025-02-11,Nublado
Cisneros,Niquia,Bus,11.7,Martes,13,1,0,33.5,3360,1,2025-04-08,Nublado
San Antonio,San Javier,Caminando,12.9,Jueves,2,0,0,76.3,0,1,2025-10-30,Soleado
Santa Lucia,Itagui,Bus,3.0,Jueves,5,0,0,6.2,2800,0,2025-12-04,Tormenta
Suramericana,Poblado,Metro,7.5,Lunes,12,1,0,10.5,3840,0,2025-03-31,Nublado
Caribe,Alpujarra,Bus,4.6,Martes,13,1,0,13.1,3360,0,2025-11-11,Tormenta
Estadio,Santa Lucia,Caminando,13.2,Lunes,16,0,0,54.6,0,0,2025-08-11,Nublado
Hospital,Bello,Cable,5.5,Lunes,0,0,0,19.2,0,0,2025-05-12,Lluvia
Sabaneta,Santa Lucia,Metro,11.9,Lunes,12,1,0,19.0,3840,1,2025-11-24,Lluvia
Itagui,Acevedo,Bus,14.4,Jueves,22,0,0,30.6,2800,1,2025-01-09,Nublado
Floresta,Exposiciones,Cable,3.7,Domingo,6,1,1,13.7,0,0,2025-01-12,Nublado
Sabaneta,San Antonio,Taxi,7.6,Miercoles,19,1,0,52.1,11496,0,2025-12-03,Nublado
Sabaneta,Alpujarra,Cable,1.9,Viernes,10,0,0,8.1,0,1,2025-10-24,Tormenta
Prado,Santa Lucia,Metro,10.5,Viernes,2,0,0,13.6,3200,0,2025-02-07,Nublado
Santa Lucia,Ayura,Cable,14.4,Lunes,11,1,0,74.3,0,1,2025-03-17,Lluvia
Envigado,Parque Berrio,Bus,12.2,Miercoles,6,1,0,32.7,3360,0,2025-04-16,Soleado
Floresta,Ayura,Bus,14.9,Jueves,5,0,0,26.8,2800,1,2025-10-23,Nublado
Suramericana,Acevedo,Metro,2.2,Sabado,21,0,1,1.7,3200,0,2025-08-30,Lluvia
Estadio,Parque Berrio,Caminando,1.0,Sabado,4,0,1,2.0,0,0,2025-06-28,Soleado
Envigado,Parque Berrio,Bus,12.6,Lunes,15,0,0,17.5,2800,1,2025-10-06,Tormenta
Estadio,Universidad,Cable,9.7,Martes,2,0,0,37.7,0,1,2025-06-17,Soleado
Niquia,Exposiciones,Metro,9.7,Viernes,16,0,0,11.1,3200,0,2025-01-17,Nublado
Industriales,Caribe,Bus,3.9,Sabado,1,0,1,3.7,2800,1,2025-12-20,Lluvia
Bello,Caribe,Caminando,10.4,Martes,0,0,0,39.6,0,0,2025-04-29,Nublado
Poblado,San Antonio,Bus,11.7,Miercoles,3,0,0,17.0,2800,1,2025-10-22,Soleado
Industriales,Floresta,Cable,12.8,Jueves,3,0,0,50.9,0,0,2025-04-24,Tormenta
Floresta,San Javier,Taxi,13.0,Domingo,7,1,1,63.3,16680,1,2025-01-05,Soleado
Exposiciones,Acevedo,Cable,1.1,Domingo,8,1,1,4.4,0,0,2025-07-20,Lluvia
Envigado,Niquia,Metro,7.9,Miercoles,23,0,0,7.5,3200,0,2025-06-18,Nublado
Ayura,Niquia,Caminando,2.7,Sabado,9,0,1,5.1,0,0,2025-03-08,Tormenta
Sabaneta,Itagui,Cable,2.7,Jueves,23,0,0,11.0,0,0,2025-02-20,Nublado
Santa Lucia,Caribe,Bus,5.5,Viernes,17,1,0,16.8,3360,0,2025-12-05,Tormenta
La Estrella,Parque Berrio,Bus,14.4,Domingo,8,1,1,30.9,3360,0,2025-06-29,Nublado
San Antonio,Estadio,Bus,11.8,Domingo,11,1,1,17.4,3360,0,2025-11-02,Lluvia
San Antonio,Envigado,Cable,10.9,Jueves,14,1,0,58.6,0,1,2025-04-03,Soleado
Poblado,Prado,Caminando,1.3,Martes,0,0,0,5.4,0,0,2025-10-28,Soleado
Santa Lucia,Suramericana,Caminando,1.9,Sabado,3,0,1,5.5,0,0,2025-08-30,Nublado
Caribe,La Estrella,Bus,14.4,Martes,22,0,0,28.4,2800,0,2025-07-08,Nublado
Bello,Alpujarra,Taxi,5.5,Jueves,13,1,0,43.2,9480,0,2025-10-16,Soleado
San Javier,Universidad,Cable,1.3,Viernes,17,1,0,6.2,0,0,2025-10-31,Nublado
Poblado,Prado,Taxi,15.0,Martes,3,0,0,60.0,15500,0,2025-12-16,Lluvia
Ayura,Sabaneta,Cable,10.2,Lunes,3,0,0,43.6,0,0,2025-01-20,Nublado
Exposiciones,Floresta,Caminando,1.1,Sabado,12,1,1,4.1,0,0,2025-11-01,Soleado
Tricentenario,Santa Lucia,Caminando,1.1,Sabado,18,1,1,5.0,0,0,2025-11-22,Soleado
Floresta,Acevedo,Bus,9.1,Lunes,19,1,0,28.0,3360,0,2025-10-20,Lluvia
Santa Lucia,Exposiciones,Metro,11.5,Miercoles,6,1,0,21.4,3840,0,2025-04-23,Nublado
Ayura,Alpujarra,Caminando,8.2,Martes,16,0,0,23.3,0,1,2025-11-11,Nublado
Itagui,Poblado,Cable,11.0,Martes,7,1,0,103.3,0,1,2025-12-23,Lluvia
Sabaneta,Itagui,Caminando,5.4,Lunes,9,0,0,20.6,0,1,2025-12-01,Lluvia
Prado,Acevedo,Metro,11.4,Miercoles,12,1,0,14.8,3840,0,2025-08-20,Lluvia
La Estrella,Hospital,Taxi,10.7,Miercoles,11,1,0,65.4,14472,1,2025-08-20,Lluvia
Itagui,San Javier,Caminando,14.4,Viernes,19,1,0,80.5,0,0,2025-04-18,Tormenta
Suramericana,Sabaneta,Caminando,7.3,Viernes,11,1,0,43.0,0,0,2025-08-08,Tormenta
San Javier,Cisneros,Caminando,8.4,Jueves,12,1,0,54.5,0,0,2025-02-06,Soleado
Aguacatala,Floresta,Bus,12.3,Jueves,14,1,0,37.5,3360,0,2025-01-30,Nublado
San Antonio,Santa Lucia,Metro,7.9,Martes,20,0,0,8.4,3200,1,2025-11-25,Nublado
Universidad,Floresta,Caminando,4.3,Sabado,9,0,1,9.0,0,0,2025-06-14,Nublado
Envigado,San Antonio,Metro,11.7,Domingo,7,1,1,15.7,3840,0,2025-04-06,Tormenta
San Antonio,Universidad,Bus,10.7,Sabado,7,1,1,21.6,3360,1,2025-08-23,Tormenta
Tricentenario,Parque Berrio,Caminando,3.0,Sabado,1,0,1,6.0,0,0,2025-12-20,Lluvia
Industriales,Cisneros,Caminando,10.9,Miercoles,1,0,0,34.8,0,0,2025-06-18,Soleado
Tricentenario,Bello,Metro,4.5,Miercoles,3,0,0,4.0,3200,1,2025-07-30,Lluvia
Itagui,Prado,Cable,2.5,Domingo,3,0,1,6.3,0,0,2025-07-20,Nublado
Aguacatala,Santa Lucia,Metro,7.1,Domingo,10,0,1,5.0,3200,1,2025-08-03,Nublado
Envigado,San Javier,Bus,6.1,Martes,22,0,0,9.6,2800,0,2025-12-02,Nublado
San Javier,Niquia,Taxi,12.4,Miercoles,11,1,0,90.2,16104,1,2025-07-09,Tormenta
Universidad,Floresta,Taxi,8.0,Viernes,0,0,0,47.4,9900,0,2025-08-08,Nublado
Hospital,San Javier,Bus,9.1,Domingo,13,1,1,17.5,3360,0,2025-09-07,Soleado
Niquia,Envigado,Bus,6.6,Lunes,23,0,0,10.9,2800,0,2025-12-22,Nublado
Industriales,Sabaneta,Metro,3.1,Sabado,21,0,1,2.3,3200,0,2025-04-05,Soleado
Exposiciones,Acevedo,Cable,10.0,Viernes,1,0,0,93.1,0,0,2025-11-07,Soleado
Caribe,Bello,Metro,4.5,Jueves,18,1,0,7.5,3840,0,2025-04-17,Nublado
Acevedo,Industriales,Bus,10.6,Viernes,17,1,0,31.2,3360,0,2025-02-07,Soleado
Floresta,Sabaneta,Bus,2.6,Jueves,12,1,0,8.0,3360,0,2025-10-23,Nublado
Caribe,Poblado,Metro,13.4,Miercoles,17,1,0,21.2,3840,0,2025-01-29,Lluvia
Caribe,Aguacatala,Metro,7.9,Miercoles,9,0,0,8.5,3200,0,2025-06-11,Nublado
Bello,Industriales,Bus,14.4,Miercoles,5,0,0,31.0,2800,0,2025-03-19,Soleado
Parque Berrio,Prado,Cable,8.0,Sabado,13,1,1,26.9,0,1,2025-12-27,Tormenta
Niquia,Sabaneta,Cable,13.4,Domingo,0,0,1,39.9,0,0,2025-12-21,Lluvia
Cisneros,San Antonio,Bus,7.3,Sabado,14,1,1,13.2,3360,0,2025-07-05,Lluvia
Niquia,Aguacatala,Metro,6.8,Martes,22,0,0,7.1,3200,0,2025-12-23,Tormenta
Madera,Caribe,Caminando,14.3,Domingo,16,0,1,29.2,0,0,2025-09-21,Soleado
Suramericana,Sabaneta,Bus,10.6,Sabado,4,0,1,10.3,2800,0,2025-09-20,Soleado
Poblado,Niquia,Metro,2.0,Martes,6,1,0,3.2,3840,0,2025-06-24,Tormenta
Envigado,Ayura,Metro,6.3,Lunes,2,0,0,8.2,3200,0,2025-04-14,Lluvia
La Estrella,Madera,Bus,13.6,Miercoles,18,1,0,42.2,3360,0,2025-08-27,Nublado
Envigado,Santa Lucia,Taxi,2.2,Viernes,11,1,0,34.2,6312,1,2025-05-02,Lluvia
Envigado,Niquia,Caminando,7.6,Jueves,0,0,0,29.0,0,0,2025-08-14,Tormenta
Acevedo,Exposiciones,Bus,10.1,Martes,15,0,0,19.6,2800,0,2025-01-21,Soleado
Parque Berrio,Hospital,Bus,11.2,Miercoles,17,1,0,30.8,3360,1,2025-08-06,Lluvia
Industriales,Madera,Metro,1.5,Martes,2,0,0,1.8,3200,1,2025-06-17,Tormenta
Bello,Tricentenario,Cable,1.4,Domingo,23,0,1,2.9,0,1,2025-10-12,Lluvia
Itagui,Aguacatala,Bus,10.8,Jueves,20,0,0,30.2,2800,0,2025-12-18,Tormenta
Alpujarra,La Estrella,Caminando,10.4,Domingo,8,1,1,41.0,0,0,2025-08-31,Nublado
Sabaneta,Industriales,Taxi,11.5,Sabado,23,0,1,37.3,12700,0,2025-11-01,Tormenta
San Javier,Santa Lucia,Caminando,1.8,Martes,21,0,0,5.1,0,0,2025-05-13,Nublado
Poblado,Parque Berrio,Metro,13.6,Lunes,11,1,0,26.5,3840,0,2025-12-15,Nublado
Poblado,Cisneros,Cable,6.3,Martes,23,0,0,18.0,0,0,2025-07-22,Soleado
Cisneros,Ayura,Taxi,12.3,Miercoles,15,0,0,63.3,13340,1,2025-06-25,Lluvia
Ayura,Parque Berrio,Caminando,4.9,Domingo,16,0,1,19.5,0,0,2025-07-20,Lluvia
Ayura,Exposiciones,Bus,10.4,Lunes,23,0,0,17.7,2800,1,2025-05-26,Tormenta
Universidad,Caribe,Taxi,3.0,Viernes,7,1,0,23.0,7080,1,2025-07-11,Soleado
Madera,Floresta,Metro,12.2,Jueves,16,0,0,15.0,3200,1,2025-12-25,Tormenta
Ayura,La Estrella,Caminando,9.4,Martes,23,0,0,37.9,0,0,2025-12-09,Tormenta
Acevedo,Envigado,Bus,11.1,Lunes,21,0,0,16.6,2800,0,2025-01-27,Soleado
Estadio,Bello,Bus,4.7,Lunes,21,0,0,7.6,2800,0,2025-03-17,Nublado
Niquia,Alpujarra,Taxi,12.5,Domingo,17,1,1,69.5,16200,0,2025-06-01,Soleado
Santa Lucia,Sabaneta,Bus,14.6,Domingo,9,0,1,15.8,2800,1,2025-02-02,Lluvia
Exposiciones,Niquia,Taxi,14.1,Lunes,18,1,0,135.3,17736,0,2025-03-31,Lluvia
San Javier,Aguacatala,Bus,2.1,Martes,8,1,0,4.7,3360,1,2025-02-11,Lluvia
Alpujarra,Cisneros,Bus,7.2,Sabado,5,0,1,10.7,2800,0,2025-11-15,Tormenta
Itagui,Envigado,Caminando,5.1,Lunes,15,0,0,16.4,0,0,2025-08-25,Lluvia
Madera,Prado,Taxi,11.1,Viernes,3,0,0,60.5,12380,1,2025-01-03,Soleado
Santa Lucia,San Antonio,Caminando,5.7,Lunes,5,0,0,24.6,0,0,2025-08-11,Lluvia
Exposiciones,Hospital,Caminando,3.1,Miercoles,0,0,0,9.7,0,1,2025-11-05,Lluvia
Aguacatala,La Estrella,Bus,6.7,Martes,23,0,0,14.1,2800,0,2025-08-05,Tormenta
Tricentenario,Floresta,Bus,14.5,Viernes,7,1,0,83.9,3360,0,2025-12-26,Soleado
San Antonio,Hospital,Metro,10.9,Domingo,1,0,1,7.8,3200,1,2025-07-13,Soleado
Universidad,Aguacatala,Bus,1.9,Domingo,22,0,1,2.2,2800,1,2025-11-30,Tormenta
Alpujarra,Poblado,Bus,9.8,Domingo,3,0,1,10.3,2800,0,2025-02-02,Nublado
Envigado,Aguacatala,Caminando,2.1,Sabado,12,1,1,8.4,0,0,2025-01-25,Lluvia
Ayura,Exposiciones,Cable,5.6,Martes,11,1,0,34.1,0,0,2025-04-29,Nublado
La Estrella,Envigado,Caminando,2.1,Martes,10,0,0,6.2,0,0,2025-04-01,Tormenta
Industriales,Sabaneta,Metro,6.5,Miercoles,19,1,0,12.3,3840,0,2025-06-11,Nublado
Envigado,Ayura,Bus,7.3,Domingo,17,1,1,10.4,3360,1,2025-12-21,Nublado
Cisneros,San Javier,Bus,2.3,Miercoles,17,1,0,6.7,3360,1,2025-11-12,Nublado
Niquia,Hospital,Cable,14.7,Martes,16,0,0,42.3,0,0,2025-07-15,Tormenta
Envigado,Exposiciones,Bus,3.6,Jueves,17,1,0,7.8,3360,0,2025-08-07,Soleado
Floresta,Hospital,Bus,7.3,Sabado,16,0,1,7.8,2800,0,2025-01-04,Soleado
Industriales,Caribe,Caminando,9.9,Domingo,7,1,1,33.7,0,0,2025-04-27,Lluvia
Aguacatala,Hospital,Taxi,14.4,Miercoles,5,0,0,62.2,15020,0,2025-08-06,Tormenta
La Estrella,Floresta,Metro,4.0,Miercoles,8,1,0,6.4,3840,0,2025-01-29,Soleado
Tricentenario,Suramericana,Cable,3.4,Miercoles,23,0,0,11.0,0,0,2025-04-23,Soleado
Parque Berrio,Floresta,Bus,5.6,Domingo,1,0,1,6.3,2800,0,2025-05-11,Nublado
Itagui,Cisneros,Cable,5.1,Sabado,20,0,1,10.1,0,0,2025-08-23,Soleado
Alpujarra,Cisneros,Caminando,6.6,Lunes,20,0,0,24.7,0,0,2025-08-04,Lluvia
Exposiciones,La Estrella,Metro,11.4,Lunes,8,1,0,17.4,3840,1,2025-06-02,Nublado
Sabaneta,Madera,Bus,5.9,Lunes,17,1,0,15.2,3360,1,2025-05-26,Tormenta
Caribe,Prado,Caminando,14.4,Jueves,10,0,0,92.8,0,0,2025-05-15,Lluvia
Universidad,Bello,Metro,4.2,Viernes,22,0,0,5.4,3200,1,2025-03-07,Soleado
Hospital,Estadio,Caminando,3.0,Sabado,2,0,1,6.4,0,0,2025-09-13,Soleado
San Antonio,Itagui,Metro,14.3,Lunes,17,1,0,21.1,3840,0,2025-01-20,Nublado
San Antonio,Industriales,Cable,7.9,Sabado,4,0,1,19.5,0,0,2025-01-11,Tormenta
Alpujarra,La Estrella,Cable,7.5,Jueves,19,1,0,47.2,0,1,2025-12-04,Tormenta
San Antonio,Sabaneta,Taxi,14.7,Lunes,18,1,0,89.6,18312,0,2025-11-10,Nublado
Santa Lucia,La Estrella,Cable,7.2,Lunes,18,1,0,34.2,0,0,2025-03-10,Lluvia
Madera,Itagui,Bus,10.7,Domingo,11,1,1,16.2,3360,0,2025-11-16,Nublado
Suramericana,Bello,Cable,11.8,Martes,16,0,0,32.9,0,1,2025-12-09,Soleado
Sabaneta,San Javier,Bus,7.9,Lunes,9,0,0,15.2,2800,1,2025-02-17,Nublado
Bello,Cisneros,Bus,11.7,Domingo,20,0,1,16.9,2800,1,2025-08-31,Nublado
Parque Berrio,Bello,Bus,3.4,Sabado,21,0,1,5.0,2800,0,2025-07-05,Lluvia
Parque Berrio,Niquia,Bus,4.3,Domingo,6,1,1,8.4,3360,1,2025-10-26,Lluvia
Madera,Universidad,Metro,11.1,Viernes,1,0,0,12.5,3200,0,2025-10-10,Soleado
Santa Lucia,Niquia,Taxi,2.2,Martes,19,1,0,19.8,6312,0,2025-09-02,Lluvia
Parque Berrio,Poblado,Metro,14.4,Viernes,17,1,0,25.7,3840,0,2025-02-14,Nublado
Prado,Cisneros,Caminando,2.0,Martes,11,1,0,9.1,0,0,2025-12-30,Nublado
Poblado,Industriales,Caminando,7.9,Viernes,2,0,0,24.9,0,0,2025-08-01,Nublado
Niquia,Suramericana,Bus,8.0,Viernes,2,0,0,31.0,2800,0,2025-11-14,Soleado
Caribe,La Estrella,Caminando,9.1,Miercoles,1,0,0,34.5,0,0,2025-11-05,Nublado
Acevedo,Sabaneta,Metro,8.2,Sabado,18,1,1,7.2,3840,0,2025-12-13,Nublado
Acevedo,Aguacatala,Bus,7.8,Miercoles,13,1,0,25.3,3360,0,2025-04-30,Soleado
Aguacatala,Madera,Metro,9.7,Martes,6,1,0,18.1,3840,0,2025-12-02,Soleado
San Antonio,Niquia,Metro,11.9,Sabado,23,0,1,6.8,3200,1,2025-05-03,Lluvia
Itagui,Alpujarra,Cable,4.6,Miercoles,15,0,0,16.2,0,0,2025-01-15,Tormenta
Poblado,Alpujarra,Bus,3.1,Jueves,22,0,0,4.3,2800,0,2025-07-03,Soleado
Exposiciones,Niquia,Bus,2.3,Sabado,15,0,1,3.5,2800,0,2025-12-06,Soleado
San Antonio,Suramericana,Cable,13.0,Jueves,6,1,0,58.7,0,0,2025-01-16,Soleado
Niquia,Exposiciones,Caminando,13.8,Sabado,8,1,1,59.5,0,0,2025-11-08,Nublado
Santa Lucia,Tricentenario,Bus,1.8,Martes,22,0,0,3.1,2800,0,2025-04-22,Soleado
Suramericana,Niquia,Caminando,10.2,Jueves,2,0,0,36.7,0,1,2025-09-11,Lluvia
Universidad,Niquia,Cable,5.1,Domingo,17,1,1,22.1,0,0,2025-06-22,Nublado
Sabaneta,San Javier,Bus,9.4,Lunes,14,1,0,18.9,3360,1,2025-05-05,Lluvia
Envigado,Floresta,Bus,11.4,Jueves,11,1,0,27.9,3360,1,2025-12-18,Soleado
Itagui,Industriales,Metro,11.9,Domingo,9,0,1,7.6,3200,0,2025-04-20,Nublado
Envigado,Floresta,Cable,3.0,Viernes,12,1,0,24.3,0,1,2025-04-11,Lluvia
Poblado,Alpujarra,Caminando,13.6,Lunes,13,1,0,63.7,0,0,2025-06-09,Lluvia
Acevedo,Industriales,Bus,1.5,Martes,2,0,0,2.3,2800,0,2025-09-09,Nublado
Itagui,Poblado,Cable,4.6,Jueves,1,0,0,26.0,0,0,2025-07-24,Lluvia
Prado,Cisneros,Metro,8.6,Miercoles,14,1,0,14.9,3840,0,2025-07-09,Soleado
Madera,Poblado,Caminando,5.3,Martes,3,0,0,22.2,0,0,2025-07-15,Soleado
Madera,Envigado,Caminando,12.0,Jueves,12,1,0,58.3,0,1,2025-03-27,Lluvia
Prado,Caribe,Cable,8.1,Domingo,7,1,1,26.3,0,0,2025-09-14,Nublado
Aguacatala,Poblado,Metro,5.1,Sabado,0,0,1,4.3,3200,0,2025-05-17,Lluvia
San Antonio,Sabaneta,Taxi,1.4,Viernes,13,1,0,15.2,5544,0,2025-12-12,Tormenta
La Estrella,Tricentenario,Bus,14.6,Viernes,4,0,0,24.0,2800,0,2025-09-12,Nublado
Santa Lucia,Acevedo,Cable,8.5,Jueves,12,1,0,48.0,0,0,2025-04-17,Lluvia
Cisneros,San Javier,Cable,4.6,Sabado,18,1,1,19.2,0,1,2025-01-11,Lluvia
Bello,Itagui,Metro,12.2,Miercoles,6,1,0,21.9,3840,0,2025-02-05,Soleado
Hospital,Parque Berrio,Caminando,3.6,Martes,8,1,0,21.1,0,0,2025-11-18,Soleado
Santa Lucia,Industriales,Bus,11.0,Domingo,18,1,1,20.9,3360,1,2025-09-07,Nublado
Sabaneta,Alpujarra,Taxi,7.0,Lunes,19,1,0,50.6,10920,1,2025-05-26,Tormenta
Cisneros,Santa Lucia,Taxi,5.8,Lunes,4,0,0,30.5,8140,1,2025-08-11,Soleado
La Estrella,Poblado,Bus,9.1,Lunes,9,0,0,18.1,2800,0,2025-05-19,Nublado
Hospital,Alpujarra,Metro,8.7,Martes,22,0,0,10.5,3200,0,2025-07-29,Tormenta
Santa Lucia,Madera,Metro,1.2,Martes,2,0,0,1.3,3200,1,2025-01-28,Lluvia
La Estrella,San Javier,Taxi,11.3,Lunes,12,1,0,77.9,15048,0,2025-08-18,Lluvia
Envigado,Parque Berrio,Metro,9.8,Miercoles,9,0,0,12.2,3200,0,2025-12-24,Lluvia
Santa Lucia,Alpujarra,Bus,7.8,Domingo,6,1,1,15.5,3360,0,2025-10-05,Tormenta
San Javier,Aguacatala,Caminando,1.7,Domingo,3,0,1,3.4,0,0,2025-10-12,Tormenta
Santa Lucia,Aguacatala,Metro,13.4,Miercoles,10,0,0,15.6,3200,0,2025-02-12,Tormenta
Bello,Santa Lucia,Caminando,14.1,Sabado,8,1,1,62.6,0,0,2025-11-01,Soleado
Industriales,Acevedo,Metro,4.6,Martes,12,1,0,8.0,3840,1,2025-06-03,Nublado
Bello,Suramericana,Caminando,3.4,Sabado,11,1,1,14.1,0,0,2025-08-23,Lluvia
Santa Lucia,Caribe,Bus,14.6,Viernes,23,0,0,26.3,2800,0,2025-09-12,Tormenta
Niquia,Madera,Cable,9.9,Martes,17,1,0,48.0,0,0,2025-10-14,Nublado
Madera,Suramericana,Caminando,11.6,Jueves,17,1,0,58.2,0,0,2025-01-16,Tormenta
San Javier,Exposiciones,Cable,6.0,Viernes,4,0,0,23.2,0,0,2025-01-10,Lluvia
Poblado,Madera,Cable,14.7,Sabado,12,1,1,92.2,0,0,2025-06-07,Tormenta
Niquia,Suramericana,Caminando,12.4,Sabado,14,1,1,45.3,0,0,2025-01-11,Tormenta
Santa Lucia,Floresta,Cable,1.5,Viernes,7,1,0,9.0,0,0,2025-10-24,Nublado
Prado,Envigado,Taxi,7.9,Sabado,4,0,1,26.3,9820,0,2025-11-01,Nublado
Sabaneta,Industriales,Taxi,10.4,Viernes,15,0,0,48.6,11820,0,2025-01-31,Nublado
Industriales,Ayura,Cable,2.3,Viernes,21,0,0,8.4,0,1,2025-07-04,Lluvia
Aguacatala,Ayura,Caminando,3.7,Domingo,0,0,1,8.3,0,1,2025-06-29,Nublado
Industriales,Caribe,Cable,4.0,Lunes,7,1,0,24.5,0,0,2025-11-10,Lluvia
Alpujarra,Caribe,Taxi,1.1,Viernes,7,1,0,10.4,5256,0,2025-08-15,Tormenta
Estadio,Suramericana,Taxi,4.2,Martes,23,0,0,17.7,6860,1,2025-01-21,Nublado
Prado,Aguacatala,Cable,2.8,Miercoles,11,1,0,16.2,0,0,2025-09-03,Soleado
Bello,Estadio,Taxi,9.4,Viernes,12,1,0,63.8,13224,0,2025-04-18,Nublado
Prado,Tricentenario,Bus,3.2,Martes,11,1,0,10.2,3360,0,2025-09-30,Nublado
Aguacatala,Santa Lucia,Bus,2.4,Domingo,10,0,1,2.6,2800,0,2025-04-06,Soleado
Niquia,Itagui,Caminando,4.5,Lunes,4,0,0,18.7,0,0,2025-06-09,Lluvia
Universidad,Hospital,Bus,9.9,Viernes,21,0,0,17.6,2800,1,2025-04-11,Lluvia
Alpujarra,Industriales,Metro,13.5,Viernes,11,1,0,44.3,3840,0,2025-03-07,Lluvia
Estadio,San Javier,Metro,8.6,Martes,13,1,0,16.1,3840,0,2025-09-02,Lluvia
Santa Lucia,Alpujarra,Taxi,2.3,Miercoles,23,0,0,12.0,5340,0,2025-06-04,Tormenta
Sabaneta,Santa Lucia,Bus,5.5,Lunes,9,0,0,10.6,2800,0,2025-08-11,Tormenta
Ayura,Envigado,Taxi,11.2,Miercoles,6,1,0,72.8,14952,1,2025-11-12,Soleado
Hospital,La Estrella,Cable,13.8,Martes,19,1,0,78.6,0,1,2025-11-11,Nublado
Madera,Floresta,Taxi,2.3,Domingo,7,1,1,12.7,6408,0,2025-01-12,Tormenta
Alpujarra,Cisneros,Taxi,2.8,Martes,21,0,0,11.3,5740,0,2025-02-11,Tormenta
La Estrella,Santa Lucia,Metro,4.1,Sabado,20,0,1,2.7,3200,1,2025-07-26,Lluvia
Cisneros,Itagui,Caminando,4.5,Domingo,17,1,1,17.0,0,0,2025-12-14,Soleado
Hospital,Envigado,Taxi,13.0,Sabado,9,0,1,45.1,13900,0,2025-04-05,Tormenta
Hospital,Santa Lucia,Cable,4.2,Domingo,6,1,1,16.2,0,0,2025-06-01,Lluvia
Niquia,Hospital,Caminando,12.0,Jueves,11,1,0,56.6,0,0,2025-10-16,Lluvia
Universidad,Madera,Cable,4.0,Jueves,16,0,0,11.0,0,1,2025-01-30,Nublado
Floresta,Cisneros,Cable,4.1,Martes,12,1,0,24.0,0,0,2025-04-15,Tormenta
Universidad,Estadio,Bus,5.0,Sabado,23,0,1,6.1,2800,1,2025-03-29,Soleado
Industriales,Santa Lucia,Cable,1.5,Viernes,3,0,0,4.0,0,0,2025-01-03,Soleado
Floresta,Poblado,Bus,5.3,Jueves,13,1,0,15.6,3360,0,2025-03-20,Nublado
San Javier,Aguacatala,Caminando,9.8,Miercoles,19,1,0,46.0,0,0,2025-07-02,Soleado
Suramericana,Sabaneta,Metro,2.4,Lunes,6,1,0,3.6,3840,0,2025-11-03,Lluvia
La Estrella,Envigado,Metro,11.5,Miercoles,9,0,0,13.9,3200,0,2025-01-08,Lluvia
Prado,Ayura,Bus,11.8,Viernes,7,1,0,36.6,3360,0,2025-12-19,Lluvia
Tricentenario,Envigado,Caminando,6.4,Jueves,21,0,0,20.7,0,0,2025-01-16,Tormenta
Envigado,Cisneros,Taxi,9.3,Martes,14,1,0,88.0,13128,1,2025-08-19,Tormenta
Prado,Hospital,Taxi,8.1,Martes,1,0,0,44.9,9980,0,2025-07-01,Lluvia
Bello,Caribe,Bus,4.9,Viernes,16,0,0,9.8,2800,1,2025-01-24,Nublado
Parque Berrio,Suramericana,Bus,9.3,Jueves,8,1,0,20.7,3360,0,2025-07-03,Lluvia
Exposiciones,Bello,Bus,1.1,Martes,14,1,0,3.0,3360,0,2025-09-16,Tormenta
Sabaneta,Parque Berrio,Cable,9.2,Jueves,0,0,0,25.4,0,1,2025-08-07,Lluvia
Poblado,Industriales,Caminando,7.0,Martes,21,0,0,20.8,0,0,2025-03-04,Nublado
Floresta,Itagui,Cable,8.7,Miercoles,10,0,0,29.1,0,0,2025-12-24,Soleado
La Estrella,Itagui,Metro,5.4,Miercoles,9,0,0,5.9,3200,0,2025-01-22,Tormenta
Santa Lucia,Floresta,Cable,8.2,Miercoles,3,0,0,61.9,0,1,2025-01-01,Lluvia
Suramericana,Aguacatala,Bus,14.9,Martes,0,0,0,30.8,2800,0,2025-09-23,Lluvia
Poblado,Acevedo,Caminando,6.4,Lunes,11,1,0,40.2,0,0,2025-02-17,Soleado
Universidad,Industriales,Taxi,2.7,Domingo,11,1,1,12.0,6792,0,2025-01-19,Nublado
Cisneros,Itagui,Cable,8.0,Martes,14,1,0,47.9,0,0,2025-09-30,Soleado
La Estrella,Parque Berrio,Caminando,10.9,Lunes,19,1,0,64.1,0,0,2025-03-17,Lluvia
Niquia,Ayura,Metro,3.2,Martes,13,1,0,5.3,3840,1,2025-11-04,Nublado
Prado,Sabaneta,Taxi,8.9,Martes,4,0,0,56.6,10620,1,2025-03-25,Soleado
Cisneros,Universidad,Cable,7.9,Sabado,2,0,1,19.6,0,1,2025-12-13,Tormenta
Prado,Itagui,Metro,2.0,Viernes,12,1,0,3.8,3840,1,2025-07-18,Tormenta
Suramericana,Floresta,Bus,13.8,Viernes,20,0,0,29.8,2800,0,2025-01-17,Soleado
Industriales,San Antonio,Cable,2.5,Jueves,2,0,0,19.2,0,0,2025-12-11,Soleado
San Javier,Estadio,Bus,13.2,Martes,22,0,0,24.4,2800,1,2025-12-09,Soleado
Caribe,Alpujarra,Taxi,9.1,Domingo,23,0,1,40.1,10780,0,2025-10-26,Nublado
Acevedo,Cisneros,Taxi,8.8,Sabado,10,0,1,35.2,10540,0,2025-12-06,Soleado
Niquia,Sabaneta,Cable,13.0,Viernes,3,0,0,35.7,0,1,2025-11-21,Nublado
Madera,Acevedo,Bus,1.1,Domingo,6,1,1,1.7,3360,0,2025-01-26,Soleado
Prado,Parque Berrio,Cable,10.7,Miercoles,17,1,0,56.2,0,1,2025-01-22,Nublado
Prado,Poblado,Caminando,8.9,Lunes,8,1,0,43.4,0,1,2025-06-16,Lluvia
Cisneros,Ayura,Metro,4.7,Jueves,4,0,0,4.7,3200,1,2025-07-31,Lluvia
Itagui,San Javier,Metro,9.5,Domingo,8,1,1,9.3,3840,0,2025-09-07,Soleado
Parque Berrio,La Estrella,Taxi,13.7,Jueves,20,0,0,60.9,14460,0,2025-08-21,Lluvia
Poblado,Exposiciones,Cable,3.7,Jueves,2,0,0,10.5,0,0,2025-11-06,Tormenta
Tricentenario,Envigado,Cable,10.4,Miercoles,15,0,0,34.2,0,0,2025-03-05,Soleado
Tricentenario,Cisneros,Cable,14.4,Sabado,19,1,1,42.5,0,0,2025-03-08,Tormenta
Industriales,Niquia,Bus,4.8,Sabado,19,1,1,10.7,3360,0,2025-06-07,Tormenta
Aguacatala,San Javier,Metro,6.3,Miercoles,12,1,0,11.5,3840,0,2025-03-05,Lluvia
Bello,Universidad,Metro,3.9,Domingo,15,0,1,3.2,3200,1,2025-07-06,Nublado
Universidad,Alpujarra,Bus,12.6,Martes,23,0,0,16.8,2800,0,2025-06-24,Lluvia
Sabaneta,Exposiciones,Metro,6.1,Miercoles,5,0,0,7.5,3200,1,2025-08-20,Lluvia
Floresta,Hospital,Taxi,11.1,Sabado,2,0,1,41.1,12380,0,2025-04-12,Lluvia
Sabaneta,La Estrella,Bus,4.4,Miercoles,21,0,0,6.3,2800,1,2025-05-28,Soleado
Tricentenario,Sabaneta,Taxi,11.2,Martes,23,0,0,67.0,12460,0,2025-05-13,Soleado
Prado,Niquia,Caminando,4.7,Sabado,16,0,1,13.7,0,0,2025-09-06,Tormenta
Cisneros,Aguacatala,Caminando,1.6,Lunes,4,0,0,4.7,0,0,2025-10-06,Nublado
Hospital,Madera,Bus,8.0,Martes,19,1,0,22.5,3360,0,2025-09-09,Tormenta
Tricentenario,San Antonio,Bus,8.3,Martes,11,1,0,23.0,3360,0,2025-07-29,Lluvia
Alpujarra,Envigado,Cable,13.1,Miercoles,9,0,0,44.0,0,0,2025-08-20,Nublado
Universidad,Estadio,Cable,5.4,Lunes,4,0,0,21.1,0,0,2025-11-17,Lluvia
Acevedo,Madera,Cable,8.7,Sabado,21,0,1,19.6,0,1,2025-09-27,Lluvia
Hospital,Itagui,Caminando,3.2,Domingo,16,0,1,9.7,0,0,2025-04-06,Tormenta
Exposiciones,Floresta,Metro,5.2,Martes,4,0,0,6.0,3200,0,2025-09-30,Nublado
Bello,San Javier,Cable,10.6,Martes,6,1,0,64.2,0,0,2025-06-10,Lluvia
Sabaneta,Universidad,Metro,6.5,Jueves,22,0,0,5.5,3200,0,2025-07-10,Lluvia
Santa Lucia,Madera,Taxi,9.9,Jueves,7,1,0,63.9,13704,1,2025-05-15,Lluvia
Alpujarra,Tricentenario,Caminando,5.9,Domingo,12,1,1,21.3,0,1,2025-11-02,Soleado
Sabaneta,Cisneros,Caminando,10.6,Miercoles,3,0,0,34.7,0,1,2025-09-03,Lluvia
Suramericana,Itagui,Cable,12.8,Miercoles,19,1,0,66.2,0,0,2025-03-26,Nublado
Suramericana,La Estrella,Taxi,9.4,Sabado,9,0,1,34.5,11020,0,2025-04-26,Lluvia
Cisneros,Envigado,Cable,12.7,Lunes,2,0,0,43.9,0,0,2025-11-17,Nublado
Acevedo,Exposiciones,Caminando,9.5,Jueves,4,0,0,28.8,0,0,2025-10-30,Nublado
Aguacatala,Parque Berrio,Caminando,2.6,Viernes,6,1,0,11.5,0,0,2025-01-24,Lluvia
Envigado,Bello,Cable,3.9,Miercoles,9,0,0,11.2,0,0,2025-01-08,Nublado
Suramericana,Exposiciones,Caminando,7.6,Martes,9,0,0,31.1,0,0,2025-08-26,Nublado
Exposiciones,Industriales,Cable,1.1,Lunes,12,1,0,7.1,0,0,2025-06-30,Nublado
Envigado,Tricentenario,Metro,2.7,Jueves,21,0,0,3.3,3200,0,2025-04-03,Tormenta
Envigado,Caribe,Cable,2.9,Domingo,8,1,1,9.4,0,0,2025-10-12,Nublado
Niquia,San Antonio,Taxi,9.0,Miercoles,18,1,0,145.2,12840,0,2025-11-26,Tormenta
Bello,Parque Berrio,Caminando,3.5,Lunes,7,1,0,16.2,0,1,2025-06-30,Lluvia
Ayura,Cisneros,Taxi,2.6,Viernes,17,1,0,20.7,6696,0,2025-10-24,Tormenta
Alpujarra,Acevedo,Bus,1.4,Miercoles,5,0,0,2.3,2800,0,2025-05-14,Soleado
Aguacatala,Suramericana,Metro,12.0,Sabado,17,1,1,11.7,3840,1,2025-06-07,Tormenta
Floresta,San Antonio,Caminando,9.0,Domingo,11,1,1,29.3,0,1,2025-06-29,Nublado
Acevedo,Hospital,Cable,5.7,Jueves,22,0,0,19.9,0,0,2025-04-10,Tormenta
Aguacatala,Ayura,Taxi,12.0,Sabado,6,1,1,63.8,15720,0,2025-10-18,Soleado
Aguacatala,Prado,Caminando,4.1,Viernes,18,1,0,24.7,0,0,2025-02-07,Lluvia
Caribe,Poblado,Cable,9.5,Sabado,6,1,1,26.8,0,0,2025-03-08,Soleado
Alpujarra,Niquia,Metro,4.1,Martes,2,0,0,3.5,3200,0,2025-02-18,Lluvia
Parque Berrio,Caribe,Bus,9.7,Jueves,8,1,0,28.6,3360,0,2025-07-31,Soleado
Madera,Niquia,Caminando,11.9,Lunes,3,0,0,49.7,0,0,2025-07-21,Soleado
Parque Berrio,San Javier,Caminando,14.7,Lunes,2,0,0,51.0,0,0,2025-10-20,Tormenta
Poblado,La Estrella,Caminando,6.4,Martes,14,1,0,62.0,0,1,2025-07-15,Nublado
Estadio,Universidad,Cable,4.1,Jueves,13,1,0,18.2,0,0,2025-04-03,Tormenta
Caribe,Parque Berrio,Taxi,10.3,Viernes,15,0,0,60.6,11740,0,2025-11-14,Tormenta
Sabaneta,Universidad,Bus,2.7,Lunes,14,1,0,7.7,3360,0,2025-09-08,Tormenta
San Javier,Aguacatala,Bus,1.1,Lunes,5,0,0,2.4,2800,0,2025-11-17,Tormenta
Estadio,Madera,Metro,3.8,Viernes,10,0,0,3.7,3200,0,2025-09-26,Lluvia
Cisneros,Universidad,Bus,13.4,Miercoles,8,1,0,27.7,3360,1,2025-07-30,Tormenta
Cisneros,Aguacatala,Cable,12.3,Domingo,19,1,1,51.6,0,0,2025-06-29,Tormenta
Exposiciones,La Estrella,Taxi,14.6,Domingo,20,0,1,59.9,15180,0,2025-10-26,Nublado
Prado,Aguacatala,Taxi,11.0,Viernes,20,0,0,88.7,12300,0,2025-06-13,Nublado
Sabaneta,San Javier,Metro,10.5,Martes,23,0,0,12.3,3200,0,2025-10-14,Nublado
La Estrella,Sabaneta,Taxi,7.2,Viernes,0,0,0,43.5,9260,0,2025-06-20,Soleado
Estadio,Aguacatala,Caminando,8.4,Sabado,11,1,1,26.4,0,0,2025-01-04,Nublado
Caribe,Estadio,Caminando,9.4,Lunes,7,1,0,44.7,0,1,2025-03-03,Lluvia
Suramericana,Estadio,Metro,3.9,Lunes,7,1,0,7.5,3840,1,2025-09-01,Soleado
Floresta,Exposiciones,Bus,12.7,Martes,22,0,0,45.3,2800,1,2025-04-01,Lluvia
Ayura,Hospital,Caminando,3.9,Miercoles,20,0,0,16.2,0,0,2025-08-20,Tormenta
Prado,Floresta,Cable,4.5,Domingo,23,0,1,12.9,0,0,2025-08-10,Nublado
Cisneros,Suramericana,Caminando,2.6,Viernes,15,0,0,9.5,0,0,2025-11-14,Lluvia
Cisneros,Madera,Metro,9.8,Sabado,0,0,1,7.0,3200,0,2025-02-15,Lluvia
Acevedo,Industriales,Taxi,7.7,Martes,8,1,0,64.5,11592,1,2025-09-23,Nublado
Cisneros,Niquia,Cable,4.0,Viernes,8,1,0,19.2,0,0,2025-02-14,Tormenta
Ayura,Sabaneta,Bus,10.4,Martes,0,0,0,20.5,2800,0,2025-06-24,Nublado
Estadio,Poblado,Metro,5.7,Sabado,16,0,1,4.7,3200,1,2025-07-26,Soleado
Caribe,La Estrella,Bus,13.9,Sabado,23,0,1,20.0,2800,1,2025-05-03,Tormenta
Poblado,Prado,Taxi,14.4,Lunes,20,0,0,61.3,15020,1,2025-11-03,Nublado
Aguacatala,Industriales,Caminando,13.8,Domingo,0,0,1,33.9,0,0,2025-08-17,Soleado
Estadio,Bello,Cable,13.4,Martes,11,1,0,81.0,0,0,2025-11-25,Tormenta
Ayura,Universidad,Caminando,7.2,Lunes,20,0,0,28.0,0,1,2025-12-15,Soleado
Hospital,Parque Berrio,Caminando,7.1,Domingo,14,1,1,30.6,0,0,2025-06-29,Soleado
Parque Berrio,Prado,Caminando,8.2,Sabado,15,0,1,21.2,0,0,2025-03-08,Nublado
Suramericana,San Javier,Cable,7.0,Lunes,7,1,0,41.0,0,0,2025-05-12,Lluvia
Prado,Parque Berrio,Metro,15.0,Viernes,17,1,0,61.4,3840,0,2025-10-10,Soleado
Poblado,San Javier,Taxi,3.2,Martes,0,0,0,17.8,6060,1,2025-08-12,Lluvia
Caribe,Hospital,Metro,6.3,Sabado,19,1,1,6.0,3840,0,2025-03-08,Nublado
Hospital,Exposiciones,Cable,14.7,Lunes,8,1,0,59.9,0,0,2025-06-30,Lluvia
Prado,Cisneros,Metro,3.9,Jueves,21,0,0,3.4,3200,0,2025-04-03,Lluvia
Universidad,Madera,Caminando,5.1,Martes,0,0,0,15.3,0,0,2025-06-17,Soleado
Estadio,Santa Lucia,Cable,5.2,Lunes,4,0,0,21.4,0,1,2025-09-22,Nublado
Bello,Exposiciones,Taxi,4.0,Lunes,9,0,0,21.2,6700,0,2025-09-29,Tormenta
Universidad,Sabaneta,Caminando,9.9,Martes,8,1,0,47.7,0,1,2025-03-18,Soleado
Envigado,Caribe,Cable,11.7,Domingo,21,0,1,33.7,0,1,2025-03-16,Nublado
Itagui,Alpujarra,Metro,13.2,Martes,10,0,0,13.0,3200,0,2025-09-16,Soleado
San Antonio,Alpujarra,Caminando,14.1,Miercoles,7,1,0,60.8,0,0,2025-01-22,Lluvia
Parque Berrio,Prado,Caminando,10.5,Jueves,12,1,0,50.9,0,0,2025-08-21,Lluvia
Itagui,Estadio,Metro,8.1,Lunes,23,0,0,7.0,3200,0,2025-06-16,Lluvia
Bello,Prado,Taxi,9.3,Martes,14,1,0,68.4,13128,0,2025-01-14,Nublado
Alpujarra,San Antonio,Caminando,8.1,Viernes,2,0,0,31.2,0,0,2025-09-19,Lluvia
Parque Berrio,Aguacatala,Cable,4.8,Martes,15,0,0,17.4,0,1,2025-11-18,Soleado
Tricentenario,Hospital,Caminando,11.3,Lunes,4,0,0,45.4,0,0,2025-08-18,Soleado
Niquia,Ayura,Metro,13.5,Martes,9,0,0,14.8,3200,0,2025-12-30,Tormenta
Poblado,Prado,Metro,3.8,Martes,13,1,0,6.2,3840,0,2025-08-12,Tormenta
Acevedo,Caribe,Taxi,5.8,Domingo,18,1,1,24.8,9768,0,2025-07-06,Tormenta
Prado,La Estrella,Metro,12.0,Sabado,9,0,1,10.5,3200,0,2025-07-12,Tormenta
Exposiciones,Alpujarra,Bus,14.3,Domingo,9,0,1,19.1,2800,1,2025-02-02,Soleado
Bello,Alpujarra,Taxi,12.1,Domingo,10,0,1,41.4,13180,0,2025-07-06,Lluvia
Industriales,Cisneros,Bus,3.8,Martes,13,1,0,11.4,3360,0,2025-03-04,Tormenta
Industriales,Envigado,Metro,11.6,Martes,19,1,0,16.5,3840,0,2025-10-14,Soleado
Ayura,Industriales,Metro,7.6,Sabado,6,1,1,7.9,3840,0,2025-05-31,Lluvia
Estadio,Caribe,Metro,9.2,Lunes,22,0,0,8.4,3200,0,2025-11-17,Nublado
Madera,Santa Lucia,Cable,10.0,Domingo,16,0,1,19.0,0,0,2025-01-19,Nublado
Sabaneta,Madera,Metro,3.4,Martes,11,1,0,4.5,3840,1,2025-02-25,Nublado
San Javier,Santa Lucia,Bus,4.4,Lunes,6,1,0,12.0,3360,1,2025-12-29,Nublado
Envigado,Itagui,Cable,8.8,Martes,5,0,0,32.5,0,1,2025-09-23,Tormenta
Ayura,Acevedo,Cable,4.5,Miercoles,13,1,0,27.9,0,0,2025-08-20,Soleado
Envigado,Hospital,Taxi,3.6,Sabado,22,0,1,11.3,6380,0,2025-09-20,Tormenta
Prado,Tricentenario,Cable,4.6,Sabado,8,1,1,18.1,0,0,2025-06-07,Nublado
Estadio,Aguacatala,Caminando,7.2,Lunes,13,1,0,42.9,0,1,2025-08-11,Tormenta
Poblado,Parque Berrio,Taxi,5.4,Domingo,18,1,1,30.1,9384,0,2025-11-09,Lluvia
Exposiciones,La Estrella,Bus,4.5,Domingo,19,1,1,9.5,3360,0,2025-10-19,Lluvia
La Estrella,Tricentenario,Bus,14.2,Martes,8,1,0,39.5,3360,0,2025-11-11,Soleado
Envigado,Sabaneta,Cable,6.5,Domingo,18,1,1,25.8,0,1,2025-05-18,Soleado
San Javier,Envigado,Bus,4.4,Jueves,18,1,0,13.0,3360,0,2025-03-13,Nublado
Prado,Industriales,Caminando,13.6,Martes,4,0,0,41.4,0,0,2025-09-09,Lluvia
Bello,Industriales,Metro,7.9,Martes,16,0,0,7.5,3200,0,2025-04-15,Lluvia
Aguacatala,Envigado,Bus,5.6,Lunes,8,1,0,13.9,3360,0,2025-01-27,Tormenta
San Javier,Exposiciones,Taxi,8.9,Domingo,16,0,1,25.0,10620,0,2025-08-24,Nublado
Exposiciones,San Javier,Cable,9.9,Domingo,13,1,1,44.0,0,0,2025-11-30,Nublado
Caribe,Aguacatala,Metro,4.6,Martes,13,1,0,7.0,3840,1,2025-07-08,Lluvia
Caribe,Bello,Metro,14.7,Viernes,4,0,0,15.5,3200,0,2025-05-30,Soleado
Alpujarra,Tricentenario,Metro,9.8,Jueves,10,0,0,8.3,3200,0,2025-05-08,Soleado
Suramericana,San Antonio,Cable,4.3,Viernes,20,0,0,13.7,0,0,2025-07-11,Soleado
La Estrella,Prado,Bus,13.6,Domingo,5,0,1,16.0,2800,1,2025-04-06,Tormenta
San Javier,Itagui,Metro,3.9,Viernes,4,0,0,3.3,3200,0,2025-05-23,Soleado
Floresta,Aguacatala,Metro,2.8,Lunes,11,1,0,3.5,3840,0,2025-01-20,Lluvia
Itagui,Suramericana,Cable,5.7,Sabado,19,1,1,29.0,0,0,2025-07-05,Tormenta
Acevedo,Tricentenario,Taxi,1.6,Lunes,10,0,0,20.2,4780,0,2025-04-21,Lluvia
Acevedo,Prado,Metro,9.3,Viernes,2,0,0,8.2,3200,1,2025-08-08,Tormenta
Envigado,Sabaneta,Cable,12.5,Miercoles,10,0,0,35.6,0,1,2025-05-28,Nublado
Bello,San Antonio,Bus,7.2,Miercoles,19,1,0,16.6,3360,0,2025-02-12,Tormenta
Alpujarra,Industriales,Metro,6.6,Lunes,7,1,0,12.4,3840,0,2025-03-31,Soleado
Industriales,Suramericana,Bus,5.6,Viernes,14,1,0,12.2,3360,1,2025-05-09,Soleado
San Javier,Hospital,Cable,3.0,Miercoles,15,0,0,11.6,0,1,2025-11-19,Lluvia
Floresta,San Javier,Cable,7.0,Jueves,15,0,0,18.7,0,1,2025-10-09,Soleado
Caribe,Madera,Caminando,13.2,Domingo,12,1,1,50.8,0,0,2025-02-16,Lluvia
Suramericana,Cisneros,Bus,1.2,Miercoles,7,1,0,3.7,3360,1,2025-10-22,Lluvia
Madera,Poblado,Taxi,9.1,Domingo,1,0,1,28.5,10780,0,2025-08-31,Nublado
Bello,Caribe,Taxi,6.8,Martes,12,1,0,54.3,10728,0,2025-04-01,Lluvia
Floresta,Acevedo,Caminando,5.3,Lunes,4,0,0,21.7,0,1,2025-01-13,Lluvia
Envigado,Ayura,Metro,9.5,Miercoles,3,0,0,8.5,3200,0,2025-06-11,Nublado
Hospital,Poblado,Bus,7.7,Viernes,0,0,0,15.2,2800,1,2025-05-02,Soleado
Niquia,Sabaneta,Caminando,11.8,Domingo,3,0,1,25.7,0,0,2025-05-25,Nublado
Acevedo,Cisneros,Cable,7.2,Lunes,23,0,0,20.5,0,0,2025-01-06,Nublado
Envigado,Santa Lucia,Bus,2.3,Sabado,20,0,1,3.0,2800,0,2025-04-19,Soleado
Poblado,Exposiciones,Caminando,6.0,Sabado,11,1,1,17.8,0,1,2025-08-16,Nublado
Niquia,Suramericana,Metro,11.1,Jueves,21,0,0,13.8,3200,0,2025-01-30,Nublado
Hospital,Floresta,Metro,14.9,Domingo,18,1,1,15.5,3840,1,2025-09-07,Lluvia
Floresta,Parque Berrio,Metro,14.0,Jueves,11,1,0,25.9,3840,0,2025-07-17,Lluvia
Itagui,Universidad,Taxi,12.9,Jueves,0,0,0,83.5,13820,1,2025-08-28,Lluvia
Exposiciones,Caribe,Metro,7.0,Viernes,17,1,0,11.8,3840,0,2025-08-29,Nublado
Industriales,Niquia,Bus,12.0,Jueves,21,0,0,24.2,2800,0,2025-11-20,Soleado
Floresta,Acevedo,Metro,12.7,Viernes,7,1,0,20.8,3840,1,2025-11-07,Soleado
Cisneros,Envigado,Metro,1.7,Lunes,14,1,0,2.3,3840,0,2025-12-01,Nublado
Ayura,Niquia,Taxi,7.5,Martes,21,0,0,39.2,9500,1,2025-12-09,Lluvia
San Javier,Itagui,Cable,8.1,Lunes,22,0,0,33.5,0,0,2025-03-10,Tormenta
La Estrella,San Javier,Caminando,1.4,Viernes,9,0,0,4.9,0,0,2025-07-25,Lluvia
Exposiciones,Floresta,Caminando,3.1,Jueves,3,0,0,10.1,0,0,2025-12-18,Nublado
Alpujarra,Industriales,Bus,12.2,Domingo,23,0,1,16.6,2800,0,2025-10-19,Lluvia
Bello,Madera,Cable,7.5,Miercoles,3,0,0,23.3,0,0,2025-07-02,Tormenta
Universidad,Exposiciones,Caminando,11.2,Lunes,17,1,0,58.5,0,0,2025-03-03,Lluvia
Aguacatala,Poblado,Caminando,10.2,Sabado,11,1,1,34.0,0,0,2025-05-03,Tormenta
Estadio,Acevedo,Bus,12.8,Domingo,4,0,1,16.5,2800,0,2025-06-29,Lluvia
Industriales,San Javier,Caminando,12.3,Miercoles,4,0,0,35.1,0,0,2025-03-05,Nublado
Universidad,Exposiciones,Bus,9.8,Domingo,1,0,1,10.5,2800,0,2025-12-14,Soleado
San Antonio,San Javier,Cable,6.2,Lunes,4,0,0,19.0,0,1,2025-09-29,Nublado
Bello,Caribe,Caminando,4.6,Viernes,8,1,0,24.2,0,0,2025-12-12,Tormenta
Itagui,Santa Lucia,Caminando,2.7,Viernes,9,0,0,8.2,0,0,2025-04-11,Nublado
Itagui,Hospital,Metro,8.1,Jueves,20,0,0,7.8,3200,0,2025-08-14,Lluvia
San Javier,Estadio,Cable,5.4,Viernes,20,0,0,23.1,0,0,2025-07-11,Tormenta
Estadio,Itagui,Metro,2.0,Sabado,9,0,1,1.2,3200,0,2025-08-23,Lluvia
Universidad,Exposiciones,Bus,2.0,Lunes,22,0,0,3.2,2800,0,2025-09-15,Nublado
Poblado,Caribe,Metro,11.3,Jueves,8,1,0,15.2,3840,0,2025-11-13,Tormenta
La Estrella,Alpujarra,Cable,3.8,Domingo,19,1,1,14.5,0,0,2025-04-06,Tormenta
Niquia,Cisneros,Caminando,1.2,Jueves,10,0,0,4.3,0,0,2025-10-02,Lluvia
Prado,Cisneros,Metro,1.2,Viernes,22,0,0,1.0,3200,0,2025-01-31,Tormenta
Prado,La Estrella,Bus,2.6,Sabado,8,1,1,5.8,3360,0,2025-06-28,Soleado
Ayura,Itagui,Caminando,4.0,Viernes,19,1,0,17.6,0,0,2025-08-01,Nublado
Alpujarra,Aguacatala,Taxi,12.2,Viernes,16,0,0,75.9,13260,1,2025-04-18,Tormenta
Bello,Hospital,Taxi,1.7,Sabado,11,1,1,7.6,5832,0,2025-08-23,Nublado
Exposiciones,Caribe,Taxi,6.8,Sabado,10,0,1,21.0,8940,0,2025-06-21,Nublado
San Antonio,Floresta,Taxi,3.0,Sabado,19,1,1,14.6,7080,0,2025-07-19,Soleado
Estadio,Poblado,Bus,4.9,Lunes,9,0,0,8.1,2800,0,2025-12-08,Lluvia
Cisneros,Prado,Cable,6.8,Miercoles,1,0,0,27.2,0,0,2025-12-17,Soleado
Bello,Aguacatala,Caminando,3.7,Jueves,3,0,0,10.7,0,0,2025-07-03,Soleado
Floresta,Caribe,Metro,9.9,Sabado,5,0,1,7.2,3200,0,2025-03-29,Soleado
Sabaneta,San Antonio,Cable,8.4,Sabado,21,0,1,25.0,0,1,2025-05-10,Nublado
San Javier,Universidad,Cable,3.0,Domingo,11,1,1,10.2,0,0,2025-07-20,Soleado
San Antonio,Poblado,Taxi,10.1,Viernes,3,0,0,42.9,11580,0,2025-10-10,Nublado
Itagui,Bello,Taxi,9.3,Martes,23,0,0,41.2,10940,0,2025-04-01,Soleado
La Estrella,Parque Berrio,Bus,8.1,Lunes,18,1,0,19.1,3360,0,2025-10-20,Nublado
Cisneros,Ayura,Taxi,13.6,Lunes,22,0,0,74.2,14380,1,2025-12-22,Nublado
Industriales,San Antonio,Bus,12.5,Viernes,3,0,0,17.0,2800,0,2025-01-03,Nublado
Bello,La Estrella,Caminando,7.1,Viernes,9,0,0,30.5,0,0,2025-11-28,Tormenta
Alpujarra,La Estrella,Taxi,7.5,Lunes,2,0,0,47.6,9500,1,2025-10-06,Tormenta
Poblado,Santa Lucia,Taxi,5.4,Viernes,3,0,0,25.3,7820,1,2025-11-07,Lluvia
Universidad,Cisneros,Bus,13.5,Viernes,17,1,0,28.7,3360,0,2025-02-28,Nublado
Universidad,Acevedo,Taxi,13.4,Sabado,17,1,1,64.6,17064,1,2025-07-26,Soleado
Floresta,Tricentenario,Bus,14.2,Viernes,12,1,0,36.9,3360,1,2025-05-09,Nublado
Niquia,Caribe,Taxi,4.4,Miercoles,8,1,0,33.4,8424,0,2025-05-07,Tormenta
Exposiciones,Niquia,Taxi,10.1,Lunes,19,1,0,84.6,13896,0,2025-03-10,Tormenta
La Estrella,Floresta,Cable,5.2,Lunes,12,1,0,33.4,0,0,2025-12-29,Tormenta
Aguacatala,Tricentenario,Metro,3.5,Martes,14,1,0,5.0,3840,1,2025-01-21,Nublado
Santa Lucia,Bello,Taxi,14.5,Viernes,0,0,0,63.2,15100,0,2025-02-07,Nublado
Alpujarra,Prado,Bus,13.4,Domingo,11,1,1,23.9,3360,0,2025-08-10,Nublado
Itagui,Caribe,Cable,9.1,Lunes,23,0,0,29.1,0,0,2025-08-11,Soleado
Suramericana,Envigado,Bus,13.7,Viernes,18,1,0,38.5,3360,0,2025-09-19,Tormenta
Envigado,San Javier,Cable,13.4,Lunes,0,0,0,87.7,0,0,2025-09-22,Lluvia
Poblado,Suramericana,Bus,9.1,Lunes,16,0,0,12.7,2800,0,2025-02-10,Nublado
San Javier,Madera,Bus,10.9,Viernes,7,1,0,31.6,3360,0,2025-06-13,Soleado
Aguacatala,Ayura,Taxi,8.9,Sabado,23,0,1,35.2,10620,0,2025-01-04,Tormenta
Universidad,Cisneros,Taxi,10.9,Viernes,12,1,0,82.3,14664,1,2025-08-22,Soleado
Suramericana,San Antonio,Caminando,8.7,Jueves,2,0,0,33.9,0,1,2025-07-03,Lluvia
Itagui,San Antonio,Taxi,10.9,Viernes,6,1,0,95.7,14664,0,2025-02-21,Soleado
Itagui,Industriales,Bus,2.5,Jueves,22,0,0,4.9,2800,1,2025-12-04,Tormenta
Aguacatala,Parque Berrio,Taxi,14.7,Lunes,21,0,0,88.4,15260,0,2025-02-24,Lluvia
Floresta,Sabaneta,Metro,4.5,Sabado,23,0,1,3.3,3200,0,2025-06-21,Nublado
Tricentenario,Prado,Taxi,12.8,Lunes,13,1,0,114.6,16488,0,2025-03-10,Soleado
Santa Lucia,Universidad,Bus,3.0,Lunes,20,0,0,4.2,2800,0,2025-04-21,Nublado
Alpujarra,Parque Berrio,Cable,13.3,Martes,23,0,0,56.6,0,0,2025-12-16,Tormenta
Floresta,San Antonio,Caminando,13.5,Martes,7,1,0,61.3,0,0,2025-08-05,Nublado
Hospital,Acevedo,Metro,3.3,Miercoles,16,0,0,3.0,3200,0,2025-10-01,Lluvia
Suramericana,Itagui,Taxi,4.3,Jueves,0,0,0,27.2,6940,0,2025-12-11,Nublado
Santa Lucia,Industriales,Taxi,10.5,Miercoles,11,1,0,99.1,14280,0,2025-10-08,Lluvia
Madera,Floresta,Taxi,7.3,Lunes,17,1,0,47.5,11208,0,2025-01-13,Tormenta
La Estrella,Envigado,Cable,3.6,Martes,14,1,0,15.0,0,0,2025-09-30,Soleado
Universidad,Santa Lucia,Bus,10.0,Sabado,8,1,1,19.8,3360,0,2025-01-11,Lluvia
Parque Berrio,Tricentenario,Metro,1.9,Jueves,13,1,0,5.5,3840,1,2025-01-23,Soleado
La Estrella,Parque Berrio,Metro,5.7,Domingo,3,0,1,3.9,3200,0,2025-04-13,Nublado
Bello,Estadio,Cable,10.5,Lunes,21,0,0,38.4,0,0,2025-03-17,Tormenta
Tricentenario,Santa Lucia,Metro,11.0,Lunes,12,1,0,19.8,3840,0,2025-09-08,Tormenta
Santa Lucia,Envigado,Cable,11.3,Martes,13,1,0,71.1,0,1,2025-09-09,Tormenta
Poblado,Santa Lucia,Metro,8.5,Viernes,6,1,0,13.9,3840,0,2025-03-07,Nublado
Bello,Parque Berrio,Caminando,4.8,Lunes,7,1,0,20.6,0,0,2025-09-01,Tormenta
Ayura,Cisneros,Metro,12.6,Jueves,23,0,0,11.5,3200,0,2025-11-27,Soleado
Aguacatala,Sabaneta,Cable,4.5,Lunes,23,0,0,16.8,0,0,2025-06-09,Lluvia
Ayura,San Antonio,Caminando,11.7,Miercoles,18,1,0,62.6,0,0,2025-04-09,Nublado
Bello,Exposiciones,Taxi,11.7,Viernes,19,1,0,95.8,15432,0,2025-06-06,Lluvia
Prado,Niquia,Cable,12.9,Domingo,16,0,1,93.1,0,0,2025-04-27,Soleado
Estadio,Alpujarra,Bus,3.6,Sabado,17,1,1,7.2,3360,0,2025-08-23,Lluvia
Floresta,San Antonio,Bus,5.0,Jueves,10,0,0,22.2,2800,0,2025-12-11,Tormenta
Poblado,Aguacatala,Caminando,10.0,Sabado,17,1,1,43.7,0,0,2025-09-27,Soleado
Estadio,Bello,Metro,14.0,Viernes,4,0,0,11.4,3200,0,2025-08-22,Soleado
Acevedo,Cisneros,Bus,10.6,Domingo,12,1,1,18.2,3360,0,2025-06-01,Lluvia
Acevedo,Niquia,Taxi,7.8,Viernes,13,1,0,62.1,11688,1,2025-10-10,Tormenta
Tricentenario,Suramericana,Taxi,10.7,Martes,15,0,0,57.9,12060,1,2025-06-03,Soleado
Acevedo,Envigado,Cable,4.4,Miercoles,0,0,0,14.1,0,0,2025-08-27,Lluvia
Hospital,Cisneros,Metro,5.3,Martes,7,1,0,7.9,3840,0,2025-08-26,Tormenta
San Javier,Prado,Caminando,9.9,Domingo,1,0,1,19.1,0,1,2025-12-14,Soleado
Suramericana,Poblado,Cable,4.7,Domingo,19,1,1,20.1,0,0,2025-11-16,Lluvia
Ayura,Acevedo,Metro,2.3,Lunes,6,1,0,3.5,3840,1,2025-12-15,Nublado
Madera,Parque Berrio,Taxi,2.4,Viernes,12,1,0,21.5,6504,0,2025-12-19,Soleado
Cisneros,Aguacatala,Metro,4.4,Domingo,7,1,1,5.4,3840,0,2025-01-12,Nublado
Alpujarra,Industriales,Cable,3.9,Domingo,0,0,1,7.9,0,0,2025-06-01,Nublado
Universidad,Acevedo,Metro,9.9,Domingo,8,1,1,8.9,3840,0,2025-06-22,Nublado
Niquia,Industriales,Metro,11.3,Lunes,3,0,0,12.7,3200,0,2025-09-08,Lluvia
Tricentenario,Universidad,Metro,3.3,Viernes,9,0,0,4.1,3200,0,2025-12-12,Nublado
Floresta,Suramericana,Taxi,10.4,Domingo,17,1,1,52.3,14184,1,2025-04-13,Tormenta
Acevedo,Santa Lucia,Taxi,4.8,Martes,19,1,0,31.4,8808,1,2025-12-09,Lluvia
Cisneros,San Antonio,Taxi,8.5,Viernes,14,1,0,55.9,12360,0,2025-04-18,Lluvia
Bello,Itagui,Metro,14.5,Lunes,19,1,0,19.4,3840,1,2025-05-19,Lluvia
Itagui,Hospital,Taxi,14.3,Viernes,1,0,0,83.5,14940,0,2025-09-19,Nublado
Ayura,Envigado,Metro,5.4,Domingo,0,0,1,4.7,3200,0,2025-06-22,Tormenta
Suramericana,Universidad,Taxi,6.0,Martes,9,0,0,28.2,8300,0,2025-05-13,Tormenta
Prado,San Antonio,Taxi,12.1,Viernes,12,1,0,83.7,15816,1,2025-10-17,Soleado
Bello,Poblado,Metro,6.5,Jueves,18,1,0,10.5,3840,0,2025-07-17,Tormenta
Alpujarra,Cisneros,Taxi,9.3,Jueves,15,0,0,55.5,10940,0,2025-04-17,Lluvia
La Estrella,Cisneros,Cable,3.0,Sabado,18,1,1,8.5,0,1,2025-01-11,Nublado
Alpujarra,Prado,Taxi,1.6,Sabado,19,1,1,9.9,5736,0,2025-04-12,Nublado
Tricentenario,San Javier,Taxi,8.9,Jueves,0,0,0,44.4,10620,0,2025-08-28,Soleado
Santa Lucia,Aguacatala,Taxi,11.8,Lunes,3,0,0,53.6,12940,0,2025-04-14,Nublado
Floresta,San Javier,Caminando,14.3,Lunes,7,1,0,90.7,0,0,2025-06-02,Nublado
San Javier,Hospital,Cable,9.0,Domingo,15,0,1,24.4,0,0,2025-02-16,Lluvia
Santa Lucia,Sabaneta,Taxi,3.4,Viernes,23,0,0,19.8,6220,0,2025-08-22,Lluvia
San Javier,Estadio,Bus,8.4,Miercoles,23,0,0,12.1,2800,0,2025-08-13,Soleado
Caribe,Hospital,Caminando,7.7,Jueves,12,1,0,32.8,0,0,2025-04-17,Soleado
Estadio,San Javier,Taxi,5.7,Martes,8,1,0,42.0,9672,0,2025-01-21,Nublado
Ayura,Madera,Metro,14.1,Jueves,11,1,0,24.4,3840,0,2025-01-09,Nublado
Bello,Ayura,Taxi,9.2,Domingo,20,0,1,28.5,10860,0,2025-12-14,Nublado
Poblado,Suramericana,Cable,3.6,Martes,15,0,0,13.3,0,1,2025-09-09,Nublado
Cisneros,La Estrella,Cable,11.0,Jueves,23,0,0,38.9,0,0,2025-04-10,Nublado
Madera,Exposiciones,Metro,6.3,Miercoles,0,0,0,6.6,3200,1,2025-01-22,Nublado
La Estrella,San Javier,Taxi,14.4,Martes,16,0,0,78.1,15020,0,2025-12-23,Lluvia
Universidad,Ayura,Metro,4.5,Viernes,11,1,0,8.7,3840,1,2025-07-04,Nublado
Madera,Itagui,Cable,1.7,Jueves,0,0,0,6.3,0,0,2025-04-24,Nublado
Acevedo,Caribe,Caminando,14.2,Lunes,6,1,0,83.1,0,1,2025-09-01,Nublado
San Javier,Floresta,Cable,8.4,Martes,11,1,0,42.3,0,1,2025-12-09,Soleado
Aguacatala,Tricentenario,Bus,2.2,Miercoles,17,1,0,4.8,3360,0,2025-01-15,Lluvia
Alpujarra,Caribe,Bus,9.0,Domingo,20,0,1,12.5,2800,1,2025-11-02,Lluvia
Suramericana,Sabaneta,Caminando,14.2,Lunes,23,0,0,40.6,0,0,2025-09-22,Soleado
Universidad,Caribe,Bus,12.1,Miercoles,17,1,0,37.3,3360,1,2025-01-08,Soleado
Poblado,San Antonio,Metro,2.7,Viernes,23,0,0,4.8,3200,0,2025-03-28,Tormenta
Aguacatala,San Javier,Taxi,5.5,Lunes,22,0,0,31.4,7900,0,2025-09-22,Lluvia
Itagui,Suramericana,Metro,5.2,Jueves,10,0,0,6.3,3200,0,2025-06-05,Tormenta
Industriales,La Estrella,Taxi,7.2,Sabado,12,1,1,39.7,11112,1,2025-12-13,Soleado
Parque Berrio,Suramericana,Bus,10.1,Martes,9,0,0,15.7,2800,0,2025-01-21,Lluvia
Exposiciones,Tricentenario,Metro,10.3,Domingo,12,1,1,13.7,3840,1,2025-09-07,Lluvia
Acevedo,Poblado,Cable,7.2,Lunes,8,1,0,44.9,0,0,2025-08-18,Tormenta
Itagui,Ayura,Taxi,4.8,Martes,10,0,0,20.1,7340,1,2025-09-30,Tormenta
Poblado,San Javier,Bus,8.1,Viernes,9,0,0,15.0,2800,0,2025-08-08,Lluvia
Universidad,Aguacatala,Cable,4.9,Lunes,2,0,0,14.8,0,0,2025-01-27,Lluvia
Alpujarra,Santa Lucia,Caminando,14.8,Jueves,4,0,0,63.8,0,1,2025-09-25,Tormenta
Niquia,San Antonio,Metro,6.4,Viernes,20,0,0,5.3,3200,0,2025-09-05,Tormenta
Suramericana,Itagui,Bus,11.6,Domingo,22,0,1,16.5,2800,0,2025-08-10,Nublado
San Javier,Estadio,Bus,11.9,Viernes,6,1,0,25.6,3360,0,2025-08-29,Nublado
Madera,Caribe,Bus,7.4,Viernes,0,0,0,13.0,2800,0,2025-01-03,Soleado
Alpujarra,Hospital,Bus,5.8,Domingo,9,0,1,14.0,2800,0,2025-12-28,Soleado
San Antonio,Ayura,Caminando,10.8,Sabado,13,1,1,34.1,0,0,2025-04-19,Soleado
Cisneros,Hospital,Cable,2.8,Lunes,20,0,0,9.9,0,0,2025-06-23,Lluvia
Sabaneta,Santa Lucia,Caminando,12.4,Sabado,23,0,1,23.5,0,1,2025-08-16,Soleado
Niquia,Ayura,Taxi,12.0,Domingo,3,0,1,38.8,13100,0,2025-07-13,Lluvia
Floresta,Itagui,Metro,13.5,Viernes,15,0,0,12.7,3200,0,2025-12-05,Tormenta
Hospital,Envigado,Cable,13.7,Martes,5,0,0,56.9,0,0,2025-08-12,Soleado
Floresta,San Antonio,Taxi,7.0,Viernes,16,0,0,37.2,9100,0,2025-07-11,Tormenta
Parque Berrio,Madera,Taxi,13.4,Sabado,15,0,1,52.2,14220,0,2025-03-29,Tormenta
Caribe,Poblado,Bus,2.2,Lunes,8,1,0,4.8,3360,1,2025-12-29,Nublado
Acevedo,Alpujarra,Caminando,10.8,Lunes,0,0,0,31.0,0,1,2025-01-13,Soleado
Parque Berrio,Floresta,Taxi,6.9,Viernes,8,1,0,65.3,10824,0,2025-09-19,Lluvia
Acevedo,Estadio,Cable,6.5,Sabado,22,0,1,14.4,0,0,2025-11-29,Nublado
Itagui,Madera,Metro,6.2,Viernes,21,0,0,7.0,3200,0,2025-07-25,Tormenta
Estadio,Exposiciones,Taxi,6.4,Domingo,23,0,1,27.6,8620,0,2025-08-31,Lluvia
Tricentenario,Niquia,Caminando,12.9,Miercoles,23,0,0,37.4,0,0,2025-12-10,Lluvia
Caribe,Madera,Cable,9.0,Domingo,1,0,1,22.4,0,1,2025-07-06,Tormenta
Tricentenario,Aguacatala,Taxi,3.0,Martes,23,0,0,12.0,5900,0,2025-06-03,Lluvia
Santa Lucia,Bello,Cable,12.0,Viernes,5,0,0,36.6,0,0,2025-11-07,Lluvia
Bello,Madera,Cable,6.8,Miercoles,4,0,0,29.0,0,1,2025-09-03,Nublado
Suramericana,Madera,Taxi,2.2,Miercoles,1,0,0,12.6,5260,0,2025-05-07,Nublado
Hospital,Niquia,Metro,10.4,Martes,3,0,0,10.4,3200,0,2025-02-25,Lluvia
Ayura,Aguacatala,Taxi,6.0,Jueves,4,0,0,32.5,8300,1,2025-07-10,Nublado
Industriales,La Estrella,Cable,10.9,Sabado,11,1,1,40.5,0,0,2025-05-10,Nublado
La Estrella,Ayura,Cable,5.6,Miercoles,2,0,0,24.0,0,0,2025-12-31,Tormenta
Hospital,Santa Lucia,Bus,10.9,Domingo,22,0,1,14.9,2800,1,2025-10-05,Tormenta
La Estrella,Envigado,Bus,13.7,Martes,21,0,0,26.2,2800,0,2025-06-17,Soleado
Estadio,Floresta,Cable,14.1,Sabado,8,1,1,47.0,0,0,2025-03-08,Nublado
Itagui,Universidad,Cable,2.9,Miercoles,17,1,0,15.4,0,1,2025-12-17,Tormenta
Universidad,Poblado,Cable,2.3,Viernes,23,0,0,9.5,0,0,2025-10-17,Tormenta
Cisneros,Madera,Caminando,13.0,Jueves,21,0,0,50.7,0,0,2025-01-30,Nublado
Envigado,Santa Lucia,Cable,2.7,Domingo,3,0,1,7.8,0,1,2025-03-23,Soleado
La Estrella,Prado,Taxi,12.4,Martes,5,0,0,72.0,13420,1,2025-07-15,Soleado
Acevedo,Industriales,Taxi,9.9,Miercoles,13,1,0,68.2,13704,0,2025-08-06,Soleado
Ayura,Tricentenario,Taxi,6.4,Lunes,23,0,0,30.8,8620,1,2025-04-07,Lluvia
Niquia,Prado,Metro,5.4,Miercoles,15,0,0,6.6,3200,0,2025-11-26,Soleado
San Javier,Prado,Bus,8.4,Sabado,4,0,1,8.8,2800,1,2025-02-01,Lluvia
Alpujarra,Niquia,Caminando,14.2,Sabado,23,0,1,35.0,0,0,2025-04-19,Tormenta
Niquia,Caribe,Taxi,14.0,Lunes,0,0,0,133.7,14700,0,2025-05-19,Soleado
San Javier,Envigado,Bus,10.8,Jueves,21,0,0,16.6,2800,0,2025-05-01,Tormenta
Aguacatala,San Javier,Bus,5.8,Lunes,13,1,0,14.8,3360,1,2025-09-08,Lluvia
Aguacatala,Hospital,Taxi,5.0,Sabado,9,0,1,22.2,7500,0,2025-06-14,Tormenta
Acevedo,Alpujarra,Bus,9.5,Sabado,6,1,1,14.8,3360,0,2025-10-25,Soleado
Alpujarra,Bello,Metro,9.9,Jueves,8,1,0,16.1,3840,0,2025-04-17,Lluvia
Ayura,Caribe,Taxi,4.0,Domingo,15,0,1,17.4,6700,0,2025-08-17,Soleado
Hospital,Aguacatala,Metro,3.1,Viernes,19,1,0,4.7,3840,0,2025-12-19,Lluvia
San Antonio,Aguacatala,Metro,12.1,Miercoles,5,0,0,10.2,3200,1,2025-05-28,Nublado
Bello,Floresta,Cable,9.4,Lunes,23,0,0,25.8,0,0,2025-12-01,Nublado
Exposiciones,Prado,Bus,4.5,Domingo,8,1,1,9.5,3360,0,2025-07-20,Tormenta
Itagui,Madera,Taxi,9.8,Lunes,5,0,0,50.6,11340,0,2025-03-17,Tormenta
Exposiciones,Floresta,Caminando,7.5,Sabado,10,0,1,14.4,0,0,2025-05-03,Tormenta
Envigado,San Antonio,Cable,3.6,Lunes,1,0,0,14.1,0,1,2025-02-24,Soleado
Bello,Santa Lucia,Cable,5.8,Sabado,20,0,1,15.8,0,0,2025-04-19,Tormenta
San Antonio,Parque Berrio,Cable,2.7,Miercoles,17,1,0,11.9,0,0,2025-07-09,Soleado
Hospital,San Antonio,Taxi,4.1,Lunes,20,0,0,23.7,6780,0,2025-08-04,Tormenta
Ayura,Parque Berrio,Metro,11.3,Sabado,9,0,1,7.6,3200,0,2025-06-21,Lluvia
Estadio,Madera,Caminando,6.5,Lunes,3,0,0,24.6,0,0,2025-07-07,Lluvia
Itagui,Industriales,Taxi,12.0,Miercoles,0,0,0,67.2,13100,0,2025-07-30,Nublado
Poblado,Estadio,Taxi,11.3,Jueves,5,0,0,59.8,12540,1,2025-03-20,Nublado
Caribe,Tricentenario,Taxi,5.7,Lunes,23,0,0,29.6,8060,0,2025-02-17,Nublado
Poblado,San Javier,Bus,6.8,Lunes,15,0,0,10.6,2800,0,2025-04-28,Lluvia
Universidad,Bello,Bus,8.6,Jueves,15,0,0,13.0,2800,1,2025-11-13,Nublado
Acevedo,Niquia,Caminando,5.4,Domingo,11,1,1,24.4,0,1,2025-04-13,Lluvia
Bello,Acevedo,Taxi,8.8,Sabado,12,1,1,37.6,12648,0,2025-10-18,Lluvia
Universidad,La Estrella,Metro,10.2,Martes,14,1,0,17.3,3840,0,2025-10-07,Soleado
Bello,Aguacatala,Caminando,6.6,Viernes,9,0,0,28.4,0,0,2025-03-21,Nublado
Industriales,Santa Lucia,Metro,3.9,Lunes,18,1,0,5.9,3840,0,2025-12-15,Lluvia
Floresta,Niquia,Caminando,5.7,Martes,10,0,0,21.2,0,0,2025-06-17,Nublado
Exposiciones,Industriales,Caminando,5.6,Domingo,6,1,1,22.9,0,1,2025-03-16,Lluvia
Santa Lucia,Industriales,Caminando,7.6,Viernes,22,0,0,21.0,0,0,2025-11-07,Nublado
Estadio,San Javier,Bus,13.3,Sabado,20,0,1,20.0,2800,1,2025-05-10,Lluvia
Acevedo,San Antonio,Caminando,14.7,Jueves,2,0,0,60.5,0,0,2025-07-17,Tormenta
Estadio,Floresta,Caminando,14.2,Martes,16,0,0,52.4,0,0,2025-12-23,Lluvia
Niquia,Suramericana,Bus,2.2,Lunes,20,0,0,4.7,2800,0,2025-12-15,Soleado
Hospital,Santa Lucia,Taxi,10.7,Martes,1,0,0,49.1,12060,1,2025-05-20,Soleado
Acevedo,Industriales,Caminando,6.9,Martes,8,1,0,28.8,0,0,2025-04-08,Nublado
Aguacatala,Ayura,Caminando,2.3,Miercoles,20,0,0,8.7,0,0,2025-05-07,Soleado
Madera,Industriales,Bus,3.5,Miercoles,16,0,0,4.7,2800,0,2025-02-19,Lluvia
Tricentenario,Hospital,Metro,9.9,Jueves,7,1,0,17.0,3840,1,2025-04-10,Soleado
Itagui,Envigado,Bus,1.6,Lunes,5,0,0,2.5,2800,0,2025-02-10,Tormenta
Caribe,Bello,Metro,9.5,Viernes,19,1,0,17.8,3840,1,2025-04-04,Tormenta
Aguacatala,San Javier,Taxi,1.1,Jueves,18,1,0,6.6,5256,0,2025-07-24,Soleado
Poblado,Exposiciones,Taxi,12.9,Sabado,5,0,1,48.1,13820,1,2025-04-19,Tormenta
Acevedo,Exposiciones,Metro,5.3,Martes,9,0,0,5.9,3200,0,2025-06-10,Soleado
Santa Lucia,Floresta,Caminando,7.8,Miercoles,0,0,0,27.7,0,1,2025-08-20,Lluvia
Bello,Madera,Caminando,13.1,Viernes,21,0,0,46.8,0,1,2025-05-02,Soleado
Caribe,Hospital,Bus,1.4,Jueves,12,1,0,4.3,3360,1,2025-02-27,Lluvia
Santa Lucia,Madera,Caminando,3.6,Miercoles,4,0,0,12.3,0,1,2025-04-30,Soleado
Caribe,Madera,Bus,7.5,Jueves,3,0,0,12.2,2800,0,2025-02-27,Nublado
Caribe,Industriales,Cable,11.5,Domingo,0,0,1,22.6,0,1,2025-12-14,Tormenta
Poblado,Cisneros,Caminando,14.3,Miercoles,23,0,0,38.3,0,0,2025-07-30,Tormenta
Prado,Suramericana,Bus,11.9,Domingo,14,1,1,38.2,3360,1,2025-08-10,Lluvia
Universidad,San Javier,Metro,6.1,Domingo,21,0,1,3.8,3200,1,2025-05-25,Soleado
Bello,Santa Lucia,Taxi,12.1,Miercoles,14,1,0,72.7,15816,0,2025-01-15,Lluvia
Industriales,Ayura,Cable,8.1,Sabado,7,1,1,28.9,0,1,2025-02-01,Soleado
Envigado,San Javier,Bus,6.5,Lunes,20,0,0,12.2,2800,0,2025-01-13,Nublado
San Antonio,Alpujarra,Metro,7.2,Jueves,15,0,0,7.4,3200,0,2025-02-13,Nublado
Envigado,Caribe,Caminando,2.8,Martes,3,0,0,9.2,0,1,2025-01-14,Nublado
Prado,Niquia,Cable,2.0,Viernes,12,1,0,17.0,0,0,2025-04-11,Tormenta
San Antonio,Madera,Metro,13.0,Viernes,15,0,0,13.5,3200,1,2025-12-12,Soleado
San Javier,Exposiciones,Taxi,8.9,Sabado,11,1,1,58.7,12744,0,2025-10-04,Soleado
Caribe,Cisneros,Taxi,5.3,Miercoles,14,1,0,37.7,9288,0,2025-01-29,Soleado
Itagui,Bello,Metro,10.8,Viernes,8,1,0,17.0,3840,0,2025-02-21,Tormenta
Madera,Sabaneta,Taxi,11.3,Sabado,8,1,1,83.2,15048,1,2025-03-08,Tormenta
Parque Berrio,Alpujarra,Metro,2.8,Viernes,14,1,0,3.7,3840,1,2025-09-05,Lluvia
Hospital,San Antonio,Cable,7.4,Martes,5,0,0,21.4,0,0,2025-09-16,Soleado
Sabaneta,Alpujarra,Caminando,8.4,Miercoles,22,0,0,29.7,0,0,2025-11-26,Lluvia
Santa Lucia,Ayura,Cable,9.7,Lunes,14,1,0,60.1,0,0,2025-03-31,Lluvia
Santa Lucia,Aguacatala,Metro,1.4,Martes,22,0,0,1.7,3200,0,2025-03-25,Tormenta
Universidad,Floresta,Caminando,5.0,Domingo,9,0,1,11.0,0,0,2025-09-28,Nublado
San Antonio,Estadio,Cable,10.9,Sabado,11,1,1,42.0,0,0,2025-12-13,Tormenta
Exposiciones,Caribe,Bus,14.6,Domingo,7,1,1,31.5,3360,0,2025-08-31,Soleado
Exposiciones,San Javier,Bus,6.9,Miercoles,3,0,0,10.6,2800,1,2025-01-29,Nublado
Madera,Exposiciones,Cable,13.4,Sabado,6,1,1,60.6,0,0,2025-12-20,Nublado
Exposiciones,Caribe,Caminando,13.4,Domingo,13,1,1,42.1,0,1,2025-10-12,Lluvia
Alpujarra,Exposiciones,Metro,4.8,Lunes,9,0,0,4.5,3200,1,2025-12-01,Tormenta
San Antonio,Prado,Caminando,7.7,Viernes,9,0,0,24.2,0,1,2025-05-16,Lluvia
Caribe,San Javier,Taxi,13.6,Domingo,7,1,1,59.8,17256,1,2025-07-13,Tormenta
Prado,Suramericana,Cable,13.6,Martes,19,1,0,76.9,0,0,2025-11-25,Tormenta
Caribe,Parque Berrio,Cable,10.1,Martes,10,0,0,37.4,0,0,2025-04-15,Soleado
Alpujarra,Hospital,Metro,12.3,Sabado,14,1,1,12.0,3840,0,2025-02-01,Nublado
Prado,Ayura,Caminando,1.7,Martes,21,0,0,7.2,0,0,2025-04-01,Lluvia
San Antonio,Estadio,Bus,3.0,Domingo,0,0,1,3.5,2800,0,2025-02-09,Tormenta
Envigado,San Javier,Cable,11.4,Viernes,9,0,0,49.2,0,0,2025-03-28,Tormenta
Niquia,Poblado,Cable,11.2,Jueves,12,1,0,55.4,0,0,2025-10-30,Nublado
Floresta,Poblado,Taxi,12.2,Viernes,3,0,0,73.1,13260,0,2025-11-07,Soleado
Exposiciones,San Antonio,Metro,7.1,Miercoles,2,0,0,11.1,3200,1,2025-08-06,Soleado
Tricentenario,Estadio,Bus,1.0,Martes,13,1,0,2.3,3360,0,2025-02-11,Tormenta
Caribe,Itagui,Caminando,9.9,Domingo,13,1,1,29.7,0,0,2025-10-05,Soleado
Prado,Estadio,Caminando,6.2,Miercoles,9,0,0,25.3,0,0,2025-10-08,Tormenta
Ayura,Prado,Bus,5.0,Viernes,1,0,0,7.8,2800,1,2025-01-17,Soleado
La Estrella,Aguacatala,Bus,10.9,Lunes,5,0,0,19.4,2800,0,2025-09-08,Lluvia
Itagui,Alpujarra,Bus,11.4,Martes,22,0,0,21.9,2800,0,2025-09-23,Lluvia
San Javier,Aguacatala,Cable,9.3,Domingo,15,0,1,17.7,0,0,2025-04-20,Tormenta
San Javier,Sabaneta,Caminando,7.1,Jueves,12,1,0,36.7,0,1,2025-04-17,Lluvia
Itagui,Universidad,Caminando,5.4,Martes,23,0,0,21.3,0,1,2025-05-20,Soleado
Hospital,Alpujarra,Cable,11.7,Martes,4,0,0,43.5,0,0,2025-01-14,Tormenta
Santa Lucia,Niquia,Caminando,5.3,Domingo,6,1,1,19.2,0,1,2025-08-03,Tormenta
San Antonio,Madera,Bus,8.0,Viernes,1,0,0,11.5,2800,1,2025-02-14,Lluvia
Cisneros,La Estrella,Taxi,13.3,Domingo,16,0,1,40.3,14140,0,2025-02-23,Soleado
Ayura,Alpujarra,Caminando,6.7,Viernes,7,1,0,30.8,0,1,2025-11-21,Nublado
Aguacatala,Suramericana,Cable,12.5,Jueves,10,0,0,48.4,0,0,2025-10-30,Lluvia
Estadio,Suramericana,Taxi,13.3,Sabado,7,1,1,64.7,16968,0,2025-08-23,Lluvia
Floresta,Estadio,Bus,3.4,Jueves,2,0,0,5.5,2800,0,2025-06-19,Lluvia
Industriales,Aguacatala,Caminando,10.2,Lunes,1,0,0,40.9,0,0,2025-11-24,Tormenta
Itagui,Suramericana,Bus,5.6,Sabado,8,1,1,8.6,3360,0,2025-11-15,Lluvia
San Javier,Itagui,Caminando,1.8,Miercoles,1,0,0,5.5,0,1,2025-11-12,Tormenta
Niquia,Madera,Caminando,9.0,Jueves,2,0,0,25.2,0,1,2025-05-15,Lluvia
Aguacatala,San Antonio,Bus,2.0,Lunes,17,1,0,6.5,3360,0,2025-12-22,Tormenta
Exposiciones,Floresta,Bus,6.8,Viernes,5,0,0,10.8,2800,0,2025-06-20,Soleado
Prado,Bello,Caminando,6.6,Martes,4,0,0,20.3,0,0,2025-07-01,Soleado
Ayura,La Estrella,Cable,7.3,Sabado,15,0,1,18.1,0,0,2025-09-27,Nublado
San Javier,Universidad,Caminando,11.0,Miercoles,9,0,0,40.6,0,0,2025-01-22,Tormenta
Bello,Prado,Bus,8.1,Sabado,7,1,1,14.0,3360,0,2025-12-13,Lluvia
Hospital,Poblado,Cable,10.5,Martes,21,0,0,39.0,0,1,2025-01-28,Tormenta
Envigado,Itagui,Metro,1.4,Domingo,21,0,1,1.0,3200,0,2025-03-23,Tormenta
Aguacatala,Poblado,Cable,5.8,Jueves,7,1,0,37.0,0,0,2025-08-21,Lluvia
San Antonio,La Estrella,Metro,9.6,Jueves,8,1,0,17.3,3840,1,2025-04-17,Soleado
Acevedo,Bello,Bus,9.0,Martes,19,1,0,22.2,3360,1,2025-07-15,Nublado
Universidad,Floresta,Bus,3.9,Lunes,20,0,0,7.4,2800,0,2025-04-07,Lluvia
San Antonio,Estadio,Metro,6.3,Martes,0,0,0,5.1,3200,0,2025-08-26,Soleado
Exposiciones,Aguacatala,Taxi,11.4,Lunes,10,0,0,54.1,12620,0,2025-02-24,Nublado
Acevedo,Poblado,Taxi,10.3,Miercoles,7,1,0,79.3,14088,0,2025-10-15,Tormenta
Hospital,Bello,Bus,7.1,Domingo,9,0,1,8.0,2800,1,2025-10-26,Nublado
San Javier,Bello,Bus,8.1,Lunes,23,0,0,12.2,2800,1,2025-04-28,Lluvia
Envigado,Caribe,Caminando,9.3,Viernes,16,0,0,38.6,0,0,2025-05-16,Lluvia
Cisneros,Sabaneta,Taxi,9.7,Miercoles,12,1,0,60.6,13512,0,2025-02-12,Lluvia
Cisneros,Exposiciones,Taxi,11.7,Lunes,13,1,0,76.5,15432,1,2025-06-02,Lluvia
Madera,Exposiciones,Bus,7.9,Jueves,4,0,0,12.9,2800,0,2025-06-05,Soleado
Ayura,Sabaneta,Cable,11.7,Domingo,19,1,1,35.3,0,0,2025-09-07,Soleado
Floresta,Sabaneta,Bus,11.6,Martes,15,0,0,24.7,2800,0,2025-08-05,Soleado
Bello,Cisneros,Taxi,7.8,Lunes,2,0,0,45.1,9740,0,2025-12-08,Lluvia
Santa Lucia,Industriales,Metro,6.8,Jueves,7,1,0,9.3,3840,0,2025-12-11,Nublado
Suramericana,San Javier,Metro,7.7,Jueves,8,1,0,14.1,3840,1,2025-07-17,Nublado
Santa Lucia,Ayura,Bus,7.9,Jueves,17,1,0,24.7,3360,1,2025-03-06,Lluvia
San Javier,Bello,Cable,5.9,Domingo,16,0,1,16.1,0,0,2025-07-20,Tormenta
San Javier,Industriales,Metro,14.7,Lunes,13,1,0,23.9,3840,0,2025-08-04,Tormenta
Prado,Poblado,Metro,5.4,Martes,18,1,0,9.3,3840,0,2025-06-24,Nublado
Universidad,Sabaneta,Taxi,2.8,Viernes,6,1,0,26.3,6888,0,2025-08-01,Lluvia
Exposiciones,La Estrella,Cable,2.1,Martes,18,1,0,9.2,0,0,2025-02-04,Tormenta
Floresta,Parque Berrio,Caminando,8.7,Jueves,12,1,0,46.2,0,0,2025-12-25,Tormenta
Floresta,Universidad,Metro,1.8,Lunes,13,1,0,2.4,3840,1,2025-10-20,Nublado
Exposiciones,Sabaneta,Bus,6.9,Jueves,11,1,0,24.2,3360,0,2025-04-03,Tormenta
Itagui,Floresta,Metro,3.9,Miercoles,15,0,0,3.3,3200,0,2025-02-26,Tormenta
Hospital,Aguacatala,Metro,4.2,Viernes,11,1,0,6.3,3840,1,2025-09-26,Nublado
Niquia,Poblado,Bus,3.9,Sabado,13,1,1,8.0,3360,0,2025-06-28,Lluvia
Caribe,Suramericana,Caminando,1.0,Miercoles,9,0,0,7.8,0,1,2025-09-24,Nublado
Aguacatala,Universidad,Metro,11.7,Martes,4,0,0,10.4,3200,0,2025-04-22,Tormenta
Universidad,Estadio,Taxi,12.0,Viernes,21,0,0,73.2,13100,0,2025-03-07,Nublado
Niquia,Prado,Caminando,13.0,Jueves,21,0,0,49.2,0,0,2025-01-02,Tormenta
Tricentenario,Santa Lucia,Metro,13.9,Miercoles,10,0,0,17.8,3200,0,2025-10-15,Soleado
La Estrella,Caribe,Caminando,12.1,Lunes,14,1,0,49.3,0,0,2025-02-10,Tormenta
Exposiciones,Industriales,Bus,7.7,Domingo,20,0,1,9.5,2800,1,2025-07-20,Lluvia
Itagui,Ayura,Taxi,3.8,Domingo,0,0,1,15.2,6540,0,2025-06-22,Lluvia
Niquia,Prado,Cable,9.9,Viernes,6,1,0,44.5,0,0,2025-07-04,Nublado
Santa Lucia,Prado,Taxi,14.3,Jueves,22,0,0,69.0,14940,1,2025-03-06,Lluvia
Bello,Cisneros,Bus,8.0,Martes,11,1,0,21.6,3360,1,2025-01-28,Tormenta
San Antonio,Tricentenario,Taxi,8.0,Sabado,9,0,1,24.6,9900,0,2025-11-15,Nublado
Ayura,Envigado,Bus,5.6,Viernes,22,0,0,8.8,2800,0,2025-01-03,Lluvia
Itagui,Madera,Bus,6.7,Jueves,23,0,0,10.9,2800,0,2025-07-24,Nublado
Tricentenario,Floresta,Cable,10.2,Martes,18,1,0,58.9,0,0,2025-02-25,Nublado
Itagui,Parque Berrio,Caminando,3.7,Jueves,18,1,0,22.7,0,0,2025-05-15,Lluvia
Poblado,Ayura,Cable,13.9,Martes,2,0,0,49.5,0,0,2025-07-22,Soleado
Estadio,Floresta,Metro,10.8,Lunes,18,1,0,17.8,3840,0,2025-12-29,Nublado
Tricentenario,Hospital,Caminando,14.4,Martes,20,0,0,56.6,0,0,2025-12-23,Soleado
Acevedo,Sabaneta,Taxi,1.4,Viernes,4,0,0,6.9,4620,0,2025-02-14,Nublado
Industriales,Bello,Caminando,14.9,Miercoles,17,1,0,124.5,0,0,2025-09-10,Nublado
La Estrella,Floresta,Bus,14.2,Jueves,17,1,0,31.2,3360,0,2025-10-09,Tormenta
Exposiciones,Ayura,Cable,14.2,Miercoles,14,1,0,63.9,0,1,2025-04-23,Lluvia
Ayura,Hospital,Cable,1.0,Sabado,13,1,1,3.9,0,0,2025-07-05,Lluvia
Exposiciones,Santa Lucia,Taxi,9.2,Martes,9,0,0,84.6,10860,0,2025-09-09,Nublado
Sabaneta,Hospital,Metro,9.3,Domingo,8,1,1,11.4,3840,0,2025-07-20,Tormenta
Floresta,Hospital,Metro,8.5,Martes,16,0,0,7.0,3200,1,2025-07-01,Soleado
Tricentenario,Sabaneta,Bus,5.4,Martes,13,1,0,17.4,3360,0,2025-08-05,Soleado
Itagui,San Antonio,Caminando,12.9,Lunes,9,0,0,51.2,0,0,2025-01-27,Tormenta
Estadio,Floresta,Metro,13.8,Martes,0,0,0,15.7,3200,0,2025-01-21,Tormenta
Universidad,Envigado,Caminando,7.2,Viernes,8,1,0,42.4,0,0,2025-06-13,Tormenta
Parque Berrio,Hospital,Cable,8.8,Martes,7,1,0,41.3,0,0,2025-10-21,Lluvia
Itagui,Exposiciones,Cable,3.0,Martes,16,0,0,16.2,0,0,2025-02-04,Lluvia
La Estrella,Cisneros,Bus,2.4,Jueves,20,0,0,5.1,2800,1,2025-07-03,Lluvia
Sabaneta,Parque Berrio,Metro,10.3,Jueves,9,0,0,9.7,3200,0,2025-10-23,Tormenta
Sabaneta,La Estrella,Caminando,11.6,Domingo,23,0,1,23.5,0,0,2025-01-19,Tormenta
Poblado,Exposiciones,Cable,12.6,Domingo,20,0,1,35.9,0,0,2025-01-19,Soleado
Universidad,Suramericana,Taxi,8.9,Jueves,20,0,0,53.8,10620,1,2025-01-09,Tormenta
Parque Berrio,San Antonio,Bus,8.1,Sabado,16,0,1,9.5,2800,0,2025-01-11,Nublado
La Estrella,Sabaneta,Cable,6.4,Domingo,0,0,1,14.8,0,0,2025-12-28,Tormenta
Acevedo,Exposiciones,Taxi,2.6,Martes,2,0,0,11.9,5580,1,2025-10-14,Tormenta
Ayura,Industriales,Metro,6.7,Martes,14,1,0,10.3,3840,1,2025-06-24,Nublado
Estadio,Bello,Bus,5.5,Viernes,4,0,0,18.7,2800,0,2025-01-31,Nublado
Hospital,Santa Lucia,Metro,6.3,Viernes,13,1,0,9.9,3840,0,2025-04-18,Nublado
Prado,Suramericana,Caminando,6.3,Sabado,21,0,1,14.3,0,1,2025-08-30,Tormenta
Parque Berrio,Sabaneta,Cable,2.3,Martes,8,1,0,13.5,0,0,2025-09-02,Nublado
Alpujarra,Aguacatala,Taxi,14.8,Lunes,21,0,0,71.2,15340,0,2025-06-02,Soleado
Santa Lucia,Acevedo,Caminando,12.5,Lunes,3,0,0,39.9,0,0,2025-07-07,Nublado
Envigado,Alpujarra,Metro,5.0,Viernes,14,1,0,7.6,3840,0,2025-06-13,Soleado
San Javier,Industriales,Caminando,8.1,Domingo,19,1,1,25.6,0,0,2025-01-05,Lluvia
Industriales,San Antonio,Metro,8.1,Martes,15,0,0,8.2,3200,0,2025-04-01,Lluvia
Exposiciones,Universidad,Bus,4.4,Miercoles,17,1,0,12.2,3360,1,2025-04-16,Lluvia
Poblado,Bello,Taxi,11.1,Domingo,10,0,1,47.7,12380,0,2025-02-09,Tormenta
Universidad,Itagui,Caminando,12.3,Sabado,20,0,1,36.8,0,0,2025-01-04,Nublado
Poblado,Madera,Cable,11.8,Miercoles,21,0,0,45.5,0,0,2025-02-26,Tormenta
Itagui,Poblado,Taxi,14.3,Jueves,13,1,0,139.3,17928,1,2025-09-04,Lluvia
La Estrella,Prado,Cable,6.8,Martes,14,1,0,28.8,0,1,2025-10-14,Soleado
Suramericana,Sabaneta,Bus,2.3,Miercoles,23,0,0,4.6,2800,0,2025-04-02,Nublado
Tricentenario,Envigado,Metro,4.4,Domingo,5,0,1,3.4,3200,1,2025-07-20,Lluvia
Prado,Alpujarra,Taxi,5.5,Viernes,2,0,0,34.3,7900,0,2025-05-23,Soleado
Prado,Suramericana,Metro,6.6,Lunes,7,1,0,8.1,3840,1,2025-01-27,Nublado
Industriales,Ayura,Bus,13.2,Martes,21,0,0,17.7,2800,0,2025-06-17,Tormenta
Alpujarra,Aguacatala,Metro,10.2,Jueves,16,0,0,8.6,3200,0,2025-08-07,Lluvia
Bello,Envigado,Cable,13.7,Domingo,17,1,1,45.9,0,0,2025-03-30,Lluvia
Poblado,Exposiciones,Metro,4.0,Miercoles,21,0,0,4.4,3200,0,2025-12-17,Nublado
Ayura,La Estrella,Taxi,6.5,Martes,14,1,0,40.9,10440,1,2025-07-22,Lluvia
Exposiciones,Bello,Metro,14.5,Viernes,5,0,0,12.7,3200,1,2025-08-29,Nublado
Santa Lucia,Exposiciones,Taxi,12.0,Sabado,1,0,1,47.6,13100,1,2025-11-08,Soleado
Industriales,Cisneros,Bus,13.0,Domingo,20,0,1,17.3,2800,1,2025-05-11,Soleado
Exposiciones,Poblado,Bus,14.8,Sabado,13,1,1,33.3,3360,0,2025-07-12,Lluvia
Parque Berrio,Madera,Taxi,7.4,Jueves,17,1,0,69.8,11304,0,2025-01-02,Nublado
Itagui,Alpujarra,Metro,8.2,Domingo,20,0,1,6.1,3200,0,2025-02-23,Tormenta
Floresta,Bello,Metro,5.1,Viernes,12,1,0,8.4,3840,0,2025-04-04,Lluvia
Universidad,Envigado,Caminando,13.5,Lunes,23,0,0,39.0,0,1,2025-02-24,Soleado
Industriales,Exposiciones,Cable,5.5,Martes,17,1,0,28.5,0,0,2025-10-07,Nublado
Madera,Poblado,Taxi,3.1,Miercoles,5,0,0,14.0,5980,1,2025-01-29,Lluvia
Floresta,Prado,Metro,10.0,Domingo,2,0,1,5.7,3200,1,2025-08-24,Lluvia
Niquia,Universidad,Bus,14.9,Viernes,21,0,0,27.8,2800,0,2025-12-05,Tormenta
Poblado,Acevedo,Taxi,14.0,Sabado,10,0,1,55.3,14700,0,2025-10-04,Soleado
Prado,Aguacatala,Caminando,11.3,Jueves,11,1,0,47.1,0,0,2025-06-12,Nublado
Parque Berrio,Suramericana,Caminando,12.5,Miercoles,5,0,0,37.1,0,0,2025-04-02,Soleado
Alpujarra,Cisneros,Bus,2.9,Sabado,16,0,1,4.1,2800,0,2025-01-25,Soleado
Cisneros,Caribe,Cable,5.7,Viernes,13,1,0,23.4,0,1,2025-11-07,Nublado
Santa Lucia,Tricentenario,Taxi,13.4,Martes,2,0,0,63.5,14220,0,2025-11-04,Nublado
Alpujarra,Bello,Bus,12.4,Domingo,8,1,1,25.9,3360,1,2025-09-07,Lluvia
Parque Berrio,Bello,Bus,6.0,Jueves,20,0,0,9.1,2800,1,2025-09-04,Lluvia
Floresta,Ayura,Metro,8.3,Martes,7,1,0,13.9,3840,1,2025-04-08,Tormenta
La Estrella,Hospital,Bus,8.2,Jueves,20,0,0,16.5,2800,1,2025-10-30,Lluvia
San Javier,Ayura,Cable,9.2,Viernes,3,0,0,37.4,0,1,2025-12-05,Nublado
Poblado,Ayura,Bus,7.8,Domingo,1,0,1,8.6,2800,0,2025-02-23,Soleado
Santa Lucia,Madera,Cable,13.0,Miercoles,15,0,0,34.9,0,1,2025-03-05,Tormenta
Ayura,Santa Lucia,Caminando,5.6,Viernes,8,1,0,35.5,0,0,2025-12-19,Lluvia
Sabaneta,Exposiciones,Cable,2.9,Domingo,0,0,1,6.7,0,0,2025-07-13,Tormenta
Prado,Acevedo,Bus,8.6,Sabado,17,1,1,13.5,3360,1,2025-01-04,Nublado
Alpujarra,Tricentenario,Caminando,1.1,Domingo,18,1,1,3.5,0,0,2025-12-14,Tormenta
Niquia,Caribe,Cable,7.8,Sabado,22,0,1,18.6,0,0,2025-11-08,Tormenta
Envigado,Parque Berrio,Caminando,7.0,Lunes,6,1,0,35.0,0,0,2025-01-27,Nublado
Prado,San Javier,Caminando,4.4,Martes,7,1,0,21.8,0,0,2025-02-04,Nublado
Estadio,Sabaneta,Bus,4.4,Lunes,6,1,0,10.8,3360,0,2025-01-06,Tormenta
Bello,Envigado,Caminando,9.4,Viernes,6,1,0,50.7,0,1,2025-06-27,Soleado
Madera,Acevedo,Taxi,12.7,Viernes,19,1,0,90.7,16392,1,2025-11-14,Tormenta
Universidad,Santa Lucia,Cable,11.7,Martes,1,0,0,123.6,0,0,2025-08-26,Soleado
Sabaneta,Parque Berrio,Taxi,14.2,Sabado,10,0,1,45.6,14860,0,2025-07-19,Soleado
San Javier,Universidad,Taxi,3.9,Sabado,10,0,1,17.0,6620,0,2025-01-11,Soleado
Bello,Envigado,Metro,14.5,Sabado,3,0,1,9.7,3200,1,2025-05-31,Nublado
Bello,Ayura,Bus,10.3,Domingo,21,0,1,14.4,2800,0,2025-02-23,Soleado
Exposiciones,San Antonio,Caminando,6.7,Lunes,5,0,0,21.3,0,1,2025-08-25,Lluvia
Poblado,Itagui,Cable,6.4,Martes,3,0,0,25.7,0,0,2025-08-19,Soleado
Envigado,Tricentenario,Caminando,11.6,Domingo,5,0,1,30.1,0,0,2025-03-02,Nublado
Prado,Sabaneta,Caminando,1.4,Domingo,19,1,1,5.2,0,0,2025-02-02,Lluvia
Alpujarra,Universidad,Cable,4.0,Domingo,1,0,1,11.7,0,0,2025-04-27,Lluvia
Itagui,Exposiciones,Cable,7.1,Domingo,15,0,1,18.4,0,0,2025-01-12,Soleado
Prado,Estadio,Taxi,11.4,Jueves,0,0,0,53.3,12620,0,2025-01-02,Soleado
Tricentenario,Prado,Metro,5.4,Lunes,23,0,0,6.4,3200,0,2025-01-27,Tormenta
Caribe,Sabaneta,Cable,3.5,Viernes,23,0,0,12.6,0,0,2025-09-26,Lluvia
Tricentenario,Aguacatala,Bus,9.1,Sabado,8,1,1,18.6,3360,0,2025-05-17,Soleado
Suramericana,La Estrella,Caminando,12.4,Miercoles,22,0,0,41.5,0,0,2025-09-03,Lluvia
Poblado,Estadio,Taxi,14.4,Jueves,14,1,0,112.6,18024,1,2025-09-18,Lluvia
Universidad,Sabaneta,Bus,12.1,Martes,20,0,0,23.1,2800,1,2025-07-01,Lluvia
Universidad,Floresta,Cable,7.7,Jueves,20,0,0,32.4,0,1,2025-01-02,Nublado
Alpujarra,Industriales,Metro,3.8,Viernes,9,0,0,3.2,3200,0,2025-01-24,Tormenta
Alpujarra,Tricentenario,Cable,14.9,Miercoles,14,1,0,92.4,0,0,2025-01-01,Tormenta
Acevedo,Aguacatala,Cable,1.1,Domingo,23,0,1,3.2,0,1,2025-04-20,Tormenta
Caribe,Sabaneta,Caminando,3.9,Lunes,22,0,0,14.0,0,0,2025-01-13,Tormenta
Poblado,Exposiciones,Bus,3.0,Jueves,14,1,0,7.3,3360,1,2025-03-27,Nublado
Itagui,Madera,Taxi,4.8,Viernes,9,0,0,25.0,7340,1,2025-09-19,Lluvia
Exposiciones,Cisneros,Cable,10.5,Sabado,5,0,1,54.7,0,1,2025-09-20,Lluvia
Bello,Santa Lucia,Bus,4.6,Lunes,2,0,0,8.8,2800,0,2025-07-21,Soleado
Tricentenario,Caribe,Metro,7.1,Miercoles,13,1,0,10.7,3840,0,2025-12-31,Lluvia
Hospital,Estadio,Bus,10.7,Viernes,5,0,0,17.9,2800,1,2025-05-23,Nublado
Santa Lucia,Caribe,Caminando,8.7,Lunes,2,0,0,23.4,0,1,2025-08-11,Soleado
San Antonio,Aguacatala,Bus,6.3,Domingo,3,0,1,8.8,2800,0,2025-04-06,Tormenta
Parque Berrio,Exposiciones,Taxi,2.5,Jueves,4,0,0,10.7,5500,0,2025-07-10,Lluvia
San Javier,Alpujarra,Cable,9.7,Domingo,11,1,1,33.5,0,0,2025-01-05,Lluvia
Parque Berrio,Madera,Bus,10.2,Martes,10,0,0,21.5,2800,0,2025-04-08,Nublado
Exposiciones,Hospital,Taxi,6.4,Sabado,0,0,1,20.0,8620,1,2025-08-09,Soleado
Aguacatala,Cisneros,Caminando,2.1,Domingo,22,0,1,5.4,0,0,2025-08-17,Lluvia
Universidad,Madera,Bus,11.7,Jueves,6,1,0,27.1,3360,0,2025-08-21,Soleado
San Javier,Madera,Caminando,2.6,Miercoles,13,1,0,16.5,0,1,2025-09-10,Lluvia
San Javier,Exposiciones,Metro,11.8,Viernes,4,0,0,10.9,3200,1,2025-06-13,Lluvia
Estadio,Poblado,Metro,14.7,Sabado,16,0,1,8.2,3200,0,2025-12-13,Nublado
Itagui,Estadio,Cable,1.6,Viernes,19,1,0,9.8,0,0,2025-02-07,Lluvia
Hospital,Aguacatala,Taxi,12.3,Sabado,21,0,1,53.7,13340,0,2025-10-11,Nublado
Niquia,Estadio,Metro,8.2,Miercoles,0,0,0,9.9,3200,1,2025-09-24,Soleado
Envigado,Acevedo,Taxi,5.0,Jueves,6,1,0,45.7,9000,1,2025-01-09,Soleado
Santa Lucia,Estadio,Metro,5.8,Lunes,12,1,0,9.8,3840,0,2025-06-23,Soleado
La Estrella,Caribe,Metro,6.8,Jueves,2,0,0,6.9,3200,1,2025-05-01,Nublado
La Estrella,Madera,Bus,12.6,Jueves,13,1,0,37.4,3360,1,2025-05-29,Lluvia
Itagui,Ayura,Bus,7.4,Miercoles,5,0,0,14.9,2800,0,2025-07-23,Lluvia
Itagui,Floresta,Taxi,6.4,Lunes,2,0,0,39.4,8620,1,2025-11-03,Soleado
Floresta,Prado,Cable,7.9,Miercoles,13,1,0,49.4,0,0,2025-07-09,Lluvia
Aguacatala,Envigado,Metro,14.7,Sabado,0,0,1,11.4,3200,0,2025-04-19,Tormenta
Parque Berrio,San Javier,Metro,1.6,Miercoles,8,1,0,2.4,3840,0,2025-07-23,Lluvia
Universidad,Cisneros,Bus,7.6,Viernes,7,1,0,16.6,3360,0,2025-03-07,Tormenta
Exposiciones,Prado,Metro,13.5,Domingo,13,1,1,16.1,3840,0,2025-04-06,Lluvia
Aguacatala,Prado,Taxi,8.1,Lunes,12,1,0,49.0,11976,0,2025-10-06,Nublado
Parque Berrio,Bello,Caminando,9.9,Miercoles,11,1,0,62.5,0,0,2025-04-23,Tormenta
Ayura,Envigado,Taxi,9.3,Viernes,17,1,0,56.3,13128,0,2025-10-17,Nublado
Caribe,Exposiciones,Caminando,7.1,Viernes,4,0,0,20.9,0,0,2025-08-01,Soleado
Suramericana,Caribe,Cable,2.7,Martes,7,1,0,12.2,0,0,2025-06-24,Lluvia
San Antonio,San Javier,Cable,3.3,Miercoles,23,0,0,14.1,0,0,2025-10-15,Nublado
Ayura,Niquia,Metro,10.5,Jueves,15,0,0,8.5,3200,1,2025-08-21,Soleado
Tricentenario,Estadio,Cable,4.7,Viernes,18,1,0,21.4,0,1,2025-12-05,Soleado
Cisneros,La Estrella,Taxi,1.4,Martes,7,1,0,9.5,5544,0,2025-12-23,Soleado
Cisneros,Ayura,Cable,14.5,Sabado,23,0,1,41.6,0,0,2025-12-06,Tormenta
La Estrella,Aguacatala,Taxi,11.5,Viernes,15,0,0,66.5,12700,0,2025-08-29,Soleado
Parque Berrio,Niquia,Caminando,4.5,Lunes,16,0,0,15.5,0,0,2025-04-28,Soleado
La Estrella,Envigado,Cable,12.0,Viernes,22,0,0,47.1,0,1,2025-08-29,Lluvia
Tricentenario,Caribe,Taxi,14.2,Sabado,18,1,1,64.5,17832,0,2025-04-19,Tormenta
Aguacatala,Poblado,Bus,6.1,Viernes,14,1,0,43.3,3360,0,2025-08-22,Lluvia
Caribe,Madera,Metro,7.0,Domingo,16,0,1,4.0,3200,1,2025-05-25,Nublado
Itagui,Exposiciones,Caminando,3.5,Lunes,17,1,0,20.9,0,0,2025-09-08,Lluvia
Poblado,San Antonio,Caminando,10.3,Martes,7,1,0,61.6,0,0,2025-10-14,Soleado
Exposiciones,Sabaneta,Bus,8.4,Martes,18,1,0,19.3,3360,1,2025-12-16,Lluvia
Parque Berrio,Poblado,Metro,9.3,Domingo,22,0,1,6.2,3200,0,2025-08-03,Tormenta
Ayura,Santa Lucia,Metro,4.0,Miercoles,18,1,0,6.0,3840,0,2025-09-24,Lluvia
Sabaneta,Floresta,Taxi,10.9,Domingo,10,0,1,31.8,12220,0,2025-11-23,Tormenta
Caribe,Prado,Taxi,9.7,Miercoles,1,0,0,50.0,11260,0,2025-11-19,Nublado
Exposiciones,Santa Lucia,Bus,13.4,Martes,18,1,0,32.7,3360,0,2025-09-16,Tormenta
San Javier,Poblado,Caminando,8.8,Jueves,22,0,0,32.7,0,0,2025-02-13,Soleado
Bello,Itagui,Metro,11.4,Domingo,0,0,1,7.1,3200,0,2025-01-12,Soleado
Exposiciones,Caribe,Taxi,5.5,Jueves,10,0,0,26.7,7900,0,2025-02-13,Soleado
Itagui,Floresta,Cable,10.3,Sabado,3,0,1,19.3,0,0,2025-08-16,Lluvia
Ayura,Floresta,Cable,10.2,Viernes,8,1,0,53.1,0,0,2025-04-04,Tormenta
Industriales,Alpujarra,Bus,12.9,Viernes,9,0,0,27.4,2800,0,2025-11-14,Tormenta
Tricentenario,Estadio,Taxi,13.1,Domingo,5,0,1,42.5,13980,1,2025-02-02,Nublado
Industriales,Aguacatala,Taxi,8.0,Viernes,14,1,0,54.4,11880,0,2025-12-12,Nublado
Exposiciones,Cisneros,Taxi,1.7,Martes,15,0,0,21.3,4860,0,2025-09-30,Soleado
Prado,Niquia,Cable,13.1,Martes,2,0,0,35.6,0,1,2025-09-02,Soleado
Aguacatala,Prado,Cable,9.5,Lunes,22,0,0,33.2,0,0,2025-07-21,Soleado
Poblado,Acevedo,Bus,6.5,Jueves,7,1,0,17.1,3360,0,2025-05-29,Soleado
Universidad,Tricentenario,Taxi,11.0,Viernes,12,1,0,102.4,14760,0,2025-04-11,Tormenta
Aguacatala,Universidad,Taxi,11.4,Lunes,15,0,0,64.4,12620,0,2025-01-06,Lluvia
Suramericana,Poblado,Cable,11.5,Domingo,23,0,1,34.4,0,0,2025-05-18,Soleado
Prado,La Estrella,Caminando,10.4,Martes,21,0,0,31.8,0,0,2025-04-15,Tormenta
San Antonio,Industriales,Taxi,9.2,Domingo,7,1,1,40.2,13032,0,2025-05-11,Tormenta
Universidad,Niquia,Metro,6.5,Domingo,12,1,1,7.9,3840,0,2025-11-30,Lluvia
San Javier,Madera,Cable,8.1,Martes,1,0,0,33.3,0,0,2025-05-13,Soleado
Parque Berrio,Envigado,Metro,11.7,Domingo,6,1,1,15.3,3840,0,2025-02-16,Tormenta
Floresta,La Estrella,Bus,14.0,Jueves,13,1,0,36.4,3360,1,2025-11-06,Lluvia
Itagui,Estadio,Caminando,7.6,Domingo,14,1,1,22.1,0,0,2025-07-20,Soleado
Aguacatala,Madera,Bus,9.5,Lunes,18,1,0,26.1,3360,1,2025-12-22,Nublado
Cisneros,Aguacatala,Metro,9.0,Domingo,21,0,1,5.7,3200,1,2025-01-26,Nublado
Exposiciones,Envigado,Caminando,6.9,Jueves,15,0,0,20.2,0,0,2025-04-10,Lluvia
Madera,Exposiciones,Cable,11.4,Jueves,2,0,0,49.2,0,1,2025-09-04,Lluvia
Madera,Estadio,Caminando,7.6,Lunes,13,1,0,43.1,0,0,2025-06-30,Nublado
Tricentenario,Prado,Taxi,8.8,Sabado,4,0,1,34.9,10540,0,2025-07-05,Nublado
Niquia,Cisneros,Bus,9.5,Lunes,17,1,0,21.6,3360,0,2025-03-17,Tormenta
Ayura,La Estrella,Cable,5.9,Domingo,11,1,1,25.9,0,0,2025-02-23,Nublado
Industriales,Envigado,Taxi,4.9,Sabado,8,1,1,55.1,8904,0,2025-09-13,Nublado
Acevedo,Suramericana,Metro,11.2,Martes,17,1,0,13.9,3840,0,2025-03-04,Tormenta
San Antonio,Industriales,Taxi,8.6,Domingo,0,0,1,33.9,10380,1,2025-06-29,Soleado
Envigado,San Javier,Caminando,9.3,Lunes,13,1,0,55.9,0,0,2025-12-15,Soleado
Itagui,Universidad,Cable,6.3,Martes,23,0,0,25.5,0,1,2025-09-30,Lluvia
Hospital,Prado,Bus,4.9,Martes,14,1,0,13.3,3360,1,2025-06-03,Tormenta
Itagui,Tricentenario,Bus,8.0,Domingo,13,1,1,15.5,3360,1,2025-12-21,Nublado
Aguacatala,Parque Berrio,Bus,4.4,Jueves,20,0,0,9.5,2800,0,2025-10-09,Soleado
Sabaneta,Parque Berrio,Metro,4.5,Viernes,20,0,0,3.9,3200,0,2025-06-13,Tormenta
Caribe,La Estrella,Metro,7.3,Lunes,11,1,0,14.1,3840,1,2025-05-19,Lluvia
Itagui,Acevedo,Caminando,11.5,Lunes,2,0,0,40.0,0,0,2025-10-13,Lluvia
Universidad,La Estrella,Cable,8.3,Jueves,16,0,0,33.3,0,0,2025-11-27,Lluvia
La Estrella,Alpujarra,Cable,12.2,Sabado,7,1,1,47.2,0,1,2025-03-01,Tormenta
Madera,Poblado,Bus,5.7,Viernes,10,0,0,8.8,2800,1,2025-10-17,Tormenta
La Estrella,Caribe,Metro,8.2,Viernes,7,1,0,12.6,3840,0,2025-03-14,Soleado
Envigado,Suramericana,Caminando,6.2,Martes,15,0,0,22.7,0,0,2025-09-23,Nublado
Tricentenario,Estadio,Bus,13.9,Sabado,1,0,1,27.9,2800,0,2025-11-01,Tormenta
Hospital,Industriales,Taxi,1.5,Jueves,11,1,0,13.1,5640,1,2025-10-09,Lluvia
Caribe,San Antonio,Cable,2.4,Jueves,21,0,0,6.9,0,1,2025-03-06,Soleado
Estadio,Suramericana,Cable,6.2,Domingo,7,1,1,25.9,0,0,2025-06-22,Tormenta
San Antonio,Sabaneta,Caminando,15.0,Sabado,18,1,1,46.1,0,0,2025-01-11,Tormenta
Niquia,Envigado,Cable,9.9,Martes,15,0,0,34.7,0,1,2025-10-14,Tormenta
Universidad,Aguacatala,Cable,7.4,Miercoles,1,0,0,26.9,0,0,2025-05-07,Tormenta
Exposiciones,Poblado,Metro,8.0,Domingo,15,0,1,5.4,3200,1,2025-10-19,Soleado
San Javier,La Estrella,Taxi,7.2,Viernes,11,1,0,47.0,11112,0,2025-05-23,Soleado
San Javier,Madera,Metro,10.9,Viernes,19,1,0,18.7,3840,0,2025-08-15,Tormenta
Ayura,Caribe,Taxi,1.2,Jueves,12,1,0,10.0,5352,0,2025-05-29,Tormenta
Aguacatala,Acevedo,Metro,3.8,Sabado,14,1,1,4.3,3840,0,2025-08-23,Tormenta
Caribe,Parque Berrio,Taxi,10.4,Sabado,2,0,1,47.0,11820,0,2025-10-11,Tormenta
San Antonio,Floresta,Taxi,6.1,Domingo,22,0,1,25.0,8380,0,2025-04-13,Nublado
Industriales,Envigado,Bus,11.8,Viernes,11,1,0,34.5,3360,0,2025-11-14,Nublado
Bello,Poblado,Caminando,1.9,Viernes,14,1,0,8.2,0,0,2025-08-01,Nublado
Envigado,Poblado,Metro,4.1,Viernes,15,0,0,4.4,3200,0,2025-04-04,Soleado
Parque Berrio,Estadio,Caminando,4.1,Sabado,9,0,1,8.1,0,0,2025-03-29,Tormenta
Santa Lucia,Universidad,Caminando,8.4,Domingo,16,0,1,16.0,0,0,2025-01-19,Nublado
Industriales,Suramericana,Caminando,3.3,Miercoles,13,1,0,17.6,0,0,2025-03-05,Soleado
Exposiciones,Ayura,Cable,7.3,Jueves,11,1,0,33.6,0,0,2025-07-10,Lluvia
Acevedo,Cisneros,Metro,7.7,Viernes,23,0,0,8.7,3200,1,2025-06-13,Soleado
Caribe,Alpujarra,Caminando,1.4,Domingo,19,1,1,5.2,0,0,2025-11-30,Tormenta
Tricentenario,Hospital,Taxi,11.6,Sabado,16,0,1,48.4,12780,1,2025-09-06,Soleado
Tricentenario,San Antonio,Metro,6.2,Jueves,9,0,0,7.4,3200,0,2025-01-09,Lluvia
Itagui,Hospital,Metro,8.3,Domingo,12,1,1,7.5,3840,0,2025-07-27,Soleado
San Antonio,San Javier,Taxi,2.3,Miercoles,12,1,0,34.4,6408,0,2025-11-19,Lluvia
Bello,Madera,Metro,1.5,Lunes,10,0,0,1.7,3200,1,2025-06-09,Tormenta
Niquia,Industriales,Caminando,14.0,Sabado,21,0,1,32.4,0,0,2025-11-15,Nublado
San Antonio,Poblado,Taxi,13.9,Martes,20,0,0,63.4,14620,1,2025-12-23,Nublado
Exposiciones,Parque Berrio,Cable,6.1,Jueves,5,0,0,24.1,0,1,2025-03-13,Soleado
Ayura,Estadio,Bus,12.0,Jueves,11,1,0,35.6,3360,0,2025-05-01,Lluvia
Prado,San Javier,Caminando,6.6,Miercoles,22,0,0,20.3,0,0,2025-11-19,Soleado
Prado,Exposiciones,Bus,4.8,Jueves,22,0,0,10.3,2800,0,2025-10-30,Tormenta
Aguacatala,San Javier,Bus,1.1,Miercoles,3,0,0,2.0,2800,0,2025-06-11,Tormenta
Universidad,Madera,Cable,13.4,Miercoles,18,1,0,86.1,0,0,2025-01-08,Soleado
Hospital,Niquia,Bus,6.3,Lunes,17,1,0,13.5,3360,1,2025-11-17,Soleado
Acevedo,Industriales,Taxi,6.4,Lunes,8,1,0,42.1,10344,1,2025-06-16,Lluvia
Hospital,Poblado,Metro,9.3,Viernes,14,1,0,14.3,3840,0,2025-03-07,Lluvia
Aguacatala,Cisneros,Caminando,6.1,Domingo,15,0,1,15.3,0,0,2025-06-08,Tormenta
Acevedo,Aguacatala,Bus,11.6,Domingo,7,1,1,24.1,3360,0,2025-11-30,Lluvia
Caribe,Industriales,Metro,2.2,Viernes,8,1,0,5.9,3840,0,2025-05-16,Lluvia
Caribe,Poblado,Taxi,9.4,Lunes,11,1,0,84.3,13224,1,2025-05-26,Lluvia
Prado,Madera,Caminando,8.8,Viernes,7,1,0,40.8,0,0,2025-02-28,Nublado
Niquia,La Estrella,Bus,4.5,Miercoles,6,1,0,11.2,3360,1,2025-10-08,Nublado
Cisneros,Aguacatala,Cable,4.9,Jueves,22,0,0,18.6,0,1,2025-01-02,Lluvia
Niquia,Cisneros,Bus,3.7,Lunes,22,0,0,5.5,2800,0,2025-08-11,Tormenta
Madera,Itagui,Bus,12.6,Sabado,13,1,1,19.9,3360,1,2025-03-15,Lluvia
Alpujarra,Madera,Metro,4.8,Miercoles,21,0,0,4.2,3200,0,2025-10-22,Nublado
Aguacatala,San Antonio,Metro,8.1,Martes,12,1,0,11.4,3840,0,2025-07-08,Soleado
Poblado,Caribe,Cable,3.6,Jueves,4,0,0,11.4,0,1,2025-02-06,Nublado
Aguacatala,Envigado,Metro,7.6,Jueves,4,0,0,7.8,3200,0,2025-05-08,Nublado
Poblado,Aguacatala,Cable,13.3,Miercoles,9,0,0,42.9,0,0,2025-08-13,Soleado
Itagui,San Javier,Taxi,10.0,Jueves,17,1,0,77.2,13800,0,2025-07-17,Lluvia
Prado,La Estrella,Caminando,6.8,Jueves,2,0,0,22.1,0,1,2025-04-10,Tormenta
Industriales,Envigado,Taxi,13.7,Martes,19,1,0,99.2,17352,0,2025-12-30,Tormenta
La Estrella,Ayura,Bus,2.1,Domingo,1,0,1,2.1,2800,0,2025-04-06,Soleado
Aguacatala,Poblado,Caminando,5.2,Miercoles,10,0,0,21.8,0,0,2025-01-08,Nublado
Universidad,Acevedo,Taxi,8.2,Domingo,23,0,1,24.5,10060,0,2025-12-07,Soleado
Caribe,Prado,Cable,13.2,Martes,17,1,0,81.6,0,0,2025-03-11,Lluvia
Universidad,Madera,Metro,8.9,Martes,8,1,0,14.3,3840,0,2025-07-01,Lluvia
Suramericana,Madera,Taxi,10.4,Viernes,2,0,0,118.6,11820,1,2025-10-24,Tormenta
Alpujarra,Bello,Taxi,6.7,Miercoles,1,0,0,43.4,8860,1,2025-07-23,Tormenta
Envigado,San Javier,Caminando,2.5,Domingo,4,0,1,6.9,0,1,2025-03-09,Tormenta
La Estrella,Acevedo,Bus,2.8,Domingo,1,0,1,2.7,2800,1,2025-06-22,Tormenta
Sabaneta,Itagui,Cable,2.9,Domingo,0,0,1,7.5,0,1,2025-11-30,Tormenta
La Estrella,Alpujarra,Bus,6.9,Martes,16,0,0,11.4,2800,1,2025-08-05,Soleado
Estadio,Exposiciones,Caminando,5.1,Jueves,5,0,0,17.4,0,0,2025-12-11,Soleado
Ayura,Santa Lucia,Cable,9.1,Miercoles,8,1,0,97.7,0,1,2025-02-12,Soleado
San Antonio,Cisneros,Cable,7.8,Martes,12,1,0,43.5,0,0,2025-04-01,Tormenta
Parque Berrio,Envigado,Taxi,1.9,Lunes,14,1,0,12.6,6024,1,2025-12-01,Lluvia
Caribe,Tricentenario,Caminando,9.0,Jueves,5,0,0,34.1,0,0,2025-04-17,Lluvia
Bello,Tricentenario,Taxi,8.7,Viernes,21,0,0,55.5,10460,0,2025-10-31,Lluvia
Parque Berrio,Hospital,Metro,12.0,Miercoles,17,1,0,17.6,3840,0,2025-09-17,Soleado
Aguacatala,San Javier,Caminando,11.5,Domingo,23,0,1,24.4,0,0,2025-03-30,Nublado
Aguacatala,Alpujarra,Taxi,10.1,Domingo,20,0,1,33.2,11580,0,2025-11-23,Tormenta
Alpujarra,Bello,Metro,14.6,Sabado,23,0,1,11.3,3200,1,2025-09-13,Tormenta
Suramericana,Tricentenario,Metro,11.7,Miercoles,2,0,0,15.2,3200,1,2025-11-19,Nublado
Universidad,Prado,Metro,9.1,Viernes,21,0,0,8.5,3200,1,2025-07-11,Tormenta
Niquia,Acevedo,Caminando,5.6,Sabado,6,1,1,15.7,0,1,2025-12-13,Nublado
Suramericana,Exposiciones,Metro,2.1,Jueves,18,1,0,3.1,3840,0,2025-12-18,Tormenta
Cisneros,Hospital,Bus,5.1,Sabado,12,1,1,11.2,3360,1,2025-03-01,Soleado
Madera,Ayura,Metro,9.4,Sabado,14,1,1,10.8,3840,0,2025-12-20,Lluvia
Bello,Alpujarra,Metro,1.4,Jueves,21,0,0,1.2,3200,1,2025-11-06,Lluvia
Industriales,Suramericana,Cable,3.2,Miercoles,20,0,0,10.8,0,0,2025-04-30,Soleado
Aguacatala,Cisneros,Cable,4.7,Sabado,11,1,1,15.1,0,1,2025-05-03,Nublado
Suramericana,Ayura,Cable,6.6,Miercoles,3,0,0,21.2,0,1,2025-09-03,Nublado
Universidad,Exposiciones,Cable,2.1,Jueves,14,1,0,19.7,0,0,2025-08-14,Nublado
Tricentenario,Caribe,Cable,10.7,Martes,19,1,0,60.9,0,0,2025-12-16,Soleado
San Antonio,Envigado,Cable,6.6,Jueves,19,1,0,38.4,0,1,2025-09-25,Soleado
San Antonio,Acevedo,Metro,11.1,Martes,8,1,0,14.3,3840,0,2025-02-04,Lluvia
Alpujarra,Parque Berrio,Cable,13.8,Jueves,6,1,0,87.5,0,0,2025-08-14,Tormenta
Cisneros,Santa Lucia,Taxi,10.6,Lunes,18,1,0,79.6,14376,0,2025-02-17,Lluvia
La Estrella,Bello,Caminando,3.7,Lunes,15,0,0,9.9,0,0,2025-06-30,Soleado
Aguacatala,Exposiciones,Metro,2.5,Lunes,0,0,0,4.5,3200,1,2025-08-25,Nublado
Envigado,Hospital,Metro,7.4,Domingo,16,0,1,4.2,3200,0,2025-12-07,Tormenta
Alpujarra,Poblado,Taxi,9.0,Martes,0,0,0,51.0,10700,0,2025-01-07,Lluvia
Parque Berrio,Tricentenario,Cable,8.7,Jueves,22,0,0,37.1,0,1,2025-01-30,Tormenta
Prado,Universidad,Taxi,14.4,Viernes,5,0,0,83.1,15020,0,2025-12-19,Lluvia
Aguacatala,San Antonio,Taxi,3.0,Jueves,12,1,0,28.2,7080,1,2025-12-04,Soleado
La Estrella,Industriales,Taxi,12.2,Jueves,23,0,0,61.7,13260,0,2025-03-06,Nublado
Ayura,Cisneros,Caminando,9.6,Sabado,3,0,1,20.6,0,0,2025-06-28,Lluvia
Tricentenario,Madera,Cable,5.5,Martes,13,1,0,32.5,0,0,2025-05-27,Lluvia
Itagui,Cisneros,Taxi,11.9,Domingo,13,1,1,70.1,15624,1,2025-01-05,Nublado
Aguacatala,San Javier,Metro,10.0,Viernes,20,0,0,11.7,3200,0,2025-04-25,Soleado
Aguacatala,Itagui,Caminando,8.5,Miercoles,1,0,0,30.8,0,0,2025-12-17,Tormenta
Bello,Tricentenario,Caminando,4.8,Sabado,7,1,1,19.3,0,0,2025-09-27,Lluvia
La Estrella,Parque Berrio,Cable,4.3,Viernes,15,0,0,16.5,0,0,2025-06-06,Tormenta
Hospital,Poblado,Caminando,10.3,Martes,1,0,0,36.1,0,0,2025-09-02,Lluvia
Cisneros,Hospital,Metro,12.2,Domingo,22,0,1,8.2,3200,1,2025-12-07,Nublado
Aguacatala,Niquia,Metro,9.7,Sabado,16,0,1,7.3,3200,1,2025-03-01,Soleado
Floresta,Sabaneta,Taxi,5.6,Viernes,18,1,0,50.1,9576,1,2025-03-28,Lluvia
Aguacatala,Sabaneta,Bus,7.3,Lunes,2,0,0,10.7,2800,1,2025-09-15,Nublado
Floresta,Sabaneta,Caminando,2.1,Sabado,5,0,1,6.2,0,0,2025-11-22,Lluvia
Bello,Cisneros,Cable,8.2,Martes,23,0,0,34.1,0,0,2025-04-01,Soleado
Exposiciones,Envigado,Bus,14.4,Sabado,3,0,1,20.3,2800,0,2025-02-15,Nublado
Envigado,Tricentenario,Bus,3.6,Viernes,7,1,0,9.0,3360,0,2025-04-18,Nublado
Ayura,Alpujarra,Cable,10.6,Miercoles,13,1,0,60.9,0,1,2025-03-05,Nublado
Prado,Cisneros,Bus,3.6,Viernes,20,0,0,5.4,2800,1,2025-09-12,Tormenta
Prado,Caribe,Metro,1.2,Sabado,9,0,1,1.6,3200,0,2025-12-13,Lluvia
Acevedo,Exposiciones,Caminando,3.0,Viernes,2,0,0,8.3,0,0,2025-08-22,Nublado
San Javier,Cisneros,Taxi,13.1,Sabado,20,0,1,49.9,13980,0,2025-04-26,Tormenta
Aguacatala,La Estrella,Caminando,10.4,Viernes,12,1,0,46.3,0,0,2025-04-25,Tormenta
Tricentenario,Prado,Caminando,14.5,Lunes,3,0,0,57.6,0,0,2025-11-17,Soleado
Hospital,Alpujarra,Metro,4.4,Sabado,21,0,1,2.8,3200,0,2025-02-22,Nublado
Alpujarra,Suramericana,Metro,14.6,Miercoles,8,1,0,20.6,3840,0,2025-04-02,Lluvia
Santa Lucia,Estadio,Metro,12.5,Sabado,6,1,1,11.3,3840,1,2025-03-29,Soleado
Envigado,Aguacatala,Bus,1.8,Viernes,10,0,0,3.6,2800,0,2025-09-26,Nublado
Itagui,Acevedo,Bus,8.9,Miercoles,0,0,0,15.1,2800,0,2025-09-03,Nublado
Acevedo,Prado,Metro,3.0,Miercoles,23,0,0,3.4,3200,0,2025-08-06,Nublado
Poblado,Madera,Taxi,2.0,Lunes,19,1,0,15.4,6120,1,2025-02-24,Nublado
Envigado,Niquia,Bus,14.8,Sabado,20,0,1,17.6,2800,1,2025-08-16,Soleado
Acevedo,Prado,Bus,9.0,Domingo,1,0,1,10.5,2800,0,2025-08-17,Lluvia
Niquia,Aguacatala,Cable,13.8,Miercoles,0,0,0,57.9,0,0,2025-01-08,Nublado
Universidad,Parque Berrio,Caminando,11.9,Viernes,21,0,0,32.3,0,1,2025-02-21,Nublado
Ayura,San Antonio,Metro,7.9,Martes,23,0,0,8.7,3200,1,2025-03-11,Lluvia
Ayura,Aguacatala,Taxi,14.9,Miercoles,14,1,0,113.2,18504,0,2025-04-23,Nublado
Universidad,Estadio,Metro,6.8,Domingo,0,0,1,5.4,3200,0,2025-08-17,Tormenta
Universidad,Suramericana,Bus,11.1,Domingo,3,0,1,14.9,2800,0,2025-02-16,Lluvia
San Antonio,Estadio,Bus,7.9,Martes,19,1,0,23.0,3360,1,2025-01-14,Soleado
Hospital,Ayura,Cable,1.1,Sabado,2,0,1,3.3,0,0,2025-11-15,Nublado
Niquia,Poblado,Metro,13.3,Viernes,18,1,0,24.9,3840,0,2025-10-03,Nublado
Bello,Ayura,Bus,12.6,Miercoles,12,1,0,32.3,3360,1,2025-02-19,Tormenta
Envigado,Prado,Cable,13.3,Lunes,4,0,0,55.9,0,0,2025-05-05,Lluvia
Cisneros,Tricentenario,Caminando,5.7,Viernes,19,1,0,35.5,0,0,2025-12-05,Tormenta
Sabaneta,San Javier,Metro,14.8,Sabado,0,0,1,13.0,3200,1,2025-03-08,Lluvia
Aguacatala,Itagui,Caminando,10.7,Domingo,7,1,1,106.8,0,1,2025-01-12,Tormenta
Envigado,Cisneros,Taxi,5.6,Viernes,10,0,0,32.3,7980,0,2025-05-23,Soleado
Cisneros,Floresta,Cable,1.5,Jueves,9,0,0,4.8,0,0,2025-05-15,Lluvia
Madera,Exposiciones,Taxi,1.1,Domingo,15,0,1,10.2,4380,0,2025-08-03,Lluvia
Sabaneta,Estadio,Caminando,13.9,Domingo,7,1,1,39.5,0,1,2025-12-14,Soleado
Parque Berrio,Bello,Taxi,6.4,Miercoles,17,1,0,49.9,10344,0,2025-11-19,Lluvia
Industriales,Alpujarra,Taxi,14.7,Martes,8,1,0,88.9,18312,1,2025-09-23,Lluvia
Santa Lucia,Industriales,Taxi,6.4,Jueves,8,1,0,57.4,10344,0,2025-07-03,Tormenta
Alpujarra,Caribe,Taxi,14.9,Lunes,0,0,0,80.1,15420,0,2025-07-28,Tormenta
Industriales,Tricentenario,Taxi,2.2,Sabado,13,1,1,20.4,6312,0,2025-08-16,Soleado
Madera,Envigado,Metro,12.1,Sabado,21,0,1,8.4,3200,0,2025-03-29,Soleado
Envigado,Santa Lucia,Metro,9.4,Martes,18,1,0,13.5,3840,0,2025-07-08,Tormenta
Cisneros,Madera,Cable,10.6,Lunes,2,0,0,36.8,0,0,2025-05-12,Tormenta
Universidad,Suramericana,Metro,11.9,Lunes,1,0,0,10.5,3200,0,2025-11-17,Tormenta
Aguacatala,Bello,Bus,2.4,Sabado,9,0,1,3.0,2800,1,2025-07-05,Tormenta
Parque Berrio,Exposiciones,Caminando,10.6,Viernes,5,0,0,29.8,0,1,2025-11-07,Soleado
Madera,Cisneros,Bus,4.8,Sabado,20,0,1,6.6,2800,0,2025-08-16,Nublado
Estadio,Itagui,Cable,11.0,Lunes,18,1,0,51.3,0,0,2025-06-16,Lluvia
Niquia,Bello,Caminando,5.8,Viernes,9,0,0,22.8,0,0,2025-12-05,Nublado
Suramericana,Itagui,Bus,8.8,Miercoles,23,0,0,17.9,2800,0,2025-11-26,Tormenta
Estadio,Hospital,Cable,6.9,Miercoles,21,0,0,21.3,0,0,2025-07-23,Tormenta
Ayura,Bello,Taxi,5.9,Jueves,8,1,0,47.9,9864,0,2025-05-08,Tormenta
Tricentenario,Itagui,Caminando,7.1,Domingo,9,0,1,17.0,0,0,2025-08-17,Soleado
Santa Lucia,Sabaneta,Metro,13.5,Miercoles,3,0,0,11.9,3200,1,2025-10-29,Nublado
Acevedo,Aguacatala,Cable,8.4,Viernes,15,0,0,27.4,0,0,2025-10-24,Soleado
Niquia,San Javier,Taxi,12.2,Lunes,13,1,0,106.8,15912,0,2025-12-01,Tormenta
Aguacatala,Bello,Taxi,14.5,Viernes,14,1,0,136.8,18120,1,2025-05-23,Lluvia
Suramericana,Poblado,Cable,14.9,Miercoles,4,0,0,58.4,0,0,2025-01-29,Lluvia
Prado,La Estrella,Taxi,7.4,Domingo,20,0,1,24.9,9420,0,2025-01-19,Nublado
Aguacatala,Prado,Taxi,5.7,Jueves,8,1,0,41.4,9672,0,2025-10-09,Tormenta
Universidad,Prado,Taxi,1.0,Sabado,8,1,1,6.6,5160,0,2025-12-20,Lluvia
Universidad,Suramericana,Metro,7.6,Jueves,14,1,0,13.3,3840,0,2025-12-18,Nublado
Aguacatala,Exposiciones,Caminando,1.8,Martes,21,0,0,7.0,0,1,2025-06-17,Nublado
Floresta,La Estrella,Cable,6.7,Sabado,0,0,1,15.8,0,1,2025-07-26,Nublado
Estadio,Poblado,Cable,8.6,Lunes,9,0,0,32.1,0,0,2025-12-15,Lluvia
Universidad,Floresta,Taxi,9.4,Viernes,1,0,0,47.0,11020,0,2025-01-24,Tormenta
Aguacatala,Suramericana,Cable,3.0,Lunes,16,0,0,10.5,0,1,2025-12-15,Soleado
Itagui,Acevedo,Cable,9.1,Miercoles,21,0,0,24.6,0,0,2025-04-09,Nublado
San Antonio,La Estrella,Bus,6.4,Jueves,1,0,0,8.9,2800,0,2025-06-26,Soleado
Aguacatala,La Estrella,Caminando,7.7,Viernes,6,1,0,31.7,0,1,2025-03-14,Lluvia
Cisneros,Floresta,Caminando,14.3,Viernes,4,0,0,49.6,0,0,2025-01-10,Tormenta
Itagui,Floresta,Bus,2.4,Viernes,19,1,0,4.8,3360,0,2025-05-23,Lluvia
Sabaneta,La Estrella,Metro,9.0,Domingo,20,0,1,6.0,3200,1,2025-03-02,Soleado
Acevedo,Itagui,Bus,4.7,Sabado,14,1,1,10.3,3360,1,2025-10-11,Soleado
La Estrella,Tricentenario,Metro,14.9,Lunes,7,1,0,24.6,3840,0,2025-04-07,Tormenta
La Estrella,Itagui,Taxi,12.6,Jueves,6,1,0,101.9,16296,0,2025-03-20,Lluvia
Caribe,Envigado,Caminando,7.6,Martes,12,1,0,39.5,0,0,2025-06-03,Lluvia
Bello,Estadio,Bus,13.2,Domingo,23,0,1,16.0,2800,0,2025-01-05,Tormenta
Itagui,Universidad,Metro,1.7,Viernes,5,0,0,2.1,3200,1,2025-07-25,Tormenta
Sabaneta,La Estrella,Bus,10.5,Viernes,20,0,0,20.2,2800,0,2025-05-23,Tormenta
Envigado,Floresta,Cable,11.3,Lunes,15,0,0,46.7,0,0,2025-12-29,Soleado
Suramericana,Caribe,Caminando,8.1,Martes,14,1,0,42.1,0,0,2025-08-12,Soleado
Bello,San Antonio,Metro,9.4,Viernes,12,1,0,17.4,3840,0,2025-08-15,Nublado
Cisneros,Floresta,Taxi,7.8,Viernes,23,0,0,32.6,9740,1,2025-02-21,Lluvia
Niquia,Parque Berrio,Metro,12.3,Sabado,0,0,1,9.3,3200,0,2025-12-27,Lluvia
Hospital,Cisneros,Bus,6.9,Viernes,1,0,0,11.7,2800,1,2025-08-22,Tormenta
Hospital,Cisneros,Taxi,9.2,Jueves,0,0,0,45.3,10860,0,2025-06-12,Soleado
Acevedo,Estadio,Taxi,6.5,Viernes,9,0,0,39.7,8700,1,2025-09-19,Nublado
Aguacatala,Bello,Metro,14.8,Miercoles,22,0,0,17.0,3200,1,2025-12-24,Tormenta
Alpujarra,Poblado,Metro,3.6,Sabado,7,1,1,3.2,3840,0,2025-09-13,Tormenta
Universidad,Aguacatala,Bus,12.4,Jueves,19,1,0,35.0,3360,0,2025-05-01,Soleado
Acevedo,Santa Lucia,Taxi,3.2,Viernes,5,0,0,19.4,6060,0,2025-10-17,Nublado
Caribe,Estadio,Taxi,2.1,Miercoles,0,0,0,11.2,5180,0,2025-01-08,Tormenta
Exposiciones,Bello,Bus,14.7,Sabado,10,0,1,16.0,2800,0,2025-11-29,Lluvia
Cisneros,Aguacatala,Metro,14.9,Domingo,17,1,1,12.8,3840,1,2025-02-02,Lluvia
Floresta,Hospital,Metro,9.6,Lunes,3,0,0,12.1,3200,0,2025-12-29,Tormenta
Bello,Caribe,Cable,12.2,Domingo,19,1,1,49.2,0,0,2025-07-27,Tormenta
Aguacatala,La Estrella,Cable,4.6,Sabado,1,0,1,11.3,0,0,2025-08-02,Lluvia
Aguacatala,Alpujarra,Metro,5.3,Martes,5,0,0,6.5,3200,0,2025-05-20,Lluvia
San Javier,Estadio,Caminando,5.7,Viernes,3,0,0,17.6,0,0,2025-08-01,Tormenta
Estadio,Aguacatala,Metro,6.4,Sabado,9,0,1,4.4,3200,0,2025-03-01,Tormenta
San Javier,Cisneros,Taxi,8.8,Martes,15,0,0,44.0,10540,0,2025-07-01,Lluvia
Bello,Parque Berrio,Taxi,13.7,Jueves,2,0,0,64.4,14460,0,2025-05-29,Lluvia
Estadio,Tricentenario,Cable,8.4,Miercoles,20,0,0,23.2,0,1,2025-09-10,Lluvia
Cisneros,Acevedo,Bus,14.7,Miercoles,21,0,0,30.4,2800,1,2025-08-13,Tormenta
Bello,San Antonio,Bus,11.2,Domingo,2,0,1,14.8,2800,1,2025-05-11,Soleado
Poblado,Exposiciones,Caminando,1.6,Lunes,14,1,0,8.5,0,1,2025-02-10,Lluvia
Itagui,Aguacatala,Bus,6.5,Miercoles,7,1,0,19.0,3360,0,2025-12-10,Soleado
Poblado,Cisneros,Metro,12.2,Domingo,1,0,1,8.7,3200,0,2025-06-15,Tormenta
Alpujarra,Suramericana,Metro,1.1,Martes,23,0,0,1.1,3200,1,2025-12-30,Lluvia
Alpujarra,Exposiciones,Cable,13.9,Martes,3,0,0,93.0,0,1,2025-08-12,Soleado
Sabaneta,Estadio,Bus,5.2,Martes,17,1,0,16.0,3360,1,2025-04-01,Nublado
Acevedo,Exposiciones,Bus,9.7,Miercoles,5,0,0,17.3,2800,0,2025-08-20,Tormenta
Prado,Cisneros,Metro,3.4,Viernes,21,0,0,4.0,3200,0,2025-09-26,Lluvia
Suramericana,Parque Berrio,Cable,2.3,Martes,12,1,0,13.1,0,0,2025-11-18,Nublado
Bello,Itagui,Bus,13.0,Viernes,3,0,0,23.2,2800,0,2025-08-01,Soleado
Suramericana,Madera,Cable,11.3,Sabado,5,0,1,26.3,0,1,2025-11-29,Lluvia
San Antonio,La Estrella,Taxi,2.7,Sabado,3,0,1,9.6,5660,1,2025-11-15,Tormenta
Tricentenario,Sabaneta,Cable,13.9,Viernes,17,1,0,81.5,0,0,2025-06-27,Nublado
Estadio,Alpujarra,Bus,3.6,Sabado,16,0,1,3.7,2800,1,2025-07-12,Lluvia
Prado,Exposiciones,Metro,9.6,Jueves,0,0,0,7.8,3200,0,2025-10-09,Tormenta
Cisneros,Universidad,Caminando,9.9,Viernes,3,0,0,31.1,0,1,2025-09-12,Soleado
La Estrella,Niquia,Cable,8.2,Sabado,10,0,1,24.8,0,1,2025-07-19,Nublado
Niquia,Suramericana,Metro,4.2,Jueves,13,1,0,7.6,3840,0,2025-05-22,Soleado
Santa Lucia,Envigado,Caminando,13.4,Martes,20,0,0,44.3,0,0,2025-12-23,Nublado
Aguacatala,Alpujarra,Caminando,7.5,Viernes,9,0,0,27.6,0,0,2025-01-03,Lluvia
Floresta,Envigado,Bus,1.2,Jueves,8,1,0,3.1,3360,1,2025-01-30,Tormenta
Industriales,Prado,Taxi,10.6,Viernes,6,1,0,94.1,14376,0,2025-02-28,Soleado
Acevedo,La Estrella,Caminando,5.2,Martes,15,0,0,15.7,0,0,2025-06-17,Lluvia
Caribe,Ayura,Taxi,8.1,Lunes,12,1,0,63.8,11976,0,2025-01-13,Lluvia
San Antonio,Hospital,Bus,14.5,Martes,11,1,0,35.5,3360,0,2025-01-07,Soleado
Acevedo,Hospital,Taxi,2.1,Sabado,8,1,1,13.2,6216,0,2025-03-22,Lluvia
Niquia,Estadio,Taxi,13.3,Martes,6,1,0,111.5,16968,1,2025-03-04,Soleado
Cisneros,Parque Berrio,Metro,7.9,Viernes,0,0,0,15.6,3200,0,2025-03-07,Soleado
San Antonio,Poblado,Caminando,12.2,Jueves,6,1,0,53.5,0,0,2025-11-06,Tormenta
Envigado,Sabaneta,Caminando,8.2,Viernes,14,1,0,50.0,0,0,2025-05-16,Nublado
San Javier,Alpujarra,Bus,6.3,Martes,19,1,0,13.0,3360,0,2025-04-15,Soleado
Poblado,Madera,Bus,7.7,Miercoles,3,0,0,14.2,2800,1,2025-06-04,Lluvia
Envigado,Madera,Caminando,9.1,Jueves,13,1,0,56.2,0,1,2025-04-24,Tormenta
Alpujarra,Santa Lucia,Bus,13.6,Jueves,21,0,0,29.1,2800,0,2025-02-13,Lluvia
Alpujarra,Poblado,Caminando,11.6,Domingo,11,1,1,44.3,0,0,2025-03-02,Tormenta
Santa Lucia,Hospital,Metro,13.3,Miercoles,14,1,0,23.8,3840,0,2025-10-01,Soleado
Tricentenario,Hospital,Metro,4.4,Sabado,4,0,1,2.8,3200,0,2025-05-24,Nublado
Acevedo,Santa Lucia,Caminando,5.5,Jueves,0,0,0,20.3,0,1,2025-07-17,Soleado
Prado,Niquia,Metro,14.0,Domingo,7,1,1,14.9,3840,1,2025-06-08,Tormenta
La Estrella,Tricentenario,Cable,7.5,Miercoles,23,0,0,26.0,0,0,2025-01-22,Tormenta
Universidad,Poblado,Caminando,14.6,Miercoles,11,1,0,76.1,0,0,2025-01-15,Nublado
Universidad,Hospital,Metro,2.3,Jueves,14,1,0,4.1,3840,1,2025-10-16,Tormenta
Aguacatala,Bello,Cable,2.9,Sabado,3,0,1,5.4,0,0,2025-07-05,Tormenta
Cisneros,Universidad,Cable,8.1,Domingo,16,0,1,21.3,0,0,2025-08-24,Tormenta
Niquia,Bello,Cable,13.3,Jueves,16,0,0,39.0,0,0,2025-07-24,Nublado
Alpujarra,Caribe,Caminando,5.5,Jueves,8,1,0,34.8,0,0,2025-12-11,Tormenta
Sabaneta,Tricentenario,Bus,10.3,Jueves,9,0,0,19.0,2800,0,2025-11-20,Soleado
Universidad,Acevedo,Metro,4.7,Lunes,1,0,0,5.5,3200,0,2025-10-13,Lluvia
Floresta,Prado,Taxi,14.2,Lunes,14,1,0,127.7,17832,0,2025-09-29,Nublado
Universidad,Parque Berrio,Cable,13.9,Jueves,17,1,0,71.5,0,1,2025-06-12,Soleado
Caribe,Acevedo,Bus,6.9,Miercoles,21,0,0,11.6,2800,1,2025-02-05,Lluvia
La Estrella,Sabaneta,Caminando,4.1,Lunes,20,0,0,11.1,0,0,2025-09-01,Nublado
Poblado,Envigado,Bus,7.1,Martes,10,0,0,10.2,2800,0,2025-11-25,Tormenta
Niquia,San Antonio,Metro,8.6,Viernes,10,0,0,9.6,3200,0,2025-06-20,Nublado
Santa Lucia,Madera,Taxi,10.4,Jueves,3,0,0,51.7,11820,0,2025-03-27,Lluvia
Floresta,Prado,Bus,14.7,Viernes,3,0,0,21.5,2800,0,2025-04-11,Lluvia
La Estrella,Sabaneta,Cable,1.4,Martes,13,1,0,16.1,0,0,2025-07-29,Tormenta
Prado,Niquia,Metro,5.1,Viernes,14,1,0,9.8,3840,0,2025-06-20,Tormenta
Ayura,Santa Lucia,Taxi,5.4,Jueves,10,0,0,26.2,7820,1,2025-08-07,Lluvia
Envigado,Cisneros,Cable,9.5,Viernes,14,1,0,51.6,0,0,2025-07-25,Nublado
Santa Lucia,Industriales,Cable,7.1,Miercoles,8,1,0,28.8,0,0,2025-11-12,Soleado
Hospital,Envigado,Bus,8.8,Miercoles,22,0,0,16.7,2800,0,2025-08-13,Nublado
Suramericana,Universidad,Caminando,2.9,Lunes,19,1,0,14.2,0,0,2025-12-08,Tormenta
Caribe,Sabaneta,Cable,4.2,Sabado,2,0,1,9.8,0,0,2025-08-09,Soleado
Envigado,Parque Berrio,Bus,10.9,Martes,20,0,0,22.1,2800,0,2025-09-09,Tormenta
Hospital,San Javier,Taxi,1.4,Viernes,20,0,0,8.2,4620,0,2025-01-03,Lluvia
Exposiciones,San Javier,Metro,5.0,Lunes,13,1,0,8.9,3840,0,2025-10-27,Soleado
Bello,La Estrella,Metro,12.7,Sabado,12,1,1,14.6,3840,0,2025-08-09,Lluvia
Floresta,Hospital,Metro,13.4,Martes,3,0,0,16.5,3200,1,2025-01-28,Tormenta
Floresta,Parque Berrio,Bus,3.5,Viernes,20,0,0,6.7,2800,0,2025-01-03,Tormenta
San Javier,Universidad,Metro,2.5,Sabado,6,1,1,3.4,3840,0,2025-09-13,Tormenta
Itagui,Acevedo,Metro,11.5,Lunes,1,0,0,9.6,3200,0,2025-08-18,Nublado
San Javier,Prado,Metro,1.5,Lunes,4,0,0,1.2,3200,1,2025-11-24,Tormenta
Industriales,Cisneros,Taxi,11.7,Martes,9,0,0,58.9,12860,0,2025-05-06,Lluvia
Bello,Alpujarra,Bus,10.4,Lunes,15,0,0,16.1,2800,0,2025-05-26,Nublado
Ayura,Alpujarra,Caminando,5.8,Lunes,6,1,0,31.9,0,0,2025-06-30,Lluvia
Itagui,Estadio,Bus,10.4,Viernes,8,1,0,32.3,3360,0,2025-01-31,Nublado
Estadio,Hospital,Metro,11.2,Jueves,12,1,0,13.6,3840,0,2025-02-20,Nublado
Sabaneta,Aguacatala,Cable,10.0,Sabado,8,1,1,33.0,0,0,2025-12-27,Nublado
Itagui,Floresta,Taxi,8.4,Jueves,21,0,0,53.5,10220,0,2025-06-26,Lluvia
Santa Lucia,Bello,Taxi,4.7,Sabado,14,1,1,27.6,8712,1,2025-08-30,Tormenta
Tricentenario,Cisneros,Caminando,2.4,Sabado,21,0,1,6.7,0,0,2025-04-19,Soleado
Niquia,Madera,Caminando,5.1,Martes,14,1,0,22.6,0,0,2025-10-21,Nublado
Madera,Industriales,Taxi,8.0,Domingo,3,0,1,28.3,9900,0,2025-03-09,Tormenta
Estadio,Bello,Bus,1.0,Lunes,16,0,0,1.9,2800,0,2025-05-26,Soleado
Alpujarra,Suramericana,Caminando,10.5,Miercoles,7,1,0,51.2,0,0,2025-05-14,Nublado
Estadio,Hospital,Taxi,1.8,Martes,8,1,0,16.7,5928,0,2025-04-15,Soleado
Industriales,San Javier,Bus,9.3,Jueves,23,0,0,17.1,2800,0,2025-02-06,Tormenta
Envigado,Estadio,Taxi,11.4,Lunes,19,1,0,77.3,15144,0,2025-06-16,Nublado
Ayura,Caribe,Metro,3.6,Domingo,3,0,1,2.4,3200,0,2025-11-23,Soleado
San Antonio,Prado,Taxi,11.7,Jueves,17,1,0,98.1,15432,0,2025-09-11,Lluvia
Niquia,Aguacatala,Metro,9.9,Sabado,11,1,1,13.2,3840,1,2025-11-15,Tormenta
Exposiciones,Caribe,Taxi,7.0,Miercoles,6,1,0,122.3,10920,0,2025-12-03,Soleado
Prado,Estadio,Cable,7.2,Martes,15,0,0,30.3,0,0,2025-01-21,Nublado
Santa Lucia,La Estrella,Bus,12.7,Viernes,18,1,0,28.5,3360,1,2025-11-14,Lluvia
Alpujarra,Prado,Taxi,14.7,Martes,21,0,0,92.4,15260,0,2025-02-25,Nublado
Ayura,Caribe,Cable,2.4,Lunes,23,0,0,9.6,0,0,2025-03-17,Lluvia
Caribe,Ayura,Taxi,14.4,Domingo,17,1,1,74.1,18024,1,2025-08-17,Nublado
Madera,San Javier,Cable,12.1,Martes,7,1,0,54.8,0,0,2025-10-21,Tormenta
Madera,La Estrella,Cable,6.1,Martes,14,1,0,25.2,0,1,2025-02-18,Soleado
Suramericana,Bello,Bus,5.3,Sabado,16,0,1,6.8,2800,0,2025-09-13,Tormenta
Bello,Suramericana,Metro,14.2,Domingo,3,0,1,9.1,3200,1,2025-06-29,Tormenta
Universidad,Acevedo,Caminando,13.6,Jueves,0,0,0,56.4,0,0,2025-12-25,Nublado
Caribe,Estadio,Caminando,10.9,Jueves,20,0,0,45.9,0,0,2025-08-28,Tormenta
Estadio,Caribe,Bus,5.4,Martes,16,0,0,7.6,2800,0,2025-07-22,Lluvia
Estadio,Cisneros,Bus,13.0,Viernes,15,0,0,17.6,2800,0,2025-10-03,Soleado
Parque Berrio,San Javier,Taxi,12.3,Viernes,20,0,0,73.8,13340,0,2025-05-09,Lluvia
San Antonio,Santa Lucia,Caminando,9.9,Domingo,12,1,1,39.3,0,1,2025-11-30,Nublado
Estadio,Aguacatala,Cable,7.3,Domingo,2,0,1,21.5,0,0,2025-12-07,Lluvia
Niquia,San Javier,Cable,13.5,Viernes,10,0,0,39.5,0,0,2025-01-31,Soleado
Universidad,Madera,Caminando,15.0,Lunes,14,1,0,77.9,0,1,2025-08-11,Lluvia
Industriales,Poblado,Metro,11.2,Viernes,13,1,0,19.2,3840,0,2025-11-14,Lluvia
Bello,Floresta,Taxi,11.8,Jueves,8,1,0,70.8,15528,0,2025-05-01,Lluvia
Poblado,Exposiciones,Taxi,12.8,Lunes,11,1,0,117.4,16488,0,2025-08-25,Tormenta
Universidad,Estadio,Bus,7.7,Miercoles,20,0,0,12.2,2800,0,2025-10-29,Tormenta
Ayura,San Antonio,Caminando,4.4,Sabado,23,0,1,8.5,0,0,2025-01-11,Tormenta
Estadio,Santa Lucia,Bus,9.9,Domingo,9,0,1,14.2,2800,0,2025-03-02,Lluvia
Hospital,Aguacatala,Bus,11.9,Martes,10,0,0,24.5,2800,0,2025-01-07,Tormenta
Santa Lucia,Ayura,Metro,9.1,Sabado,13,1,1,7.9,3840,0,2025-11-22,Soleado
Alpujarra,Bello,Cable,6.6,Jueves,1,0,0,22.0,0,0,2025-02-27,Tormenta
Bello,Alpujarra,Caminando,2.7,Viernes,8,1,0,15.2,0,0,2025-01-31,Tormenta
Poblado,La Estrella,Cable,9.3,Viernes,6,1,0,60.0,0,1,2025-12-12,Tormenta
San Javier,Bello,Caminando,12.6,Lunes,8,1,0,77.6,0,0,2025-08-25,Nublado
Niquia,Envigado,Cable,11.0,Domingo,16,0,1,26.3,0,0,2025-10-05,Nublado
Prado,Suramericana,Bus,14.8,Viernes,11,1,0,43.3,3360,0,2025-08-22,Nublado
Poblado,Prado,Caminando,1.2,Domingo,22,0,1,7.4,0,1,2025-04-06,Lluvia
Prado,Ayura,Taxi,2.6,Jueves,11,1,0,25.3,6696,0,2025-10-30,Nublado
Exposiciones,Aguacatala,Bus,12.7,Miercoles,2,0,0,21.0,2800,0,2025-12-03,Soleado
Prado,Niquia,Caminando,14.3,Domingo,17,1,1,58.9,0,0,2025-03-23,Soleado
La Estrella,Hospital,Cable,1.8,Lunes,13,1,0,8.5,0,0,2025-02-10,Nublado
San Javier,Acevedo,Taxi,7.6,Domingo,13,1,1,42.7,11496,1,2025-10-19,Soleado
Alpujarra,Acevedo,Caminando,6.3,Sabado,22,0,1,28.5,0,0,2025-02-08,Soleado
Parque Berrio,Poblado,Taxi,1.8,Domingo,19,1,1,9.2,5928,1,2025-05-25,Soleado
Sabaneta,Suramericana,Bus,7.9,Miercoles,8,1,0,21.4,3360,0,2025-11-12,Soleado
Sabaneta,Santa Lucia,Bus,1.3,Lunes,17,1,0,3.4,3360,0,2025-08-11,Soleado
La Estrella,Industriales,Caminando,13.0,Viernes,9,0,0,44.0,0,0,2025-02-07,Tormenta
Acevedo,Tricentenario,Cable,12.7,Miercoles,21,0,0,39.8,0,0,2025-08-27,Tormenta
Bello,Itagui,Metro,8.8,Miercoles,23,0,0,8.3,3200,1,2025-06-25,Tormenta
Aguacatala,Floresta,Caminando,3.5,Viernes,10,0,0,23.6,0,1,2025-12-26,Soleado
Floresta,Cisneros,Caminando,5.9,Jueves,2,0,0,21.2,0,0,2025-07-31,Lluvia
Sabaneta,Parque Berrio,Cable,9.5,Domingo,8,1,1,36.4,0,0,2025-08-03,Nublado
Caribe,Exposiciones,Metro,2.2,Lunes,18,1,0,2.9,3840,0,2025-11-03,Nublado
Prado,La Estrella,Bus,10.8,Domingo,14,1,1,19.6,3360,0,2025-03-16,Nublado
Industriales,Envigado,Bus,11.4,Jueves,19,1,0,26.6,3360,1,2025-05-01,Nublado
Madera,Prado,Caminando,2.7,Viernes,0,0,0,10.1,0,0,2025-11-21,Lluvia
Estadio,Acevedo,Taxi,14.8,Sabado,6,1,1,93.5,18408,0,2025-02-22,Nublado
Aguacatala,Alpujarra,Metro,4.4,Martes,6,1,0,6.8,3840,0,2025-09-16,Nublado
San Javier,Floresta,Bus,4.5,Lunes,8,1,0,9.8,3360,0,2025-03-17,Tormenta
Suramericana,Itagui,Cable,8.7,Lunes,13,1,0,45.5,0,0,2025-06-16,Soleado
Industriales,Floresta,Taxi,11.1,Sabado,10,0,1,31.9,12380,0,2025-12-20,Nublado
Sabaneta,Parque Berrio,Metro,8.3,Lunes,21,0,0,7.4,3200,0,2025-09-01,Nublado
Itagui,Universidad,Cable,9.8,Domingo,13,1,1,33.6,0,0,2025-01-12,Nublado
Exposiciones,Niquia,Caminando,8.5,Viernes,11,1,0,51.6,0,1,2025-01-31,Nublado
Santa Lucia,San Javier,Metro,12.9,Martes,14,1,0,16.1,3840,0,2025-07-29,Tormenta
Floresta,Niquia,Bus,14.1,Martes,3,0,0,24.0,2800,0,2025-06-03,Tormenta
Universidad,Estadio,Cable,14.8,Sabado,7,1,1,56.7,0,0,2025-02-15,Lluvia
Hospital,Envigado,Bus,12.2,Sabado,18,1,1,24.6,3360,0,2025-10-04,Tormenta
Suramericana,San Antonio,Cable,12.8,Viernes,23,0,0,50.3,0,0,2025-12-19,Lluvia
Suramericana,Parque Berrio,Taxi,14.0,Viernes,5,0,0,61.4,14700,1,2025-02-28,Nublado
Suramericana,Prado,Cable,12.2,Lunes,21,0,0,35.2,0,0,2025-05-12,Soleado
Universidad,Envigado,Metro,1.6,Lunes,2,0,0,1.9,3200,0,2025-08-18,Nublado
Sabaneta,La Estrella,Taxi,14.3,Martes,2,0,0,80.7,14940,0,2025-06-24,Nublado
Sabaneta,Tricentenario,Metro,1.2,Martes,4,0,0,1.4,3200,0,2025-07-15,Tormenta
Suramericana,Cisneros,Metro,10.1,Jueves,7,1,0,16.9,3840,0,2025-01-30,Tormenta
Caribe,Alpujarra,Metro,9.6,Jueves,18,1,0,12.0,3840,1,2025-12-18,Soleado
San Javier,Envigado,Caminando,8.4,Martes,12,1,0,35.5,0,0,2025-09-23,Lluvia
Sabaneta,Estadio,Bus,1.4,Martes,22,0,0,2.8,2800,1,2025-04-15,Lluvia
Envigado,Santa Lucia,Caminando,3.9,Martes,8,1,0,23.7,0,1,2025-05-27,Nublado
Caribe,Poblado,Cable,13.1,Jueves,13,1,0,78.0,0,0,2025-09-11,Soleado
San Javier,Ayura,Metro,10.8,Jueves,7,1,0,13.3,3840,0,2025-06-05,Tormenta
San Antonio,Suramericana,Cable,3.5,Sabado,22,0,1,8.8,0,0,2025-09-20,Soleado
Suramericana,Ayura,Cable,9.4,Viernes,14,1,0,54.4,0,1,2025-05-23,Soleado
Caribe,Industriales,Taxi,5.3,Jueves,22,0,0,21.3,7740,0,2025-11-13,Soleado
Tricentenario,Madera,Cable,12.0,Domingo,3,0,1,22.6,0,1,2025-09-28,Nublado
Aguacatala,San Antonio,Caminando,13.2,Lunes,17,1,0,70.4,0,1,2025-10-06,Tormenta
Universidad,Niquia,Taxi,2.8,Sabado,12,1,1,15.1,6888,1,2025-03-01,Soleado
Niquia,Sabaneta,Taxi,1.3,Sabado,3,0,1,5.7,4540,0,2025-04-26,Nublado
Estadio,San Antonio,Metro,3.2,Sabado,12,1,1,6.2,3840,0,2025-04-26,Soleado
Caribe,Niquia,Caminando,12.7,Lunes,17,1,0,60.7,0,0,2025-12-01,Lluvia
Exposiciones,La Estrella,Cable,12.4,Miercoles,22,0,0,33.8,0,1,2025-02-12,Tormenta
Caribe,Bello,Taxi,7.1,Domingo,1,0,1,30.3,9180,0,2025-07-06,Lluvia
Hospital,Prado,Bus,14.4,Sabado,0,0,1,19.4,2800,0,2025-07-05,Soleado
Bello,San Antonio,Caminando,7.8,Martes,12,1,0,31.9,0,0,2025-05-20,Lluvia
Acevedo,Hospital,Bus,9.3,Miercoles,4,0,0,15.8,2800,0,2025-12-03,Nublado
Parque Berrio,Niquia,Cable,5.7,Domingo,2,0,1,14.8,0,0,2025-06-08,Nublado
Itagui,Bello,Bus,7.7,Miercoles,7,1,0,17.3,3360,0,2025-07-16,Soleado
Santa Lucia,Niquia,Metro,6.5,Viernes,9,0,0,7.4,3200,1,2025-10-10,Lluvia
Industriales,Envigado,Bus,6.5,Viernes,3,0,0,8.7,2800,1,2025-11-28,Lluvia
Estadio,La Estrella,Taxi,6.4,Viernes,16,0,0,37.5,8620,1,2025-07-04,Soleado
Estadio,La Estrella,Caminando,3.4,Sabado,4,0,1,6.7,0,1,2025-01-11,Soleado
Exposiciones,Estadio,Metro,11.7,Sabado,3,0,1,6.7,3200,1,2025-11-01,Nublado
Exposiciones,Aguacatala,Cable,4.9,Viernes,11,1,0,20.8,0,1,2025-11-21,Nublado
San Javier,La Estrella,Caminando,11.3,Martes,9,0,0,42.8,0,0,2025-11-18,Tormenta
Suramericana,Caribe,Metro,12.8,Viernes,0,0,0,16.3,3200,1,2025-03-14,Soleado
Cisneros,Hospital,Cable,5.0,Jueves,10,0,0,16.5,0,1,2025-12-11,Nublado
Floresta,Santa Lucia,Cable,14.1,Viernes,21,0,0,45.5,0,1,2025-02-28,Lluvia
Alpujarra,Niquia,Caminando,9.8,Lunes,1,0,0,40.8,0,0,2025-01-27,Lluvia
Parque Berrio,Ayura,Bus,2.9,Miercoles,13,1,0,7.4,3360,1,2025-06-11,Tormenta
La Estrella,Madera,Metro,4.7,Domingo,0,0,1,2.7,3200,1,2025-11-09,Tormenta
San Javier,Parque Berrio,Cable,6.9,Miercoles,4,0,0,23.5,0,1,2025-01-22,Tormenta
Niquia,Universidad,Bus,5.5,Sabado,5,0,1,8.1,2800,1,2025-07-05,Lluvia
Floresta,Madera,Cable,8.6,Lunes,5,0,0,35.9,0,0,2025-08-04,Tormenta
Alpujarra,Prado,Metro,14.7,Miercoles,12,1,0,51.3,3840,1,2025-02-19,Nublado
Envigado,Acevedo,Cable,4.0,Lunes,19,1,0,24.5,0,0,2025-04-07,Soleado
Niquia,Suramericana,Caminando,10.1,Martes,18,1,0,65.0,0,1,2025-03-25,Soleado
Suramericana,Exposiciones,Taxi,12.7,Jueves,8,1,0,123.8,16392,0,2025-07-17,Lluvia
Exposiciones,Caribe,Taxi,13.9,Sabado,17,1,1,60.5,17544,0,2025-01-25,Lluvia
Hospital,Cisneros,Caminando,6.0,Sabado,18,1,1,26.1,0,0,2025-10-25,Nublado
Ayura,Industriales,Metro,9.8,Domingo,4,0,1,8.1,3200,1,2025-01-05,Nublado
San Antonio,Santa Lucia,Taxi,3.6,Viernes,0,0,0,22.7,6380,0,2025-03-14,Tormenta
San Antonio,Sabaneta,Metro,11.9,Jueves,3,0,0,10.6,3200,0,2025-10-02,Soleado
San Antonio,Universidad,Metro,13.5,Domingo,15,0,1,11.0,3200,0,2025-08-10,Nublado
Envigado,Ayura,Taxi,9.9,Viernes,3,0,0,51.1,11420,1,2025-01-10,Soleado
Itagui,San Javier,Metro,12.8,Jueves,10,0,0,15.9,3200,1,2025-01-09,Lluvia
Aguacatala,Parque Berrio,Taxi,1.3,Sabado,22,0,1,4.6,4540,0,2025-06-28,Lluvia
Hospital,Envigado,Cable,8.7,Lunes,15,0,0,27.6,0,0,2025-08-11,Lluvia
Floresta,Cisneros,Taxi,9.5,Jueves,15,0,0,52.2,11100,1,2025-07-31,Tormenta
Caribe,Estadio,Cable,4.1,Domingo,5,0,1,12.3,0,0,2025-04-27,Soleado
Universidad,Santa Lucia,Caminando,5.6,Lunes,18,1,0,28.1,0,0,2025-02-10,Soleado
Prado,Madera,Bus,13.5,Sabado,6,1,1,23.6,3360,1,2025-06-07,Tormenta
Exposiciones,Cisneros,Caminando,1.5,Jueves,20,0,0,4.9,0,1,2025-02-13,Soleado
Aguacatala,Cisneros,Metro,3.6,Domingo,21,0,1,2.3,3200,0,2025-03-23,Nublado
Poblado,Hospital,Caminando,14.6,Viernes,2,0,0,51.7,0,1,2025-01-24,Nublado
Alpujarra,Santa Lucia,Cable,6.8,Lunes,13,1,0,28.3,0,1,2025-03-03,Tormenta
Caribe,Niquia,Cable,8.5,Martes,8,1,0,52.8,0,0,2025-04-15,Lluvia
Acevedo,Parque Berrio,Taxi,7.3,Sabado,13,1,1,48.6,11208,0,2025-06-28,Tormenta
Ayura,Itagui,Taxi,6.6,Viernes,5,0,0,34.2,8780,1,2025-10-31,Lluvia
Hospital,Itagui,Bus,8.7,Viernes,3,0,0,14.3,2800,0,2025-01-24,Soleado
Exposiciones,Alpujarra,Cable,13.5,Lunes,16,0,0,53.8,0,1,2025-01-06,Soleado
Estadio,San Javier,Bus,12.3,Domingo,9,0,1,12.8,2800,1,2025-05-25,Soleado
Poblado,Universidad,Taxi,14.0,Domingo,12,1,1,88.6,17640,0,2025-12-21,Tormenta
Cisneros,Universidad,Metro,10.7,Jueves,18,1,0,17.0,3840,0,2025-05-15,Nublado
Itagui,Estadio,Bus,5.3,Miercoles,23,0,0,7.1,2800,0,2025-09-24,Nublado
Prado,Sabaneta,Metro,5.0,Martes,2,0,0,5.0,3200,0,2025-12-02,Nublado
Envigado,Floresta,Cable,13.3,Domingo,3,0,1,39.2,0,1,2025-10-12,Nublado
La Estrella,Aguacatala,Caminando,6.1,Sabado,17,1,1,26.7,0,1,2025-02-22,Nublado
Bello,Universidad,Metro,1.9,Domingo,12,1,1,1.6,3840,0,2025-04-13,Soleado
Floresta,Aguacatala,Caminando,3.2,Jueves,12,1,0,16.7,0,1,2025-08-21,Nublado
Industriales,Floresta,Taxi,1.1,Lunes,16,0,0,6.3,4380,1,2025-09-29,Tormenta
Envigado,Madera,Bus,7.2,Lunes,16,0,0,13.4,2800,0,2025-09-29,Nublado
Estadio,Bello,Caminando,10.0,Viernes,5,0,0,35.3,0,0,2025-03-21,Nublado
Itagui,San Antonio,Bus,4.4,Lunes,18,1,0,14.1,3360,0,2025-08-04,Lluvia
Cisneros,Ayura,Cable,5.8,Jueves,21,0,0,23.2,0,0,2025-02-20,Nublado
Hospital,Bello,Cable,1.9,Sabado,17,1,1,7.2,0,1,2025-09-13,Soleado
Prado,Floresta,Metro,4.6,Miercoles,17,1,0,7.0,3840,0,2025-03-19,Nublado
Bello,Itagui,Bus,8.7,Domingo,4,0,1,9.7,2800,1,2025-08-03,Tormenta
Envigado,San Javier,Caminando,7.7,Miercoles,22,0,0,23.4,0,0,2025-08-06,Tormenta
Industriales,Niquia,Cable,10.0,Lunes,19,1,0,57.6,0,0,2025-04-07,Soleado
Industriales,Alpujarra,Cable,9.3,Viernes,2,0,0,28.7,0,0,2025-05-30,Tormenta
Santa Lucia,Hospital,Bus,6.8,Lunes,23,0,0,9.6,2800,1,2025-09-01,Nublado
San Antonio,Ayura,Cable,13.4,Jueves,22,0,0,43.8,0,0,2025-09-04,Lluvia
Ayura,Hospital,Cable,7.2,Viernes,17,1,0,34.4,0,0,2025-02-07,Nublado
Estadio,Sabaneta,Cable,4.8,Lunes,9,0,0,15.4,0,0,2025-01-20,Tormenta
Aguacatala,San Javier,Metro,12.4,Viernes,3,0,0,11.0,3200,0,2025-03-21,Soleado
Exposiciones,Suramericana,Metro,11.1,Jueves,7,1,0,15.1,3840,1,2025-01-02,Nublado
Cisneros,Suramericana,Caminando,7.9,Jueves,9,0,0,22.3,0,0,2025-01-16,Soleado
Ayura,Estadio,Cable,1.2,Viernes,10,0,0,4.0,0,0,2025-06-13,Tormenta
Niquia,Ayura,Caminando,10.5,Miercoles,19,1,0,48.2,0,1,2025-04-16,Tormenta
Suramericana,Alpujarra,Caminando,13.6,Jueves,5,0,0,37.8,0,0,2025-05-29,Lluvia
Alpujarra,San Antonio,Cable,4.0,Miercoles,16,0,0,11.7,0,1,2025-06-04,Tormenta
San Javier,Estadio,Metro,13.2,Martes,12,1,0,19.2,3840,1,2025-06-24,Lluvia
Acevedo,Bello,Caminando,11.4,Domingo,0,0,1,33.6,0,0,2025-07-27,Soleado
San Javier,San Antonio,Bus,6.7,Lunes,14,1,0,20.1,3360,1,2025-02-10,Lluvia
Exposiciones,La Estrella,Cable,8.1,Viernes,18,1,0,38.3,0,0,2025-12-26,Tormenta
Sabaneta,Poblado,Taxi,4.7,Sabado,10,0,1,19.6,7260,1,2025-08-23,Nublado
Industriales,Niquia,Taxi,12.4,Jueves,7,1,0,88.8,16104,0,2025-04-10,Tormenta
Exposiciones,Estadio,Metro,8.2,Martes,22,0,0,9.7,3200,1,2025-10-07,Soleado
Parque Berrio,San Javier,Metro,14.1,Miercoles,13,1,0,22.5,3840,1,2025-04-09,Tormenta
Acevedo,Sabaneta,Bus,13.1,Martes,19,1,0,28.8,3360,0,2025-08-19,Soleado
Sabaneta,San Javier,Taxi,10.6,Sabado,6,1,1,46.9,14376,0,2025-05-31,Lluvia
San Antonio,Aguacatala,Caminando,13.9,Domingo,19,1,1,50.5,0,0,2025-11-09,Tormenta
Tricentenario,Prado,Metro,14.2,Martes,20,0,0,13.8,3200,0,2025-07-15,Tormenta
Santa Lucia,Madera,Taxi,2.4,Martes,1,0,0,12.0,5420,0,2025-02-25,Tormenta
Sabaneta,Alpujarra,Caminando,11.4,Miercoles,22,0,0,44.1,0,0,2025-12-03,Tormenta
Aguacatala,Universidad,Cable,7.6,Lunes,18,1,0,36.6,0,0,2025-02-10,Nublado
Niquia,La Estrella,Taxi,13.9,Sabado,8,1,1,78.0,17544,0,2025-06-21,Lluvia
Universidad,Itagui,Caminando,6.7,Miercoles,12,1,0,31.5,0,0,2025-03-12,Tormenta
Aguacatala,Prado,Caminando,9.4,Miercoles,13,1,0,37.8,0,0,2025-09-24,Nublado
Itagui,Madera,Taxi,5.5,Martes,17,1,0,33.8,9480,0,2025-03-04,Soleado
San Javier,Parque Berrio,Taxi,3.6,Miercoles,14,1,0,22.3,7656,0,2025-05-14,Lluvia
Floresta,Tricentenario,Cable,1.9,Miercoles,13,1,0,9.2,0,0,2025-10-15,Tormenta
Prado,Bello,Cable,9.6,Jueves,2,0,0,40.5,0,1,2025-06-12,Tormenta
Envigado,Caribe,Caminando,6.8,Jueves,7,1,0,43.3,0,1,2025-01-16,Soleado
Envigado,San Javier,Taxi,7.4,Miercoles,15,0,0,46.1,9420,1,2025-10-01,Nublado
Itagui,San Javier,Caminando,14.8,Lunes,19,1,0,73.8,0,0,2025-04-21,Tormenta
Santa Lucia,Suramericana,Taxi,2.3,Sabado,12,1,1,15.6,6408,1,2025-12-13,Tormenta
Caribe,Poblado,Cable,2.0,Jueves,23,0,0,8.3,0,0,2025-08-14,Tormenta
Universidad,Cisneros,Caminando,14.1,Lunes,7,1,0,61.4,0,1,2025-03-03,Tormenta
Parque Berrio,Niquia,Caminando,6.1,Sabado,12,1,1,25.9,0,0,2025-05-10,Lluvia
Hospital,Industriales,Taxi,14.5,Domingo,7,1,1,85.6,18120,1,2025-05-18,Tormenta
Exposiciones,Caribe,Metro,12.9,Sabado,20,0,1,10.4,3200,0,2025-10-04,Lluvia
Ayura,Caribe,Caminando,12.5,Domingo,0,0,1,28.5,0,0,2025-01-05,Lluvia
La Estrella,Alpujarra,Cable,9.4,Viernes,13,1,0,38.5,0,1,2025-09-26,Nublado
Universidad,Madera,Taxi,14.3,Lunes,9,0,0,89.1,14940,0,2025-03-10,Tormenta
San Antonio,Envigado,Taxi,6.9,Lunes,4,0,0,34.8,9020,0,2025-12-22,Nublado
Aguacatala,Poblado,Caminando,4.3,Sabado,7,1,1,14.5,0,0,2025-04-12,Nublado
Niquia,Acevedo,Caminando,7.3,Domingo,8,1,1,32.7,0,0,2025-05-18,Nublado
Itagui,Floresta,Taxi,4.9,Martes,23,0,0,19.8,7420,0,2025-01-28,Tormenta
Hospital,Santa Lucia,Bus,12.6,Domingo,13,1,1,20.0,3360,0,2025-11-23,Lluvia
Parque Berrio,Poblado,Metro,4.1,Viernes,21,0,0,4.8,3200,0,2025-03-07,Tormenta
San Javier,Caribe,Cable,2.1,Miercoles,9,0,0,7.7,0,0,2025-05-14,Nublado
Santa Lucia,Ayura,Caminando,12.6,Viernes,9,0,0,54.2,0,0,2025-02-28,Lluvia
Cisneros,Caribe,Taxi,2.8,Miercoles,22,0,0,18.1,5740,0,2025-11-19,Soleado
Aguacatala,Floresta,Caminando,14.6,Jueves,7,1,0,75.0,0,1,2025-02-13,Lluvia
Estadio,Bello,Cable,8.0,Jueves,8,1,0,102.7,0,0,2025-12-11,Nublado
San Javier,Prado,Metro,11.8,Viernes,21,0,0,11.9,3200,1,2025-06-27,Tormenta
Sabaneta,Niquia,Cable,11.8,Martes,3,0,0,40.4,0,1,2025-02-25,Nublado
Suramericana,Niquia,Bus,6.3,Domingo,10,0,1,6.7,2800,0,2025-03-02,Lluvia
Cisneros,Estadio,Bus,4.6,Miercoles,0,0,0,6.2,2800,1,2025-10-08,Nublado
Acevedo,Sabaneta,Taxi,4.4,Sabado,15,0,1,19.1,7020,1,2025-01-25,Soleado
Bello,Prado,Taxi,14.2,Viernes,23,0,0,83.3,14860,0,2025-11-21,Soleado
San Antonio,Santa Lucia,Taxi,14.2,Martes,11,1,0,123.8,17832,1,2025-12-30,Lluvia
Sabaneta,Aguacatala,Taxi,8.6,Miercoles,11,1,0,58.7,12456,1,2025-07-16,Nublado
Sabaneta,Itagui,Taxi,9.1,Jueves,2,0,0,44.4,10780,0,2025-04-17,Lluvia
Estadio,Poblado,Caminando,12.0,Jueves,16,0,0,42.6,0,0,2025-08-14,Lluvia
Aguacatala,Caribe,Caminando,8.3,Lunes,19,1,0,33.5,0,0,2025-05-05,Tormenta
Cisneros,Alpujarra,Caminando,6.7,Lunes,16,0,0,26.7,0,1,2025-12-15,Tormenta
Estadio,Parque Berrio,Taxi,10.5,Domingo,5,0,1,36.3,11900,0,2025-08-03,Nublado
Poblado,Acevedo,Caminando,6.0,Lunes,16,0,0,20.5,0,0,2025-11-24,Soleado
San Javier,Tricentenario,Metro,1.6,Sabado,10,0,1,1.1,3200,0,2025-09-06,Tormenta
Parque Berrio,Universidad,Caminando,12.6,Sabado,20,0,1,37.0,0,0,2025-01-11,Nublado
Sabaneta,Caribe,Metro,12.5,Martes,9,0,0,29.4,3200,0,2025-03-18,Tormenta
Madera,Itagui,Caminando,1.9,Jueves,0,0,0,5.3,0,0,2025-12-11,Nublado
Sabaneta,Santa Lucia,Metro,14.0,Martes,19,1,0,26.2,3840,0,2025-07-22,Tormenta
Industriales,Santa Lucia,Cable,14.9,Miercoles,15,0,0,51.9,0,0,2025-05-21,Tormenta
San Antonio,Poblado,Taxi,8.6,Martes,22,0,0,36.7,10380,0,2025-03-11,Nublado
Niquia,San Javier,Metro,2.1,Sabado,23,0,1,1.8,3200,1,2025-02-08,Nublado
Itagui,Bello,Metro,12.3,Miercoles,9,0,0,12.2,3200,0,2025-09-10,Nublado
Bello,Itagui,Cable,8.8,Lunes,9,0,0,33.2,0,0,2025-01-13,Nublado
Tricentenario,San Antonio,Cable,2.6,Sabado,8,1,1,9.0,0,1,2025-05-10,Tormenta
La Estrella,Hospital,Cable,2.0,Jueves,16,0,0,5.7,0,1,2025-08-21,Nublado
Suramericana,Sabaneta,Metro,7.6,Lunes,21,0,0,9.2,3200,0,2025-09-15,Soleado
La Estrella,Acevedo,Cable,11.7,Sabado,23,0,1,25.5,0,0,2025-02-01,Lluvia
Envigado,San Javier,Taxi,9.3,Jueves,11,1,0,86.7,13128,1,2025-08-21,Tormenta
Floresta,San Antonio,Caminando,12.7,Sabado,15,0,1,24.0,0,0,2025-05-24,Nublado
Floresta,Aguacatala,Caminando,5.4,Domingo,17,1,1,25.8,0,0,2025-05-25,Nublado
Universidad,Parque Berrio,Bus,1.4,Lunes,8,1,0,5.5,3360,0,2025-01-13,Tormenta
Alpujarra,San Antonio,Taxi,12.4,Domingo,11,1,1,77.3,16104,1,2025-08-17,Soleado
Industriales,Universidad,Caminando,2.5,Jueves,10,0,0,10.2,0,0,2025-03-13,Nublado
Bello,Hospital,Taxi,7.6,Miercoles,5,0,0,48.6,9580,0,2025-09-17,Nublado
Niquia,Itagui,Metro,8.5,Martes,17,1,0,14.6,3840,0,2025-05-13,Soleado
Acevedo,Universidad,Taxi,5.3,Lunes,0,0,0,32.9,7740,0,2025-09-15,Tormenta
Aguacatala,Tricentenario,Metro,2.5,Viernes,4,0,0,2.5,3200,0,2025-02-21,Soleado
San Javier,Poblado,Cable,2.8,Viernes,7,1,0,13.5,0,0,2025-08-08,Tormenta
Acevedo,Madera,Metro,8.5,Miercoles,0,0,0,9.0,3200,0,2025-08-20,Lluvia
Acevedo,San Antonio,Cable,7.0,Jueves,11,1,0,38.0,0,0,2025-05-01,Nublado
San Antonio,Caribe,Taxi,8.5,Domingo,14,1,1,54.3,12360,0,2025-08-24,Tormenta
Suramericana,Estadio,Bus,2.2,Lunes,18,1,0,6.1,3360,1,2025-12-15,Nublado
San Javier,La Estrella,Bus,2.4,Miercoles,15,0,0,9.6,2800,0,2025-12-03,Soleado
San Javier,Poblado,Metro,9.7,Domingo,20,0,1,8.6,3200,0,2025-06-29,Nublado
Tricentenario,Prado,Metro,13.8,Domingo,9,0,1,8.5,3200,0,2025-11-30,Soleado
Alpujarra,San Javier,Caminando,4.2,Domingo,11,1,1,17.5,0,1,2025-12-28,Nublado
Estadio,San Javier,Caminando,3.6,Martes,0,0,0,14.0,0,0,2025-12-16,Tormenta
Exposiciones,Bello,Bus,5.9,Martes,18,1,0,12.4,3360,1,2025-01-14,Nublado
Prado,Sabaneta,Bus,7.1,Lunes,7,1,0,14.7,3360,0,2025-07-28,Tormenta
Sabaneta,San Javier,Bus,5.1,Lunes,15,0,0,9.8,2800,0,2025-05-26,Tormenta
Tricentenario,Acevedo,Caminando,4.4,Martes,23,0,0,16.3,0,0,2025-09-09,Nublado
Tricentenario,Industriales,Caminando,8.3,Jueves,23,0,0,22.5,0,0,2025-05-01,Lluvia
Acevedo,Poblado,Bus,8.8,Martes,22,0,0,14.3,2800,1,2025-10-14,Nublado
Poblado,Ayura,Bus,5.7,Viernes,3,0,0,8.1,2800,0,2025-04-25,Tormenta
Exposiciones,Industriales,Bus,12.2,Sabado,0,0,1,15.8,2800,0,2025-05-17,Lluvia
Poblado,Industriales,Taxi,6.6,Viernes,4,0,0,36.5,8780,0,2025-04-04,Soleado
Industriales,Sabaneta,Bus,2.0,Martes,15,0,0,2.8,2800,0,2025-02-04,Lluvia
San Antonio,Prado,Cable,1.1,Miercoles,22,0,0,3.0,0,0,2025-01-15,Lluvia
Santa Lucia,Ayura,Metro,5.4,Sabado,13,1,1,5.8,3840,1,2025-09-06,Nublado
Acevedo,Universidad,Cable,8.5,Martes,1,0,0,26.0,0,1,2025-08-12,Nublado
La Estrella,Cisneros,Bus,5.0,Lunes,11,1,0,16.0,3360,0,2025-05-12,Tormenta
Niquia,Santa Lucia,Bus,2.5,Domingo,7,1,1,4.4,3360,0,2025-07-06,Soleado
Suramericana,Prado,Metro,1.5,Sabado,20,0,1,1.0,3200,0,2025-02-22,Nublado
Itagui,San Javier,Metro,14.2,Miercoles,5,0,0,13.6,3200,0,2025-11-19,Soleado
San Javier,Acevedo,Bus,2.9,Sabado,15,0,1,3.5,2800,1,2025-08-23,Lluvia
Exposiciones,San Javier,Caminando,12.7,Lunes,6,1,0,53.9,0,1,2025-06-23,Lluvia
Niquia,Envigado,Metro,12.1,Miercoles,6,1,0,23.3,3840,0,2025-12-03,Nublado
Caribe,Sabaneta,Metro,9.5,Sabado,8,1,1,11.8,3840,0,2025-07-26,Soleado
Tricentenario,Floresta,Caminando,4.5,Martes,14,1,0,19.4,0,0,2025-05-06,Tormenta
Tricentenario,Envigado,Metro,5.5,Viernes,7,1,0,7.3,3840,0,2025-03-28,Soleado
Alpujarra,Sabaneta,Caminando,13.1,Martes,21,0,0,51.7,0,1,2025-01-14,Nublado
Niquia,Bello,Taxi,8.6,Jueves,14,1,0,64.4,12456,0,2025-04-10,Nublado
Suramericana,Floresta,Bus,7.4,Lunes,6,1,0,15.4,3360,1,2025-01-27,Tormenta
Itagui,Estadio,Bus,6.3,Jueves,6,1,0,17.7,3360,0,2025-03-27,Soleado
Alpujarra,Floresta,Metro,7.2,Viernes,17,1,0,13.2,3840,1,2025-10-24,Nublado
Sabaneta,Santa Lucia,Bus,12.9,Lunes,19,1,0,40.8,3360,0,2025-12-22,Lluvia
Envigado,Suramericana,Bus,10.8,Viernes,18,1,0,26.9,3360,0,2025-06-06,Tormenta
La Estrella,San Javier,Taxi,9.5,Miercoles,10,0,0,39.3,11100,0,2025-11-12,Nublado
Hospital,Exposiciones,Taxi,7.4,Viernes,16,0,0,47.5,9420,0,2025-09-26,Lluvia
Exposiciones,San Javier,Bus,13.4,Viernes,16,0,0,18.8,2800,0,2025-11-28,Tormenta
Alpujarra,Universidad,Metro,9.2,Miercoles,20,0,0,7.8,3200,0,2025-12-24,Soleado
Suramericana,San Javier,Caminando,7.6,Lunes,2,0,0,24.4,0,0,2025-06-02,Nublado
Poblado,La Estrella,Caminando,4.8,Martes,21,0,0,19.6,0,1,2025-11-11,Soleado
Envigado,La Estrella,Metro,8.2,Domingo,20,0,1,5.6,3200,0,2025-08-31,Tormenta
Prado,Sabaneta,Taxi,6.9,Miercoles,1,0,0,37.1,9020,0,2025-01-22,Lluvia
Floresta,Envigado,Metro,14.8,Miercoles,21,0,0,18.0,3200,0,2025-09-10,Lluvia
Poblado,Cisneros,Metro,5.0,Martes,18,1,0,6.8,3840,0,2025-02-11,Lluvia
Poblado,San Antonio,Bus,5.6,Miercoles,19,1,0,18.2,3360,0,2025-12-03,Tormenta
Ayura,Niquia,Caminando,1.0,Domingo,13,1,1,3.4,0,1,2025-05-18,Nublado
Exposiciones,Tricentenario,Taxi,9.7,Sabado,5,0,1,43.8,11260,0,2025-12-27,Soleado
Niquia,Caribe,Taxi,6.5,Sabado,18,1,1,38.4,10440,0,2025-03-01,Lluvia
Estadio,Industriales,Metro,10.6,Sabado,11,1,1,13.9,3840,0,2025-11-15,Tormenta
Parque Berrio,Aguacatala,Cable,5.7,Lunes,1,0,0,16.5,0,1,2025-05-05,Soleado
Suramericana,San Javier,Metro,4.5,Domingo,22,0,1,3.5,3200,0,2025-01-19,Soleado
Ayura,Niquia,Taxi,3.2,Lunes,1,0,0,12.9,6060,0,2025-03-10,Lluvia
Poblado,Hospital,Bus,14.0,Domingo,17,1,1,30.0,3360,0,2025-08-10,Lluvia
Floresta,Alpujarra,Taxi,8.8,Jueves,10,0,0,55.9,10540,0,2025-03-13,Tormenta
Estadio,Exposiciones,Taxi,10.2,Domingo,15,0,1,34.1,11660,0,2025-09-14,Nublado
Bello,Madera,Metro,4.7,Lunes,10,0,0,5.3,3200,1,2025-03-31,Lluvia
Poblado,La Estrella,Caminando,9.9,Sabado,4,0,1,29.8,0,0,2025-06-28,Lluvia
Cisneros,Acevedo,Taxi,10.3,Jueves,1,0,0,51.1,11740,0,2025-07-10,Tormenta
Sabaneta,San Antonio,Metro,9.3,Lunes,16,0,0,10.5,3200,0,2025-02-03,Lluvia
La Estrella,Sabaneta,Taxi,3.3,Lunes,18,1,0,26.9,7368,0,2025-06-16,Nublado
La Estrella,Tricentenario,Taxi,12.9,Domingo,19,1,1,84.3,16584,1,2025-02-09,Soleado
Acevedo,Floresta,Cable,5.1,Viernes,22,0,0,20.6,0,0,2025-08-15,Soleado
Itagui,Ayura,Taxi,2.4,Jueves,4,0,0,11.1,5420,0,2025-11-06,Lluvia
Aguacatala,Prado,Caminando,11.9,Miercoles,20,0,0,39.5,0,0,2025-04-16,Nublado
Santa Lucia,Ayura,Cable,10.8,Martes,12,1,0,57.4,0,0,2025-02-11,Lluvia
Floresta,San Antonio,Caminando,3.6,Viernes,1,0,0,14.3,0,0,2025-12-12,Soleado
Santa Lucia,Poblado,Caminando,13.0,Domingo,20,0,1,27.2,0,0,2025-01-19,Soleado
Alpujarra,San Antonio,Cable,13.7,Martes,1,0,0,59.3,0,0,2025-06-03,Lluvia
Sabaneta,Alpujarra,Caminando,6.2,Viernes,13,1,0,38.3,0,1,2025-08-15,Soleado
Hospital,Bello,Cable,13.1,Martes,7,1,0,56.0,0,0,2025-09-23,Lluvia
Itagui,Parque Berrio,Metro,11.7,Sabado,23,0,1,10.6,3200,0,2025-03-29,Nublado
Caribe,Cisneros,Taxi,14.5,Domingo,16,0,1,45.2,15100,0,2025-12-21,Soleado
Acevedo,Suramericana,Cable,4.8,Miercoles,22,0,0,14.5,0,0,2025-04-02,Nublado
Ayura,Industriales,Bus,3.2,Lunes,15,0,0,4.5,2800,0,2025-03-10,Soleado
Tricentenario,Envigado,Metro,11.9,Jueves,12,1,0,21.9,3840,0,2025-01-23,Lluvia
Universidad,Hospital,Taxi,3.5,Lunes,13,1,0,34.1,7560,0,2025-12-15,Nublado
Hospital,Estadio,Taxi,10.9,Miercoles,8,1,0,91.5,14664,0,2025-07-23,Tormenta
Bello,Cisneros,Bus,6.0,Jueves,4,0,0,11.6,2800,0,2025-06-19,Nublado
Alpujarra,Acevedo,Cable,10.4,Sabado,20,0,1,30.6,0,1,2025-03-08,Lluvia
Envigado,Alpujarra,Bus,12.5,Viernes,1,0,0,27.0,2800,0,2025-07-18,Nublado
Caribe,Parque Berrio,Metro,12.2,Viernes,23,0,0,29.0,3200,1,2025-06-13,Soleado
Hospital,La Estrella,Metro,10.2,Viernes,8,1,0,19.2,3840,0,2025-01-03,Nublado
Universidad,Parque Berrio,Metro,11.5,Miercoles,15,0,0,11.6,3200,0,2025-09-17,Nublado
Hospital,Alpujarra,Taxi,8.1,Jueves,12,1,0,66.5,11976,0,2025-07-03,Lluvia
Universidad,La Estrella,Caminando,9.1,Miercoles,9,0,0,24.9,0,0,2025-08-13,Tormenta
Santa Lucia,Universidad,Bus,9.7,Viernes,0,0,0,18.9,2800,0,2025-09-26,Soleado
Itagui,Santa Lucia,Taxi,7.4,Lunes,9,0,0,90.7,9420,0,2025-01-06,Lluvia
Industriales,Santa Lucia,Cable,10.0,Viernes,10,0,0,32.1,0,0,2025-06-27,Tormenta
Suramericana,Floresta,Bus,5.1,Martes,6,1,0,10.5,3360,1,2025-03-25,Nublado
Santa Lucia,Madera,Caminando,12.9,Domingo,1,0,1,31.1,0,0,2025-02-23,Nublado
Exposiciones,Suramericana,Bus,11.7,Martes,18,1,0,35.1,3360,0,2025-06-24,Nublado
Cisneros,Bello,Bus,2.9,Miercoles,12,1,0,6.3,3360,0,2025-10-08,Soleado
Prado,Niquia,Bus,5.2,Sabado,9,0,1,5.3,2800,1,2025-11-22,Lluvia
Hospital,Niquia,Bus,11.8,Martes,22,0,0,27.5,2800,0,2025-04-29,Nublado
Envigado,Santa Lucia,Bus,5.7,Viernes,21,0,0,10.6,2800,0,2025-05-16,Nublado
San Antonio,Hospital,Bus,2.6,Jueves,10,0,0,5.5,2800,1,2025-11-06,Lluvia
Floresta,Santa Lucia,Caminando,12.2,Miercoles,13,1,0,57.5,0,0,2025-05-21,Tormenta
Poblado,Sabaneta,Taxi,13.7,Lunes,12,1,0,82.4,17352,0,2025-04-21,Soleado
Sabaneta,Bello,Cable,1.8,Martes,7,1,0,9.4,0,1,2025-05-06,Lluvia
Industriales,Ayura,Bus,11.4,Lunes,2,0,0,23.9,2800,1,2025-08-04,Nublado
Parque Berrio,Alpujarra,Caminando,10.9,Martes,17,1,0,67.2,0,0,2025-12-09,Nublado
Santa Lucia,Parque Berrio,Bus,4.9,Lunes,4,0,0,7.2,2800,1,2025-09-15,Nublado
Ayura,Hospital,Bus,3.8,Jueves,23,0,0,8.0,2800,0,2025-09-25,Nublado
San Antonio,La Estrella,Metro,10.5,Jueves,4,0,0,12.4,3200,1,2025-07-17,Soleado
Floresta,San Javier,Metro,3.4,Viernes,9,0,0,3.3,3200,0,2025-05-23,Nublado
Prado,Cisneros,Taxi,8.3,Viernes,14,1,0,75.5,12168,0,2025-07-18,Nublado
Santa Lucia,La Estrella,Taxi,13.7,Sabado,8,1,1,82.5,17352,1,2025-01-18,Tormenta
Prado,Acevedo,Taxi,3.9,Viernes,10,0,0,20.7,6620,0,2025-04-11,Lluvia
Suramericana,Sabaneta,Metro,4.4,Domingo,0,0,1,2.5,3200,1,2025-11-09,Tormenta
Alpujarra,Sabaneta,Taxi,5.8,Viernes,16,0,0,36.4,8140,1,2025-01-31,Nublado
Niquia,Bello,Cable,13.2,Viernes,17,1,0,55.1,0,0,2025-01-03,Lluvia
Exposiciones,Santa Lucia,Cable,3.4,Lunes,14,1,0,18.9,0,1,2025-05-26,Lluvia
La Estrella,Exposiciones,Taxi,9.0,Miercoles,17,1,0,76.4,12840,0,2025-01-22,Soleado
Floresta,Caribe,Taxi,12.2,Sabado,21,0,1,47.7,13260,0,2025-03-08,Soleado
Suramericana,Acevedo,Metro,3.5,Martes,11,1,0,5.0,3840,0,2025-07-08,Tormenta
Poblado,Industriales,Caminando,14.3,Martes,20,0,0,55.7,0,0,2025-01-14,Soleado
Hospital,Universidad,Cable,12.8,Sabado,5,0,1,28.7,0,0,2025-05-17,Soleado
Industriales,San Antonio,Taxi,9.9,Sabado,4,0,1,32.8,11420,0,2025-04-26,Nublado
Aguacatala,Madera,Taxi,3.7,Martes,22,0,0,15.9,6460,0,2025-03-18,Tormenta
Envigado,Hospital,Metro,4.4,Jueves,23,0,0,5.6,3200,0,2025-11-13,Nublado
Alpujarra,Caribe,Cable,4.9,Jueves,18,1,0,26.3,0,0,2025-05-22,Tormenta
Parque Berrio,San Antonio,Bus,1.5,Miercoles,13,1,0,4.8,3360,0,2025-09-17,Soleado
Floresta,Bello,Metro,5.1,Domingo,3,0,1,4.4,3200,0,2025-01-19,Lluvia
Exposiciones,La Estrella,Taxi,11.3,Viernes,3,0,0,58.8,12540,0,2025-03-07,Soleado
Prado,Parque Berrio,Caminando,7.2,Miercoles,1,0,0,27.6,0,0,2025-02-05,Lluvia
Itagui,Caribe,Metro,1.2,Lunes,18,1,0,2.3,3840,0,2025-05-26,Soleado
Tricentenario,Madera,Metro,10.6,Sabado,1,0,1,12.4,3200,0,2025-08-23,Nublado
Madera,Exposiciones,Caminando,1.5,Sabado,14,1,1,5.3,0,0,2025-09-20,Lluvia
La Estrella,Acevedo,Taxi,5.8,Sabado,8,1,1,25.5,9768,0,2025-03-01,Soleado
Prado,Estadio,Bus,10.6,Sabado,15,0,1,10.3,2800,0,2025-08-23,Soleado
Acevedo,Alpujarra,Metro,3.4,Domingo,2,0,1,2.8,3200,1,2025-03-02,Lluvia
Sabaneta,Universidad,Taxi,2.5,Jueves,1,0,0,15.4,5500,1,2025-02-27,Lluvia
Santa Lucia,Aguacatala,Bus,2.7,Jueves,11,1,0,7.8,3360,0,2025-06-12,Soleado
Caribe,Tricentenario,Metro,11.3,Miercoles,4,0,0,12.1,3200,0,2025-08-13,Nublado
Parque Berrio,Niquia,Caminando,11.4,Lunes,13,1,0,57.8,0,0,2025-09-22,Nublado
Cisneros,Hospital,Cable,13.9,Lunes,3,0,0,50.6,0,0,2025-01-20,Soleado
Cisneros,Itagui,Metro,1.4,Domingo,8,1,1,1.6,3840,1,2025-12-28,Tormenta
Santa Lucia,Acevedo,Caminando,8.2,Martes,21,0,0,28.0,0,0,2025-03-11,Lluvia
Santa Lucia,Itagui,Taxi,4.7,Sabado,4,0,1,14.7,7260,0,2025-11-15,Nublado
Exposiciones,Poblado,Taxi,4.4,Jueves,5,0,0,27.9,7020,0,2025-11-27,Tormenta
Cisneros,Industriales,Taxi,1.5,Miercoles,2,0,0,6.3,4700,0,2025-10-08,Nublado
Santa Lucia,Poblado,Bus,11.3,Lunes,6,1,0,29.6,3360,0,2025-05-19,Tormenta
Poblado,Aguacatala,Caminando,1.0,Martes,0,0,0,3.8,0,0,2025-02-04,Nublado
La Estrella,Alpujarra,Metro,11.4,Lunes,7,1,0,14.5,3840,0,2025-12-22,Soleado
Envigado,Caribe,Bus,12.6,Domingo,12,1,1,21.9,3360,1,2025-08-10,Nublado
Itagui,Cisneros,Taxi,6.3,Sabado,21,0,1,26.9,8540,0,2025-03-01,Tormenta
Itagui,Industriales,Metro,1.0,Viernes,0,0,0,1.9,3200,0,2025-02-14,Tormenta
Exposiciones,Ayura,Bus,4.2,Miercoles,0,0,0,8.4,2800,0,2025-07-30,Lluvia
Bello,Industriales,Cable,7.0,Viernes,12,1,0,41.9,0,1,2025-12-26,Soleado
La Estrella,Bello,Taxi,8.7,Sabado,21,0,1,25.0,10460,1,2025-01-25,Soleado
Santa Lucia,Floresta,Caminando,14.8,Martes,1,0,0,63.2,0,0,2025-09-16,Lluvia
Suramericana,Madera,Caminando,11.8,Martes,23,0,0,48.1,0,0,2025-10-21,Tormenta
Bello,Exposiciones,Metro,7.2,Miercoles,5,0,0,6.1,3200,0,2025-12-24,Soleado
Floresta,Parque Berrio,Caminando,7.9,Jueves,6,1,0,60.1,0,0,2025-10-02,Tormenta
Poblado,Prado,Caminando,11.7,Martes,2,0,0,39.7,0,1,2025-12-23,Soleado
Prado,Universidad,Cable,11.3,Lunes,20,0,0,32.1,0,0,2025-06-23,Nublado
Caribe,La Estrella,Taxi,12.5,Lunes,22,0,0,62.3,13500,0,2025-01-27,Soleado
Universidad,Poblado,Cable,7.2,Viernes,17,1,0,35.3,0,0,2025-05-30,Nublado
Estadio,Cisneros,Taxi,4.6,Sabado,10,0,1,18.5,7180,1,2025-02-08,Nublado
Aguacatala,Niquia,Caminando,7.4,Domingo,5,0,1,14.2,0,1,2025-02-23,Tormenta
Envigado,Madera,Metro,9.9,Sabado,0,0,1,13.8,3200,1,2025-03-01,Soleado
Cisneros,Estadio,Cable,9.1,Domingo,19,1,1,31.0,0,0,2025-01-05,Lluvia
Acevedo,Industriales,Cable,8.0,Jueves,18,1,0,39.9,0,0,2025-02-13,Soleado
Prado,Hospital,Caminando,11.0,Miercoles,23,0,0,37.3,0,1,2025-05-28,Nublado
Poblado,Floresta,Cable,1.3,Domingo,13,1,1,4.3,0,0,2025-03-09,Soleado
Caribe,Estadio,Cable,8.3,Viernes,23,0,0,26.3,0,0,2025-01-10,Lluvia
Itagui,Tricentenario,Metro,6.4,Lunes,16,0,0,6.7,3200,1,2025-12-29,Nublado
Universidad,Santa Lucia,Caminando,3.7,Martes,8,1,0,20.4,0,1,2025-08-19,Nublado
Envigado,Parque Berrio,Caminando,12.0,Jueves,13,1,0,57.1,0,0,2025-08-14,Nublado
San Javier,Santa Lucia,Cable,9.7,Martes,12,1,0,59.3,0,0,2025-04-29,Nublado
Estadio,Floresta,Cable,6.5,Miercoles,9,0,0,19.7,0,1,2025-11-05,Lluvia
Caribe,Floresta,Caminando,5.0,Jueves,0,0,0,18.3,0,0,2025-01-09,Lluvia
Caribe,Hospital,Taxi,5.4,Jueves,23,0,0,32.3,7820,1,2025-07-24,Tormenta
Aguacatala,Exposiciones,Metro,1.6,Jueves,19,1,0,1.9,3840,0,2025-09-25,Lluvia
Ayura,La Estrella,Cable,10.9,Lunes,21,0,0,31.4,0,0,2025-09-15,Nublado
Estadio,Itagui,Bus,10.8,Lunes,10,0,0,22.6,2800,0,2025-10-13,Lluvia
La Estrella,San Antonio,Metro,3.7,Viernes,7,1,0,6.9,3840,1,2025-12-19,Tormenta
Sabaneta,Suramericana,Metro,5.1,Jueves,3,0,0,5.4,3200,1,2025-09-25,Tormenta
Suramericana,San Antonio,Bus,13.1,Viernes,21,0,0,21.2,2800,1,2025-04-04,Soleado
Poblado,La Estrella,Metro,10.9,Jueves,1,0,0,12.5,3200,0,2025-11-13,Soleado
Alpujarra,Bello,Caminando,13.8,Martes,20,0,0,42.3,0,0,2025-12-30,Soleado
Caribe,La Estrella,Caminando,5.9,Martes,19,1,0,34.7,0,1,2025-03-18,Tormenta
Envigado,Ayura,Metro,11.5,Jueves,20,0,0,13.3,3200,0,2025-06-05,Tormenta
Suramericana,Parque Berrio,Bus,12.5,Sabado,4,0,1,16.0,2800,1,2025-09-27,Soleado
Poblado,Envigado,Cable,5.7,Domingo,14,1,1,16.3,0,0,2025-08-17,Lluvia
Aguacatala,Cisneros,Cable,6.5,Viernes,20,0,0,22.2,0,0,2025-01-31,Lluvia
Caribe,Parque Berrio,Cable,11.7,Sabado,2,0,1,23.1,0,1,2025-05-24,Lluvia
Industriales,Poblado,Metro,14.5,Martes,8,1,0,20.3,3840,0,2025-11-25,Lluvia
Madera,Aguacatala,Caminando,10.5,Lunes,22,0,0,41.0,0,1,2025-03-24,Tormenta
Madera,Parque Berrio,Cable,10.4,Jueves,2,0,0,41.0,0,0,2025-01-16,Soleado
Bello,Estadio,Caminando,10.5,Viernes,10,0,0,41.8,0,0,2025-03-21,Tormenta
Cisneros,Tricentenario,Cable,7.7,Miercoles,7,1,0,38.2,0,1,2025-09-24,Lluvia
Aguacatala,Suramericana,Metro,13.4,Domingo,11,1,1,14.4,3840,1,2025-05-25,Nublado
Envigado,San Javier,Bus,14.5,Domingo,11,1,1,22.6,3360,0,2025-08-03,Tormenta
Alpujarra,Industriales,Bus,5.8,Jueves,11,1,0,40.1,3360,0,2025-08-21,Nublado
Sabaneta,Poblado,Taxi,4.3,Viernes,11,1,0,36.4,8328,1,2025-11-14,Soleado
Itagui,Prado,Cable,13.4,Sabado,10,0,1,32.7,0,0,2025-01-18,Nublado
Sabaneta,Santa Lucia,Metro,6.4,Martes,17,1,0,11.0,3840,0,2025-02-04,Soleado
Prado,Hospital,Caminando,13.1,Sabado,10,0,1,32.4,0,0,2025-10-04,Nublado
Prado,San Javier,Taxi,12.5,Sabado,0,0,1,48.6,13500,0,2025-04-26,Nublado
Envigado,San Antonio,Taxi,1.8,Lunes,5,0,0,10.0,4940,1,2025-05-19,Soleado
Parque Berrio,Floresta,Cable,10.8,Domingo,16,0,1,31.4,0,0,2025-09-21,Soleado
Envigado,Floresta,Cable,14.1,Viernes,6,1,0,62.5,0,0,2025-07-25,Tormenta
Acevedo,Tricentenario,Taxi,3.7,Domingo,17,1,1,23.1,7752,0,2025-08-17,Tormenta
Acevedo,Industriales,Bus,4.0,Lunes,23,0,0,8.4,2800,1,2025-02-03,Tormenta
Universidad,Madera,Taxi,13.7,Sabado,22,0,1,52.0,14460,0,2025-01-11,Tormenta
Estadio,Santa Lucia,Metro,11.5,Miercoles,5,0,0,13.0,3200,0,2025-08-06,Tormenta
Aguacatala,Exposiciones,Bus,3.5,Sabado,16,0,1,4.2,2800,0,2025-02-08,Nublado
Prado,Ayura,Cable,7.2,Domingo,17,1,1,32.6,0,0,2025-11-30,Tormenta
Madera,San Javier,Taxi,7.4,Martes,21,0,0,32.2,9420,0,2025-09-23,Nublado
Universidad,Alpujarra,Bus,14.7,Domingo,16,0,1,13.9,2800,1,2025-11-02,Soleado
Hospital,Suramericana,Cable,4.8,Sabado,8,1,1,21.8,0,0,2025-05-03,Soleado
Madera,Exposiciones,Taxi,14.3,Martes,5,0,0,77.1,14940,0,2025-09-23,Tormenta
Madera,Cisneros,Caminando,7.1,Miercoles,14,1,0,36.8,0,0,2025-01-01,Nublado
Cisneros,Acevedo,Bus,5.4,Miercoles,12,1,0,14.5,3360,0,2025-02-19,Nublado
Alpujarra,San Antonio,Metro,4.4,Viernes,11,1,0,8.3,3840,0,2025-04-25,Soleado
Bello,Tricentenario,Bus,7.3,Domingo,9,0,1,10.1,2800,1,2025-06-22,Lluvia
Itagui,Suramericana,Cable,2.3,Sabado,1,0,1,12.4,0,0,2025-08-30,Nublado
Alpujarra,Itagui,Bus,13.6,Domingo,1,0,1,19.1,2800,0,2025-04-06,Tormenta
Suramericana,Universidad,Cable,7.1,Sabado,19,1,1,25.3,0,0,2025-08-30,Lluvia
San Javier,Parque Berrio,Taxi,1.4,Viernes,16,0,0,7.0,4620,0,2025-10-24,Tormenta
Poblado,Suramericana,Bus,6.3,Viernes,4,0,0,19.9,2800,0,2025-10-17,Lluvia
Tricentenario,La Estrella,Caminando,9.6,Jueves,2,0,0,28.4,0,0,2025-03-13,Lluvia
Bello,Poblado,Caminando,1.8,Sabado,15,0,1,4.6,0,0,2025-12-06,Soleado
Acevedo,Caribe,Metro,11.1,Lunes,16,0,0,12.3,3200,0,2025-04-21,Soleado
Acevedo,Exposiciones,Metro,9.7,Lunes,21,0,0,12.3,3200,0,2025-12-08,Tormenta
Envigado,Suramericana,Metro,14.3,Martes,12,1,0,17.6,3840,0,2025-11-18,Soleado
San Antonio,Santa Lucia,Taxi,2.1,Lunes,16,0,0,12.1,5180,0,2025-08-04,Lluvia
Universidad,Prado,Cable,4.7,Miercoles,11,1,0,21.0,0,1,2025-01-01,Lluvia
Prado,Sabaneta,Taxi,9.1,Viernes,20,0,0,53.7,10780,0,2025-11-14,Soleado
Sabaneta,Exposiciones,Caminando,4.3,Miercoles,1,0,0,13.6,0,0,2025-12-03,Nublado
Niquia,Exposiciones,Caminando,12.0,Miercoles,17,1,0,48.8,0,1,2025-06-04,Soleado
Industriales,Envigado,Metro,13.5,Lunes,2,0,0,16.4,3200,0,2025-02-24,Soleado
Sabaneta,Exposiciones,Taxi,6.1,Viernes,19,1,0,55.9,10056,1,2025-04-18,Tormenta
Universidad,Tricentenario,Metro,1.5,Jueves,18,1,0,1.9,3840,1,2025-01-02,Soleado
Alpujarra,Hospital,Bus,14.0,Jueves,13,1,0,39.9,3360,0,2025-06-26,Soleado
Suramericana,Parque Berrio,Caminando,6.8,Jueves,1,0,0,24.4,0,0,2025-09-11,Soleado
San Javier,Exposiciones,Caminando,1.4,Viernes,5,0,0,4.5,0,0,2025-04-18,Lluvia
Acevedo,Madera,Caminando,8.9,Martes,11,1,0,49.5,0,0,2025-04-15,Soleado
Santa Lucia,Exposiciones,Cable,9.7,Viernes,14,1,0,55.2,0,1,2025-09-12,Lluvia
San Javier,Ayura,Cable,4.7,Lunes,22,0,0,20.3,0,1,2025-09-29,Soleado
Bello,Cisneros,Caminando,5.6,Sabado,21,0,1,16.4,0,0,2025-12-13,Tormenta
Ayura,Cisneros,Bus,3.7,Sabado,22,0,1,3.5,2800,1,2025-11-08,Soleado
Tricentenario,Bello,Taxi,8.9,Viernes,17,1,0,76.4,12744,1,2025-10-10,Soleado
Poblado,Prado,Caminando,12.3,Sabado,17,1,1,83.6,0,0,2025-08-23,Soleado
Prado,Niquia,Taxi,8.7,Jueves,23,0,0,40.1,10460,0,2025-01-30,Tormenta
Bello,Niquia,Metro,5.3,Jueves,16,0,0,6.0,3200,0,2025-05-22,Nublado
San Javier,Universidad,Taxi,13.2,Miercoles,3,0,0,72.0,14060,1,2025-09-17,Lluvia
Hospital,Floresta,Caminando,12.8,Jueves,4,0,0,43.3,0,1,2025-07-17,Nublado
San Javier,Floresta,Caminando,1.9,Domingo,14,1,1,8.1,0,0,2025-10-05,Soleado
San Antonio,Tricentenario,Caminando,12.3,Domingo,3,0,1,24.5,0,0,2025-05-11,Nublado
Caribe,Parque Berrio,Metro,14.0,Lunes,12,1,0,18.2,3840,0,2025-11-03,Nublado
Acevedo,Industriales,Cable,13.8,Jueves,9,0,0,56.2,0,1,2025-10-16,Nublado
Santa Lucia,Universidad,Bus,6.9,Martes,0,0,0,12.5,2800,0,2025-12-23,Tormenta
La Estrella,Poblado,Bus,6.4,Domingo,7,1,1,10.7,3360,0,2025-04-06,Tormenta
Caribe,Universidad,Caminando,4.7,Domingo,23,0,1,12.1,0,0,2025-01-12,Soleado
San Antonio,Estadio,Caminando,3.3,Martes,0,0,0,12.3,0,1,2025-07-08,Nublado
San Antonio,Aguacatala,Cable,10.8,Miercoles,2,0,0,37.6,0,0,2025-04-02,Soleado
Bello,Exposiciones,Caminando,13.7,Lunes,11,1,0,74.4,0,0,2025-02-10,Soleado
Alpujarra,San Antonio,Taxi,9.3,Domingo,17,1,1,56.6,13128,1,2025-02-16,Tormenta
Prado,Hospital,Taxi,7.8,Jueves,4,0,0,33.7,9740,1,2025-03-13,Tormenta
La Estrella,Santa Lucia,Bus,10.3,Sabado,17,1,1,14.6,3360,1,2025-10-18,Tormenta
Caribe,Industriales,Taxi,11.1,Lunes,20,0,0,48.4,12380,0,2025-02-24,Tormenta
Ayura,Suramericana,Metro,6.1,Martes,3,0,0,7.2,3200,0,2025-05-06,Nublado
Bello,Hospital,Metro,4.1,Miercoles,8,1,0,5.0,3840,1,2025-03-12,Tormenta
Parque Berrio,San Antonio,Bus,7.5,Miercoles,9,0,0,13.0,2800,0,2025-02-12,Lluvia
San Antonio,Santa Lucia,Caminando,13.5,Miercoles,23,0,0,124.7,0,0,2025-03-12,Lluvia
Itagui,Poblado,Cable,9.6,Sabado,20,0,1,26.2,0,0,2025-11-15,Nublado
Alpujarra,Industriales,Caminando,2.1,Martes,20,0,0,12.4,0,0,2025-08-12,Lluvia
Sabaneta,La Estrella,Cable,10.9,Miercoles,5,0,0,32.5,0,0,2025-08-20,Soleado
Poblado,Acevedo,Metro,5.4,Miercoles,9,0,0,6.1,3200,0,2025-11-12,Nublado
Bello,Tricentenario,Metro,11.3,Sabado,15,0,1,6.9,3200,0,2025-03-15,Nublado
Hospital,San Javier,Bus,12.3,Viernes,17,1,0,28.2,3360,0,2025-04-18,Soleado
Industriales,Exposiciones,Caminando,10.5,Domingo,15,0,1,30.8,0,0,2025-12-07,Tormenta
Acevedo,Tricentenario,Caminando,13.6,Sabado,22,0,1,38.0,0,0,2025-09-27,Tormenta
Tricentenario,Prado,Caminando,2.6,Viernes,6,1,0,14.6,0,0,2025-01-31,Soleado
Caribe,Industriales,Taxi,13.2,Sabado,6,1,1,80.5,16872,0,2025-03-08,Lluvia
Santa Lucia,Exposiciones,Caminando,12.4,Miercoles,14,1,0,63.9,0,0,2025-04-16,Soleado
Ayura,Santa Lucia,Metro,9.8,Miercoles,20,0,0,8.2,3200,0,2025-07-02,Lluvia
La Estrella,Parque Berrio,Taxi,11.3,Domingo,1,0,1,48.0,12540,0,2025-01-26,Nublado
Prado,San Antonio,Bus,6.7,Viernes,19,1,0,17.0,3360,0,2025-08-15,Tormenta
Suramericana,Floresta,Cable,6.7,Sabado,3,0,1,16.6,0,0,2025-03-01,Nublado
Parque Berrio,Aguacatala,Cable,7.1,Miercoles,18,1,0,37.6,0,0,2025-05-28,Tormenta
Hospital,Floresta,Bus,10.0,Martes,20,0,0,20.2,2800,1,2025-11-25,Tormenta
Aguacatala,San Antonio,Taxi,4.9,Lunes,6,1,0,43.5,8904,0,2025-03-03,Tormenta
Sabaneta,Poblado,Metro,7.7,Domingo,19,1,1,8.3,3840,0,2025-08-24,Lluvia
San Antonio,Universidad,Metro,3.7,Sabado,2,0,1,3.1,3200,1,2025-01-11,Nublado
Alpujarra,Sabaneta,Bus,9.0,Martes,20,0,0,16.2,2800,0,2025-02-25,Lluvia
Bello,Exposiciones,Taxi,5.6,Miercoles,20,0,0,34.1,7980,1,2025-06-25,Lluvia
Industriales,San Antonio,Bus,13.8,Sabado,12,1,1,28.5,3360,1,2025-11-29,Lluvia
Tricentenario,Envigado,Bus,2.8,Jueves,0,0,0,7.8,2800,0,2025-03-20,Soleado
Poblado,Caribe,Cable,14.4,Martes,5,0,0,59.4,0,1,2025-06-24,Tormenta
Industriales,Bello,Caminando,7.1,Miercoles,14,1,0,35.0,0,1,2025-07-30,Nublado
Acevedo,Estadio,Caminando,12.0,Miercoles,12,1,0,49.8,0,0,2025-06-25,Lluvia
Bello,Industriales,Caminando,10.4,Viernes,20,0,0,41.0,0,0,2025-07-18,Lluvia
Prado,Santa Lucia,Taxi,4.5,Jueves,6,1,0,42.3,8520,0,2025-03-06,Soleado
Suramericana,Bello,Bus,7.9,Viernes,17,1,0,23.2,3360,0,2025-01-17,Tormenta
Tricentenario,Prado,Bus,10.8,Miercoles,11,1,0,32.8,3360,0,2025-02-19,Tormenta
Itagui,Cisneros,Bus,5.7,Jueves,13,1,0,14.5,3360,0,2025-10-23,Nublado
Prado,Caribe,Bus,13.6,Viernes,15,0,0,20.6,2800,1,2025-01-17,Tormenta
Poblado,Caribe,Bus,4.6,Sabado,17,1,1,10.2,3360,0,2025-03-15,Nublado
Floresta,Exposiciones,Cable,1.5,Sabado,5,0,1,3.7,0,0,2025-05-31,Tormenta
San Javier,Ayura,Cable,2.7,Domingo,16,0,1,5.2,0,0,2025-04-20,Nublado
San Javier,Itagui,Bus,6.1,Jueves,16,0,0,13.0,2800,0,2025-04-17,Lluvia
Bello,Parque Berrio,Taxi,10.1,Viernes,0,0,0,56.3,11580,0,2025-09-26,Tormenta
Envigado,Prado,Cable,14.0,Sabado,8,1,1,56.7,0,0,2025-01-18,Lluvia
San Antonio,San Javier,Taxi,3.7,Sabado,14,1,1,21.3,7752,1,2025-03-08,Lluvia
San Javier,Exposiciones,Metro,5.4,Jueves,19,1,0,9.2,3840,1,2025-07-17,Tormenta
San Javier,Suramericana,Taxi,9.2,Jueves,9,0,0,37.8,10860,1,2025-05-15,Tormenta
Bello,Universidad,Caminando,13.9,Viernes,13,1,0,103.4,0,0,2025-12-05,Nublado
Hospital,Aguacatala,Bus,11.8,Miercoles,12,1,0,38.1,3360,1,2025-05-21,Lluvia
Madera,Acevedo,Caminando,5.5,Viernes,1,0,0,18.3,0,0,2025-10-31,Tormenta
Aguacatala,La Estrella,Metro,8.1,Sabado,2,0,1,4.9,3200,0,2025-03-01,Tormenta
Caribe,Cisneros,Caminando,14.2,Domingo,12,1,1,58.7,0,0,2025-02-09,Nublado
Alpujarra,Hospital,Caminando,5.6,Lunes,2,0,0,23.0,0,0,2025-05-12,Tormenta
Exposiciones,Alpujarra,Cable,13.1,Lunes,5,0,0,55.2,0,0,2025-03-24,Nublado
Industriales,Poblado,Metro,4.3,Sabado,18,1,1,8.7,3840,0,2025-09-13,Nublado
Aguacatala,Envigado,Bus,5.9,Domingo,20,0,1,7.7,2800,0,2025-07-20,Tormenta
Exposiciones,San Javier,Caminando,7.7,Lunes,17,1,0,37.9,0,1,2025-01-13,Soleado
Caribe,Cisneros,Bus,9.6,Sabado,11,1,1,19.3,3360,1,2025-09-06,Tormenta
Niquia,La Estrella,Bus,13.5,Martes,1,0,0,23.1,2800,1,2025-10-14,Soleado
Universidad,Cisneros,Cable,8.0,Miercoles,14,1,0,43.4,0,0,2025-05-28,Tormenta
Floresta,Santa Lucia,Caminando,4.6,Sabado,8,1,1,16.9,0,0,2025-11-15,Nublado
Floresta,Estadio,Bus,3.0,Martes,23,0,0,4.8,2800,1,2025-07-22,Soleado
Suramericana,Sabaneta,Taxi,9.8,Lunes,16,0,0,55.5,11340,0,2025-11-10,Soleado
Itagui,Cisneros,Caminando,4.7,Jueves,19,1,0,26.1,0,0,2025-01-16,Tormenta
Tricentenario,Parque Berrio,Taxi,7.8,Miercoles,4,0,0,42.9,9740,0,2025-06-18,Nublado
Santa Lucia,Floresta,Cable,2.4,Miercoles,5,0,0,7.7,0,1,2025-04-02,Soleado
Estadio,Acevedo,Cable,11.9,Jueves,18,1,0,53.1,0,0,2025-11-13,Lluvia
Acevedo,Madera,Cable,6.9,Lunes,22,0,0,24.7,0,0,2025-06-23,Lluvia
Acevedo,Prado,Bus,12.4,Sabado,13,1,1,17.4,3360,0,2025-10-25,Tormenta
San Antonio,Tricentenario,Caminando,13.7,Domingo,12,1,1,49.8,0,1,2025-07-27,Soleado
Universidad,Tricentenario,Metro,11.3,Jueves,4,0,0,9.7,3200,0,2025-08-21,Tormenta
San Antonio,Exposiciones,Metro,9.1,Miercoles,6,1,0,15.5,3840,0,2025-07-30,Soleado
Exposiciones,Aguacatala,Cable,9.7,Sabado,11,1,1,43.1,0,0,2025-11-29,Tormenta
Cisneros,Industriales,Caminando,11.4,Viernes,12,1,0,49.5,0,0,2025-08-15,Lluvia
San Javier,Acevedo,Taxi,11.3,Jueves,14,1,0,76.2,15048,0,2025-05-01,Lluvia
Sabaneta,Acevedo,Cable,2.7,Viernes,13,1,0,14.0,0,0,2025-03-21,Lluvia
Tricentenario,Universidad,Bus,2.8,Jueves,5,0,0,5.2,2800,0,2025-02-20,Tormenta
Universidad,Envigado,Metro,13.8,Martes,23,0,0,12.8,3200,0,2025-12-09,Soleado
Bello,Santa Lucia,Bus,11.2,Jueves,11,1,0,27.0,3360,1,2025-10-30,Nublado
Aguacatala,Acevedo,Metro,11.3,Lunes,10,0,0,10.9,3200,0,2025-06-02,Tormenta
Floresta,Universidad,Taxi,14.5,Sabado,2,0,1,56.0,15100,0,2025-04-26,Tormenta
Hospital,Cisneros,Bus,9.8,Sabado,8,1,1,19.7,3360,0,2025-06-28,Nublado
Hospital,San Javier,Caminando,2.5,Jueves,10,0,0,10.0,0,0,2025-03-27,Nublado
Bello,Industriales,Caminando,5.8,Lunes,18,1,0,75.8,0,0,2025-03-10,Lluvia
Poblado,Acevedo,Caminando,11.6,Sabado,18,1,1,46.0,0,1,2025-08-02,Nublado
Alpujarra,Parque Berrio,Caminando,13.9,Jueves,6,1,0,66.8,0,0,2025-11-06,Nublado
Universidad,Envigado,Cable,7.5,Miercoles,7,1,0,35.5,0,0,2025-02-26,Tormenta
Cisneros,Niquia,Taxi,7.3,Martes,7,1,0,44.3,11208,0,2025-05-20,Nublado
Exposiciones,Ayura,Metro,7.8,Viernes,15,0,0,7.9,3200,0,2025-03-07,Nublado
Suramericana,Madera,Bus,13.0,Martes,14,1,0,36.8,3360,0,2025-02-25,Nublado
Sabaneta,Industriales,Cable,2.2,Viernes,1,0,0,7.4,0,1,2025-03-14,Soleado
La Estrella,Exposiciones,Cable,5.4,Viernes,20,0,0,20.6,0,0,2025-10-10,Tormenta
Prado,Niquia,Metro,5.8,Sabado,4,0,1,5.0,3200,0,2025-11-08,Soleado
Prado,Industriales,Metro,10.9,Lunes,3,0,0,11.7,3200,0,2025-08-11,Soleado
Hospital,La Estrella,Cable,5.7,Jueves,12,1,0,27.7,0,0,2025-03-06,Soleado
Itagui,Parque Berrio,Metro,14.1,Martes,4,0,0,16.6,3200,0,2025-05-13,Tormenta
San Javier,Estadio,Metro,10.0,Martes,16,0,0,8.8,3200,1,2025-04-22,Soleado
Universidad,Tricentenario,Caminando,8.2,Viernes,13,1,0,51.1,0,1,2025-11-14,Lluvia
Envigado,Floresta,Taxi,13.2,Jueves,18,1,0,102.1,16872,0,2025-11-13,Lluvia
Ayura,Exposiciones,Caminando,11.0,Lunes,4,0,0,42.1,0,0,2025-03-17,Tormenta
Universidad,Poblado,Cable,2.4,Martes,16,0,0,8.2,0,0,2025-04-01,Lluvia
Universidad,San Javier,Taxi,14.7,Domingo,10,0,1,56.7,15260,0,2025-11-02,Tormenta
San Javier,Itagui,Caminando,9.5,Miercoles,10,0,0,33.9,0,0,2025-11-12,Tormenta
Santa Lucia,Tricentenario,Caminando,2.7,Viernes,10,0,0,9.8,0,0,2025-06-20,Lluvia
Hospital,Madera,Taxi,4.7,Viernes,22,0,0,29.5,7260,0,2025-10-17,Soleado
Itagui,Exposiciones,Cable,13.7,Sabado,4,0,1,34.4,0,0,2025-07-19,Soleado
Parque Berrio,Niquia,Taxi,9.9,Domingo,23,0,1,35.8,11420,1,2025-03-23,Lluvia
Prado,Aguacatala,Cable,14.5,Lunes,7,1,0,86.6,0,0,2025-07-14,Tormenta
San Antonio,Madera,Metro,10.9,Domingo,0,0,1,7.5,3200,0,2025-10-26,Lluvia
Niquia,Ayura,Bus,2.4,Domingo,8,1,1,4.9,3360,0,2025-04-27,Soleado
Aguacatala,Bello,Caminando,2.9,Jueves,18,1,0,15.9,0,1,2025-03-20,Nublado
Sabaneta,Niquia,Metro,1.6,Miercoles,18,1,0,2.9,3840,0,2025-04-02,Tormenta
Caribe,La Estrella,Caminando,15.0,Miercoles,22,0,0,48.1,0,0,2025-01-29,Soleado
Prado,La Estrella,Cable,5.4,Jueves,15,0,0,22.8,0,1,2025-06-26,Tormenta
Hospital,Universidad,Bus,13.4,Martes,20,0,0,27.5,2800,0,2025-05-06,Soleado
Universidad,Floresta,Taxi,8.8,Miercoles,6,1,0,62.5,12648,1,2025-10-15,Soleado
Exposiciones,Santa Lucia,Taxi,12.3,Viernes,23,0,0,50.5,13340,0,2025-12-05,Nublado
Parque Berrio,Acevedo,Cable,3.9,Martes,15,0,0,15.1,0,0,2025-12-16,Soleado
Estadio,Santa Lucia,Cable,12.6,Miercoles,17,1,0,53.5,0,1,2025-02-26,Tormenta
San Javier,Niquia,Cable,14.5,Domingo,6,1,1,42.3,0,0,2025-12-07,Soleado
San Javier,Madera,Metro,14.0,Lunes,1,0,0,12.8,3200,1,2025-10-06,Tormenta
Itagui,Santa Lucia,Cable,12.2,Sabado,21,0,1,32.3,0,0,2025-01-04,Lluvia
Hospital,Cisneros,Taxi,10.2,Martes,9,0,0,63.8,11660,0,2025-08-05,Lluvia
Parque Berrio,Suramericana,Cable,4.5,Lunes,5,0,0,19.3,0,1,2025-12-22,Soleado
San Javier,Caribe,Bus,14.5,Lunes,22,0,0,21.1,2800,0,2025-09-15,Lluvia
Sabaneta,Madera,Taxi,9.4,Sabado,0,0,1,26.7,11020,0,2025-06-14,Tormenta
Tricentenario,Envigado,Cable,4.3,Miercoles,7,1,0,27.4,0,0,2025-11-12,Soleado
Niquia,Industriales,Cable,13.9,Sabado,7,1,1,43.4,0,0,2025-04-26,Nublado
Estadio,Parque Berrio,Caminando,10.7,Martes,1,0,0,38.8,0,0,2025-12-09,Nublado
Hospital,Itagui,Taxi,11.3,Miercoles,11,1,0,167.1,15048,0,2025-10-08,Lluvia
San Javier,Parque Berrio,Taxi,7.9,Sabado,17,1,1,36.1,11784,1,2025-06-07,Soleado
Suramericana,Floresta,Caminando,10.5,Miercoles,0,0,0,31.0,0,0,2025-08-27,Lluvia
Sabaneta,La Estrella,Metro,11.5,Lunes,11,1,0,19.2,3840,0,2025-03-10,Soleado
Niquia,Hospital,Bus,2.5,Sabado,22,0,1,2.4,2800,1,2025-01-04,Soleado
Bello,Caribe,Caminando,12.4,Jueves,5,0,0,42.3,0,0,2025-08-21,Soleado
Tricentenario,Poblado,Bus,7.9,Martes,1,0,0,14.5,2800,0,2025-08-26,Nublado
Universidad,Floresta,Metro,2.4,Jueves,5,0,0,2.4,3200,0,2025-04-03,Nublado
Acevedo,Universidad,Cable,2.4,Martes,13,1,0,10.8,0,0,2025-05-27,Lluvia
Envigado,Caribe,Caminando,6.6,Martes,12,1,0,27.5,0,0,2025-07-08,Lluvia
Sabaneta,Bello,Caminando,2.1,Sabado,9,0,1,4.7,0,1,2025-10-18,Tormenta
Industriales,Universidad,Cable,5.9,Domingo,22,0,1,13.9,0,0,2025-10-12,Tormenta
Parque Berrio,Ayura,Cable,13.6,Sabado,18,1,1,45.8,0,0,2025-08-02,Lluvia
Acevedo,Itagui,Cable,7.5,Lunes,1,0,0,29.1,0,0,2025-07-07,Lluvia
Madera,Tricentenario,Taxi,5.4,Lunes,20,0,0,23.5,7820,0,2025-10-27,Tormenta
Niquia,San Antonio,Bus,14.4,Miercoles,8,1,0,37.8,3360,0,2025-08-06,Soleado
Suramericana,Estadio,Taxi,12.7,Viernes,12,1,0,109.2,16392,1,2025-12-19,Nublado
Ayura,Alpujarra,Metro,3.0,Domingo,3,0,1,5.0,3200,0,2025-06-01,Soleado
La Estrella,Sabaneta,Bus,2.5,Jueves,10,0,0,4.9,2800,0,2025-04-03,Nublado
Itagui,Santa Lucia,Taxi,14.7,Viernes,22,0,0,91.1,15260,0,2025-05-16,Nublado
San Antonio,Estadio,Metro,4.7,Sabado,16,0,1,4.0,3200,0,2025-05-31,Soleado
Tricentenario,Santa Lucia,Caminando,11.6,Miercoles,8,1,0,62.6,0,0,2025-06-18,Lluvia
Hospital,San Javier,Bus,9.0,Jueves,16,0,0,16.7,2800,0,2025-06-19,Soleado
Industriales,Sabaneta,Taxi,3.0,Viernes,11,1,0,24.2,7080,0,2025-04-25,Soleado
Tricentenario,Niquia,Caminando,8.7,Domingo,1,0,1,21.3,0,0,2025-12-21,Nublado
Estadio,Madera,Metro,4.3,Lunes,9,0,0,8.9,3200,0,2025-02-10,Soleado
San Antonio,Santa Lucia,Metro,9.5,Domingo,21,0,1,6.6,3200,0,2025-05-25,Tormenta
La Estrella,Prado,Metro,9.6,Miercoles,22,0,0,9.4,3200,1,2025-01-15,Lluvia
Alpujarra,La Estrella,Taxi,11.0,Viernes,2,0,0,48.5,12300,0,2025-03-28,Soleado
Ayura,Caribe,Caminando,4.8,Martes,13,1,0,19.6,0,0,2025-11-18,Lluvia
San Antonio,Bello,Taxi,14.9,Lunes,3,0,0,109.3,15420,0,2025-06-09,Tormenta
Estadio,Poblado,Metro,10.2,Viernes,18,1,0,12.5,3840,0,2025-08-15,Tormenta
Itagui,Prado,Metro,3.4,Sabado,11,1,1,3.8,3840,0,2025-04-19,Tormenta
Sabaneta,San Antonio,Taxi,7.8,Miercoles,11,1,0,68.4,11688,0,2025-10-29,Nublado
Tricentenario,Poblado,Caminando,6.4,Miercoles,3,0,0,24.2,0,0,2025-12-03,Tormenta
Niquia,Envigado,Bus,1.3,Viernes,13,1,0,2.9,3360,0,2025-09-12,Nublado
Niquia,La Estrella,Taxi,9.2,Lunes,18,1,0,66.7,13032,1,2025-07-07,Lluvia
Sabaneta,Prado,Bus,3.8,Miercoles,11,1,0,9.9,3360,0,2025-10-15,Lluvia
Itagui,Floresta,Metro,13.5,Lunes,23,0,0,14.4,3200,1,2025-05-05,Soleado
La Estrella,Cisneros,Metro,4.3,Lunes,23,0,0,4.5,3200,0,2025-03-03,Nublado
Universidad,Hospital,Metro,4.9,Sabado,7,1,1,5.7,3840,0,2025-05-17,Soleado
Tricentenario,Ayura,Caminando,4.4,Sabado,19,1,1,18.1,0,0,2025-09-06,Soleado
Cisneros,Ayura,Metro,3.4,Miercoles,21,0,0,2.8,3200,1,2025-04-09,Soleado
Parque Berrio,San Antonio,Caminando,13.1,Sabado,21,0,1,26.2,0,0,2025-05-31,Soleado
Industriales,Prado,Caminando,12.2,Lunes,15,0,0,33.2,0,1,2025-06-30,Lluvia
Sabaneta,Itagui,Metro,8.2,Miercoles,22,0,0,7.2,3200,1,2025-01-08,Soleado
Santa Lucia,Acevedo,Caminando,4.3,Lunes,7,1,0,22.5,0,1,2025-12-01,Nublado
Bello,Alpujarra,Cable,10.9,Martes,5,0,0,40.7,0,1,2025-10-21,Lluvia
Ayura,Acevedo,Bus,11.6,Martes,16,0,0,15.9,2800,0,2025-07-29,Nublado
Sabaneta,Floresta,Cable,15.0,Miercoles,13,1,0,75.2,0,0,2025-11-12,Tormenta
Niquia,San Javier,Metro,8.2,Sabado,5,0,1,7.3,3200,1,2025-08-02,Tormenta
Cisneros,Estadio,Cable,10.3,Domingo,9,0,1,21.8,0,0,2025-08-10,Soleado
Estadio,Santa Lucia,Bus,2.5,Viernes,1,0,0,3.9,2800,0,2025-06-20,Lluvia
Niquia,Sabaneta,Bus,8.1,Jueves,2,0,0,14.8,2800,0,2025-10-16,Lluvia
Floresta,Sabaneta,Cable,7.5,Viernes,11,1,0,32.8,0,1,2025-03-14,Tormenta
Prado,Cisneros,Taxi,7.3,Jueves,21,0,0,35.8,9340,1,2025-03-06,Soleado
Prado,Industriales,Taxi,4.6,Viernes,9,0,0,23.2,7180,0,2025-02-21,Soleado
Suramericana,Parque Berrio,Taxi,10.8,Domingo,10,0,1,39.9,12140,0,2025-03-23,Tormenta
Parque Berrio,Industriales,Taxi,13.5,Jueves,17,1,0,93.7,17160,0,2025-01-09,Lluvia
Tricentenario,Madera,Bus,11.9,Domingo,3,0,1,16.0,2800,0,2025-11-02,Lluvia
Ayura,Hospital,Caminando,7.8,Domingo,15,0,1,23.7,0,0,2025-04-20,Soleado
Alpujarra,Prado,Bus,3.3,Martes,8,1,0,7.9,3360,0,2025-03-25,Nublado
Ayura,Santa Lucia,Bus,5.0,Miercoles,3,0,0,7.2,2800,0,2025-05-21,Tormenta
Tricentenario,Bello,Cable,5.8,Lunes,2,0,0,50.9,0,0,2025-06-02,Nublado
Caribe,Prado,Caminando,14.1,Jueves,17,1,0,63.8,0,1,2025-11-06,Soleado
Ayura,San Antonio,Caminando,6.1,Lunes,20,0,0,23.2,0,0,2025-04-07,Nublado
Industriales,Hospital,Bus,12.2,Viernes,16,0,0,24.1,2800,1,2025-02-14,Soleado
Envigado,Ayura,Taxi,8.4,Miercoles,18,1,0,79.1,12264,0,2025-09-17,Lluvia
Caribe,Itagui,Metro,5.0,Viernes,22,0,0,10.4,3200,1,2025-09-12,Lluvia
San Antonio,Universidad,Taxi,8.9,Viernes,6,1,0,68.5,12744,0,2025-04-11,Nublado
La Estrella,Niquia,Taxi,3.6,Domingo,18,1,1,16.5,7656,0,2025-01-26,Soleado
Niquia,La Estrella,Metro,4.1,Lunes,23,0,0,4.1,3200,1,2025-12-15,Nublado
Niquia,Santa Lucia,Caminando,11.7,Martes,21,0,0,34.5,0,0,2025-12-02,Soleado
Aguacatala,Acevedo,Bus,7.9,Miercoles,5,0,0,15.9,2800,0,2025-02-12,Soleado
Bello,Caribe,Taxi,7.6,Jueves,18,1,0,50.2,11496,0,2025-02-27,Lluvia
Caribe,Bello,Cable,6.0,Miercoles,18,1,0,36.2,0,1,2025-07-16,Tormenta
Aguacatala,Envigado,Caminando,6.7,Miercoles,3,0,0,27.4,0,1,2025-07-02,Soleado
Bello,Exposiciones,Taxi,7.5,Domingo,0,0,1,26.1,9500,0,2025-06-01,Nublado
Acevedo,Industriales,Bus,2.3,Lunes,15,0,0,9.3,2800,0,2025-06-23,Lluvia
Aguacatala,Parque Berrio,Bus,8.7,Lunes,15,0,0,17.8,2800,0,2025-10-27,Soleado
Floresta,Santa Lucia,Caminando,13.1,Domingo,11,1,1,70.2,0,1,2025-05-18,Soleado
Envigado,Caribe,Bus,14.6,Lunes,6,1,0,35.2,3360,1,2025-07-28,Soleado
Floresta,Universidad,Metro,3.1,Lunes,4,0,0,3.2,3200,0,2025-01-27,Tormenta
San Javier,Parque Berrio,Caminando,3.2,Lunes,21,0,0,13.8,0,0,2025-03-31,Tormenta
San Antonio,Suramericana,Taxi,12.4,Jueves,12,1,0,94.5,16104,0,2025-09-11,Soleado
Universidad,Industriales,Taxi,3.2,Sabado,11,1,1,21.3,7272,0,2025-04-26,Lluvia
Industriales,Poblado,Cable,3.3,Miercoles,23,0,0,13.8,0,1,2025-07-16,Lluvia
La Estrella,Poblado,Caminando,14.9,Martes,8,1,0,72.1,0,1,2025-01-07,Nublado
Santa Lucia,Bello,Taxi,14.6,Domingo,13,1,1,67.0,18216,0,2025-11-02,Soleado
Exposiciones,Prado,Bus,1.6,Jueves,2,0,0,3.0,2800,0,2025-09-04,Tormenta
Hospital,Madera,Metro,5.9,Viernes,1,0,0,7.2,3200,0,2025-08-08,Lluvia
Caribe,Madera,Metro,4.9,Lunes,23,0,0,8.1,3200,0,2025-11-24,Lluvia
Universidad,San Javier,Cable,12.7,Domingo,1,0,1,24.1,0,1,2025-11-09,Lluvia
Alpujarra,Envigado,Bus,4.7,Jueves,8,1,0,12.7,3360,0,2025-08-07,Tormenta
Prado,Tricentenario,Taxi,11.2,Viernes,5,0,0,68.5,12460,0,2025-05-30,Tormenta
San Antonio,Industriales,Caminando,13.4,Domingo,18,1,1,49.9,0,0,2025-05-11,Tormenta
Ayura,San Javier,Cable,4.3,Jueves,5,0,0,16.9,0,0,2025-09-04,Tormenta
Poblado,Envigado,Caminando,2.5,Miercoles,11,1,0,16.0,0,1,2025-05-14,Nublado
Suramericana,Parque Berrio,Cable,7.5,Jueves,2,0,0,22.1,0,1,2025-09-04,Soleado
Floresta,Tricentenario,Caminando,3.7,Martes,19,1,0,15.5,0,0,2025-07-08,Lluvia
Poblado,Bello,Taxi,8.9,Martes,5,0,0,41.1,10620,0,2025-04-15,Soleado
Madera,San Antonio,Taxi,9.7,Lunes,8,1,0,75.7,13512,0,2025-07-28,Lluvia
Madera,Santa Lucia,Metro,5.6,Sabado,13,1,1,7.5,3840,0,2025-04-19,Nublado
Tricentenario,Floresta,Caminando,2.0,Jueves,8,1,0,8.5,0,1,2025-10-30,Soleado
Estadio,Hospital,Cable,2.4,Miercoles,19,1,0,11.2,0,0,2025-01-15,Tormenta
Aguacatala,Cisneros,Bus,14.6,Lunes,6,1,0,43.8,3360,0,2025-09-01,Nublado
Aguacatala,Parque Berrio,Cable,1.2,Sabado,2,0,1,2.8,0,0,2025-01-25,Tormenta
Aguacatala,Parque Berrio,Metro,1.8,Miercoles,19,1,0,2.9,3840,0,2025-01-01,Tormenta
Exposiciones,Estadio,Metro,2.3,Lunes,0,0,0,2.4,3200,1,2025-10-06,Tormenta
Bello,Niquia,Cable,1.1,Sabado,0,0,1,2.2,0,0,2025-02-01,Nublado
Santa Lucia,Exposiciones,Caminando,5.5,Martes,19,1,0,81.4,0,0,2025-04-22,Soleado
Floresta,Exposiciones,Caminando,1.1,Viernes,8,1,0,5.5,0,0,2025-04-11,Tormenta
Cisneros,Madera,Metro,2.1,Miercoles,9,0,0,2.5,3200,0,2025-02-26,Nublado
Cisneros,Caribe,Caminando,6.1,Martes,23,0,0,22.0,0,1,2025-03-18,Lluvia
Ayura,San Javier,Cable,3.0,Martes,13,1,0,12.5,0,1,2025-03-04,Nublado
Cisneros,San Antonio,Taxi,5.4,Miercoles,19,1,0,33.1,9384,1,2025-06-04,Nublado
Santa Lucia,Madera,Caminando,12.7,Sabado,4,0,1,27.6,0,0,2025-12-06,Tormenta
Alpujarra,La Estrella,Taxi,3.0,Jueves,5,0,0,13.9,5900,0,2025-01-02,Nublado
Alpujarra,Caribe,Bus,9.8,Sabado,21,0,1,10.8,2800,0,2025-03-01,Nublado
Tricentenario,Niquia,Bus,10.7,Jueves,12,1,0,29.6,3360,1,2025-01-09,Soleado
Estadio,Ayura,Cable,4.9,Martes,13,1,0,25.9,0,0,2025-08-19,Tormenta
Envigado,Niquia,Cable,1.6,Jueves,19,1,0,9.7,0,0,2025-04-10,Soleado
Santa Lucia,Itagui,Cable,11.6,Sabado,12,1,1,41.4,0,1,2025-08-02,Nublado
Suramericana,Santa Lucia,Caminando,12.8,Lunes,20,0,0,46.9,0,0,2025-08-11,Lluvia
Suramericana,Santa Lucia,Cable,12.5,Martes,13,1,0,68.6,0,0,2025-03-04,Lluvia
La Estrella,Ayura,Taxi,7.5,Jueves,13,1,0,65.2,11400,0,2025-06-05,Tormenta
Acevedo,Exposiciones,Bus,8.0,Domingo,5,0,1,10.2,2800,1,2025-05-11,Tormenta
Estadio,Universidad,Bus,7.0,Domingo,14,1,1,11.8,3360,0,2025-03-30,Lluvia
Tricentenario,Ayura,Taxi,10.6,Sabado,9,0,1,36.0,11980,1,2025-11-01,Soleado
Floresta,Niquia,Bus,4.3,Miercoles,3,0,0,7.2,2800,0,2025-11-26,Lluvia
Alpujarra,Universidad,Caminando,2.9,Sabado,5,0,1,6.3,0,0,2025-10-11,Nublado
