estacion,dia_semana,hora,es_hora_pico,es_finde_semana,afluencia_1,afluencia_2,afluencia_3,afluencia_4,afluencia_promedio,capacidad_estacion,porcentaje_ocupacion,tiempo_espera_min,nivel_congestion,clima,evento_especial
Universidad,Sabado,12,1,1,1990,970,1798,1734,1623.0,5000,32.5,18.0,Bajo,Lluvia,0
Sabaneta,Viernes,4,0,0,344,543,180,530,399.2,5000,8.0,7.2,Bajo,Soleado,0
San Javier,Viernes,15,0,0,878,525,604,1210,804.2,5000,16.1,6.9,Bajo,Nublado,0
Madera,Martes,7,1,0,1534,1204,3191,2160,2022.2,5000,40.4,14.2,Bajo,Soleado,1
Universidad,Martes,14,1,0,906,3002,3608,1085,2150.2,5000,43.0,18.6,Bajo,Soleado,0
La Estrella,Jueves,17,1,0,811,3677,1653,807,1737.0,5000,34.7,12.5,Bajo,Nublado,0
San Javier,Sabado,10,0,1,869,921,872,372,758.5,5000,15.2,8.8,Bajo,Tormenta,0
Caribe,Lunes,14,1,0,1936,955,1351,1097,1334.8,5000,26.7,7.5,Bajo,Tormenta,0
Prado,Martes,8,1,0,2822,1541,1231,2520,2028.5,5000,40.6,18.6,Bajo,Tormenta,0
Parque Berrio,Sabado,16,0,1,2996,894,1882,1295,1766.8,5000,35.3,11.4,Bajo,Lluvia,0
Bello,Miercoles,17,1,0,3269,1870,2672,1668,2369.8,5000,47.4,12.9,Bajo,Tormenta,0
La Estrella,Viernes,10,0,0,1709,1751,1109,984,1388.2,5000,27.8,11.0,Bajo,Soleado,0
Tricentenario,Martes,0,0,0,193,548,170,426,334.2,5000,6.7,6.2,Bajo,Lluvia,0
Universidad,Viernes,23,0,0,538,624,357,294,453.2,5000,9.1,7.6,Bajo,Nublado,0
Hospital,Sabado,10,0,1,1439,390,1326,1002,1039.2,5000,20.8,6.6,Bajo,Nublado,0
San Javier,Viernes,20,0,0,1472,1724,1649,722,1391.8,5000,27.8,12.6,Bajo,Nublado,0
Alpujarra,Lunes,23,0,0,262,476,327,565,407.5,5000,8.2,5.1,Bajo,Nublado,0
Envigado,Viernes,13,1,0,2379,2602,1609,2598,2297.0,5000,45.9,9.1,Bajo,Tormenta,1
Madera,Sabado,2,0,1,266,261,382,358,316.8,5000,6.3,13.9,Bajo,Lluvia,0
Envigado,Lunes,10,0,0,935,1234,1604,1001,1193.5,5000,23.9,4.6,Bajo,Soleado,1
Madera,Jueves,0,0,0,464,524,574,261,455.8,5000,9.1,11.0,Bajo,Tormenta,0
Acevedo,Miercoles,7,1,0,6405,2045,5926,3180,4389.0,5000,87.8,10.5,Alto,Soleado,0
Floresta,Martes,10,0,0,1401,930,1185,1407,1230.8,5000,24.6,3.3,Bajo,Soleado,0
San Antonio,Martes,20,0,0,2913,1581,1149,1093,1684.0,5000,33.7,11.0,Bajo,Soleado,0
Estadio,Martes,7,1,0,1944,1390,1205,2507,1761.5,5000,35.2,19.0,Bajo,Tormenta,0
Universidad,Lunes,1,0,0,351,594,216,331,373.0,5000,7.5,10.9,Bajo,Lluvia,0
Universidad,Jueves,0,0,0,478,424,488,548,484.5,5000,9.7,3.6,Bajo,Lluvia,1
Cisneros,Viernes,3,0,0,197,315,313,336,290.2,5000,5.8,4.6,Bajo,Lluvia,1
Floresta,Lunes,14,1,0,2926,3341,1899,1528,2423.5,5000,48.5,17.0,Bajo,Tormenta,1
Industriales,Jueves,12,1,0,979,2514,1851,1022,1591.5,5000,31.8,15.0,Bajo,Lluvia,0
Floresta,Viernes,4,0,0,306,235,228,486,313.8,5000,6.3,10.8,Bajo,Lluvia,0
Itagui,Martes,16,0,0,1875,1208,945,627,1163.8,5000,23.3,9.2,Bajo,Nublado,0
Ayura,Domingo,3,0,1,268,227,191,328,253.5,5000,5.1,3.9,Bajo,Soleado,0
Ayura,Viernes,18,1,0,3565,1640,2831,2428,2616.0,5000,52.3,11.1,Medio,Soleado,0
Ayura,Viernes,14,1,0,2461,707,1301,2805,1818.5,5000,36.4,16.3,Bajo,Lluvia,0
Tricentenario,Miercoles,4,0,0,604,276,501,255,409.0,5000,8.2,13.8,Bajo,Tormenta,1
San Antonio,Martes,15,0,0,1360,1618,3580,2824,2345.5,5000,46.9,5.1,Bajo,Nublado,1
San Javier,Jueves,5,0,0,386,431,278,575,417.5,5000,8.3,6.2,Bajo,Tormenta,0
Acevedo,Miercoles,6,1,0,4136,2903,3730,3061,3457.5,5000,69.2,13.4,Medio,Nublado,0
Acevedo,Miercoles,10,0,0,1452,1872,2605,3253,2295.5,5000,45.9,10.3,Bajo,Tormenta,0
Poblado,Miercoles,20,0,0,3082,2527,2518,3758,2971.2,5000,59.4,13.1,Medio,Tormenta,0
Sabaneta,Lunes,21,0,0,827,1461,1584,1915,1446.8,5000,28.9,5.6,Bajo,Soleado,0
Bello,Martes,2,0,0,157,518,188,529,348.0,5000,7.0,11.0,Bajo,Tormenta,0
Envigado,Martes,8,1,0,3281,994,974,1929,1794.5,5000,35.9,13.1,Bajo,Nublado,0
Cisneros,Viernes,0,0,0,439,249,766,673,531.8,5000,10.6,7.5,Bajo,Tormenta,0
Industriales,Sabado,22,0,1,973,785,729,486,743.2,5000,14.9,6.9,Bajo,Tormenta,1
Prado,Lunes,3,0,0,590,289,258,221,339.5,5000,6.8,14.8,Bajo,Soleado,0
Universidad,Miercoles,8,1,0,3645,2438,2254,2628,2741.2,5000,54.8,20.2,Medio,Nublado,0
Cisneros,Martes,6,1,0,2365,2214,2810,1512,2225.2,5000,44.5,12.8,Bajo,Lluvia,1
Ayura,Jueves,15,0,0,1623,1022,1640,1975,1565.0,5000,31.3,11.5,Bajo,Lluvia,1
Santa Lucia,Sabado,15,0,1,369,779,1253,601,750.5,5000,15.0,13.3,Bajo,Soleado,1
Itagui,Lunes,5,0,0,613,279,585,694,542.8,5000,10.9,13.9,Bajo,Nublado,1
San Javier,Lunes,12,1,0,3420,3717,3268,1584,2997.2,5000,59.9,3.4,Medio,Nublado,1
Suramericana,Jueves,1,0,0,221,202,181,183,196.8,5000,3.9,7.8,Bajo,Tormenta,0
Acevedo,Viernes,6,1,0,3743,4114,5110,4094,4265.2,5000,85.3,15.3,Alto,Tormenta,0
Niquia,Sabado,8,1,1,4489,1160,2044,3031,2681.0,5000,53.6,10.8,Medio,Nublado,1
Industriales,Martes,12,1,0,1673,1462,2879,1490,1876.0,5000,37.5,17.1,Bajo,Soleado,0
Floresta,Sabado,21,0,1,1400,1177,1137,1150,1216.0,5000,24.3,6.7,Bajo,Soleado,0
Bello,Viernes,16,0,0,2107,829,684,817,1109.2,5000,22.2,10.8,Bajo,Soleado,0
Exposiciones,Viernes,5,0,0,512,212,397,214,333.8,5000,6.7,5.8,Bajo,Tormenta,0
Suramericana,Sabado,18,1,1,1124,815,1677,2375,1497.8,5000,30.0,17.2,Bajo,Lluvia,0
La Estrella,Domingo,5,0,1,122,213,193,104,158.0,5000,3.2,6.4,Bajo,Soleado,1
Estadio,Domingo,0,0,1,356,132,124,123,183.8,5000,3.7,11.4,Bajo,Lluvia,1
Cisneros,Martes,19,1,0,3776,2882,2952,1515,2781.2,5000,55.6,8.4,Medio,Tormenta,0
Industriales,Jueves,22,0,0,1480,905,1410,1386,1295.2,5000,25.9,10.8,Bajo,Tormenta,0
Caribe,Lunes,18,1,0,3781,3671,2518,1865,2958.8,5000,59.2,19.8,Medio,Tormenta,0
Niquia,Viernes,5,0,0,1228,568,609,847,813.0,5000,16.3,13.0,Bajo,Nublado,0
Santa Lucia,Lunes,7,1,0,2971,996,1867,2586,2105.0,5000,42.1,9.0,Bajo,Soleado,1
Envigado,Jueves,23,0,0,566,502,586,468,530.5,5000,10.6,4.7,Bajo,Nublado,0
Exposiciones,Sabado,12,1,1,1623,2448,4369,4140,3145.0,5000,62.9,18.3,Medio,Lluvia,0
Aguacatala,Domingo,22,0,1,579,796,711,401,621.8,5000,12.4,3.5,Bajo,Nublado,0
Caribe,Viernes,14,1,0,830,1124,2075,1984,1503.2,5000,30.1,10.3,Bajo,Soleado,0
Cisneros,Miercoles,11,1,0,1332,2372,2347,1700,1937.8,5000,38.8,7.9,Bajo,Tormenta,1
Niquia,Lunes,17,1,0,8723,2210,1705,2441,3769.8,5000,75.4,13.2,Medio,Tormenta,0
Acevedo,Miercoles,14,1,0,6590,4981,5289,5436,5574.0,5000,111.5,18.5,Alto,Nublado,0
Ayura,Viernes,23,0,0,458,427,288,400,393.2,5000,7.9,12.3,Bajo,Nublado,0
Ayura,Martes,14,1,0,3611,3198,1591,2087,2621.8,5000,52.4,17.5,Medio,Nublado,0
Bello,Martes,20,0,0,1521,1263,1642,768,1298.5,5000,26.0,8.8,Bajo,Tormenta,0
Sabaneta,Sabado,0,0,1,210,164,360,114,212.0,5000,4.2,8.0,Bajo,Nublado,1
San Javier,Jueves,13,1,0,2160,1073,2457,3003,2173.2,5000,43.5,13.5,Bajo,Tormenta,1
San Javier,Miercoles,7,1,0,1200,1481,975,2911,1641.8,5000,32.8,20.7,Bajo,Nublado,0
Bello,Sabado,6,1,1,842,1175,867,586,867.5,5000,17.3,7.6,Bajo,Nublado,0
Envigado,Domingo,15,0,1,495,441,743,466,536.2,5000,10.7,12.7,Bajo,Tormenta,0
Universidad,Viernes,18,1,0,919,2878,1349,2884,2007.5,5000,40.2,14.7,Bajo,Lluvia,1
Estadio,Lunes,12,1,0,725,1460,3816,1744,1936.2,5000,38.7,16.9,Bajo,Lluvia,0
Niquia,Viernes,19,1,0,6194,7245,8923,7721,7520.8,5000,150.4,22.3,Alto,Soleado,0
Madera,Sabado,19,1,1,1228,1806,1475,1496,1501.2,5000,30.0,7.4,Bajo,Lluvia,0
Hospital,Martes,9,0,0,796,1498,1781,1373,1362.0,5000,27.2,3.9,Bajo,Nublado,1
Parque Berrio,Domingo,23,0,1,660,563,185,184,398.0,5000,8.0,12.1,Bajo,Soleado,1
Cisneros,Domingo,19,1,1,1994,1510,1927,953,1596.0,5000,31.9,10.0,Bajo,Tormenta,0
Acevedo,Lunes,16,0,0,1891,1151,752,2826,1655.0,5000,33.1,12.0,Bajo,Soleado,0
Alpujarra,Lunes,11,1,0,7557,3603,3162,5598,4980.0,5000,99.6,9.6,Alto,Nublado,0
Tricentenario,Miercoles,9,0,0,1244,953,1746,1385,1332.0,5000,26.6,7.8,Bajo,Nublado,0
Bello,Sabado,17,1,1,1191,1329,625,1500,1161.2,5000,23.2,16.1,Bajo,Tormenta,0
Santa Lucia,Lunes,0,0,0,263,238,224,567,323.0,5000,6.5,5.8,Bajo,Soleado,0
Poblado,Martes,0,0,0,1188,698,355,535,694.0,5000,13.9,7.7,Bajo,Tormenta,0
Ayura,Jueves,7,1,0,2652,1436,1066,1619,1693.2,5000,33.9,10.5,Bajo,Soleado,0
Floresta,Lunes,18,1,0,1584,940,3689,2961,2293.5,5000,45.9,9.4,Bajo,Soleado,0
Prado,Miercoles,19,1,0,3676,2259,1984,3712,2907.8,5000,58.2,20.6,Medio,Soleado,0
Prado,Viernes,14,1,0,2803,2009,1222,2606,2160.0,5000,43.2,10.2,Bajo,Soleado,0
Prado,Lunes,12,1,0,1574,985,3943,2142,2161.0,5000,43.2,4.0,Bajo,Tormenta,0
Exposiciones,Domingo,1,0,1,325,566,843,756,622.5,5000,12.4,8.0,Bajo,Lluvia,1
Envigado,Miercoles,6,1,0,3372,1907,2759,1571,2402.2,5000,48.0,6.0,Bajo,Soleado,0
San Antonio,Jueves,2,0,0,340,261,1019,633,563.2,5000,11.3,13.8,Bajo,Lluvia,0
Prado,Viernes,20,0,0,632,775,1232,1518,1039.2,5000,20.8,11.9,Bajo,Nublado,0
Aguacatala,Martes,6,1,0,2165,1281,2437,1723,1901.5,5000,38.0,6.2,Bajo,Tormenta,0
Universidad,Domingo,12,1,1,1112,948,1214,1279,1138.2,5000,22.8,10.9,Bajo,Tormenta,1
Estadio,Martes,1,0,0,355,204,514,457,382.5,5000,7.6,11.1,Bajo,Nublado,0
San Antonio,Viernes,11,1,0,3006,3153,7505,4138,4450.5,5000,89.0,5.1,Alto,Soleado,1
Poblado,Viernes,22,0,0,4441,1694,4085,1334,2888.5,5000,57.8,11.9,Medio,Soleado,0
Prado,Jueves,13,1,0,3391,1836,1946,1114,2071.8,5000,41.4,10.9,Bajo,Lluvia,1
Cisneros,Viernes,12,1,0,2531,1953,2262,2060,2201.5,5000,44.0,15.4,Bajo,Tormenta,0
Aguacatala,Viernes,13,1,0,2368,2354,855,1508,1771.2,5000,35.4,21.0,Bajo,Nublado,0
Suramericana,Miercoles,3,0,0,212,531,560,573,469.0,5000,9.4,8.8,Bajo,Tormenta,0
Parque Berrio,Jueves,5,0,0,331,364,204,227,281.5,5000,5.6,10.6,Bajo,Soleado,0
Madera,Sabado,6,1,1,1147,990,439,1450,1006.5,5000,20.1,6.7,Bajo,Lluvia,1
Cisneros,Jueves,6,1,0,1756,2016,1291,1715,1694.5,5000,33.9,16.6,Bajo,Tormenta,0
Caribe,Viernes,16,0,0,2364,1162,619,2237,1595.5,5000,31.9,11.1,Bajo,Tormenta,0
Niquia,Domingo,14,1,1,2642,2514,2521,3674,2837.8,5000,56.8,17.5,Medio,Lluvia,1
San Antonio,Miercoles,15,0,0,1996,2282,1638,1134,1762.5,5000,35.2,2.5,Bajo,Lluvia,0
San Antonio,Martes,2,0,0,500,462,699,827,622.0,5000,12.4,2.9,Bajo,Tormenta,0
San Javier,Miercoles,1,0,0,324,196,289,299,277.0,5000,5.5,14.5,Bajo,Nublado,0
Acevedo,Viernes,12,1,0,3685,5175,8676,2150,4921.5,5000,98.4,12.2,Alto,Nublado,1
Industriales,Martes,8,1,0,3823,1412,3202,817,2313.5,5000,46.3,3.1,Bajo,Soleado,0
Aguacatala,Martes,3,0,0,275,465,338,626,426.0,5000,8.5,6.2,Bajo,Nublado,1
Universidad,Miercoles,17,1,0,2109,2249,1432,2048,1959.5,5000,39.2,8.0,Bajo,Soleado,1
Cisneros,Sabado,9,0,1,988,589,392,749,679.5,5000,13.6,14.1,Bajo,Lluvia,1
Prado,Viernes,10,0,0,701,476,433,2223,958.2,5000,19.2,10.8,Bajo,Soleado,0
Cisneros,Sabado,15,0,1,409,516,644,557,531.5,5000,10.6,7.9,Bajo,Nublado,0
Suramericana,Viernes,7,1,0,3836,958,1311,3067,2293.0,5000,45.9,3.9,Bajo,Soleado,0
Poblado,Miercoles,11,1,0,5080,2862,8279,3915,5034.0,5000,100.7,4.0,Alto,Lluvia,0
Itagui,Jueves,6,1,0,1714,3718,3330,1567,2582.2,5000,51.6,4.2,Medio,Tormenta,0
Santa Lucia,Martes,19,1,0,1447,1053,1051,2938,1622.2,5000,32.4,20.9,Bajo,Tormenta,0
Madera,Miercoles,19,1,0,2858,2144,2585,4197,2946.0,5000,58.9,6.0,Medio,Lluvia,0
Cisneros,Domingo,13,1,1,600,1996,1984,740,1330.0,5000,26.6,8.1,Bajo,Lluvia,1
Sabaneta,Miercoles,6,1,0,2651,3088,1319,3228,2571.5,5000,51.4,19.9,Medio,Lluvia,0
Sabaneta,Lunes,19,1,0,2364,2000,1511,3080,2238.8,5000,44.8,15.0,Bajo,Lluvia,1
Universidad,Jueves,6,1,0,2558,2534,920,680,1673.0,5000,33.5,5.5,Bajo,Soleado,0
Hospital,Miercoles,22,0,0,1440,2113,836,974,1340.8,5000,26.8,8.6,Bajo,Lluvia,0
San Javier,Jueves,14,1,0,2989,3797,3036,3612,3358.5,5000,67.2,14.0,Medio,Nublado,0
Tricentenario,Jueves,9,0,0,615,1128,1623,960,1081.5,5000,21.6,2.8,Bajo,Soleado,1
Universidad,Lunes,9,0,0,1724,686,1761,2070,1560.2,5000,31.2,9.3,Bajo,Nublado,0
Aguacatala,Sabado,11,1,1,1186,549,706,513,738.5,5000,14.8,7.2,Bajo,Soleado,0
Caribe,Sabado,22,0,1,585,570,509,860,631.0,5000,12.6,4.9,Bajo,Nublado,0
Envigado,Martes,8,1,0,2398,1423,1884,2773,2119.5,5000,42.4,17.6,Bajo,Soleado,0
Prado,Viernes,6,1,0,1164,889,1632,2331,1504.0,5000,30.1,19.8,Bajo,Tormenta,0
Estadio,Lunes,21,0,0,1648,1323,825,902,1174.5,5000,23.5,13.8,Bajo,Tormenta,0
San Antonio,Martes,8,1,0,6982,2715,5551,6681,5482.2,5000,109.6,4.7,Alto,Lluvia,1
Madera,Sabado,14,1,1,762,1332,1074,820,997.0,5000,19.9,22.3,Bajo,Tormenta,1
La Estrella,Lunes,20,0,0,630,844,772,1978,1056.0,5000,21.1,2.2,Bajo,Tormenta,0
Sabaneta,Viernes,0,0,0,599,574,407,543,530.8,5000,10.6,10.7,Bajo,Soleado,0
La Estrella,Sabado,9,0,1,592,431,833,1267,780.8,5000,15.6,2.5,Bajo,Lluvia,0
Alpujarra,Domingo,3,0,1,426,587,425,272,427.5,5000,8.6,13.4,Bajo,Soleado,0
Ayura,Viernes,19,1,0,3073,2638,2639,3465,2953.8,5000,59.1,8.2,Medio,Soleado,0
Exposiciones,Lunes,2,0,0,648,364,178,450,410.0,5000,8.2,8.0,Bajo,Tormenta,0
San Javier,Jueves,23,0,0,141,354,209,306,252.5,5000,5.1,15.0,Bajo,Nublado,1
San Antonio,Martes,13,1,0,7399,7532,4359,6109,6349.8,5000,127.0,6.7,Alto,Lluvia,0
Universidad,Domingo,5,0,1,109,223,174,138,161.0,5000,3.2,13.3,Bajo,Tormenta,0
Industriales,Jueves,20,0,0,2201,742,1637,1919,1624.8,5000,32.5,13.3,Bajo,Soleado,0
Acevedo,Miercoles,23,0,0,462,386,349,984,545.2,5000,10.9,5.5,Bajo,Lluvia,0
Sabaneta,Viernes,12,1,0,2071,1263,2132,1248,1678.5,5000,33.6,8.2,Bajo,Nublado,0
Parque Berrio,Martes,6,1,0,1144,1164,3663,2236,2051.8,5000,41.0,15.3,Bajo,Nublado,0
San Javier,Viernes,18,1,0,3104,2601,2498,1104,2326.8,5000,46.5,4.9,Bajo,Soleado,0
Tricentenario,Sabado,12,1,1,1023,1042,1249,1135,1112.2,5000,22.2,3.2,Bajo,Tormenta,0
Sabaneta,Lunes,21,0,0,1504,847,1697,490,1134.5,5000,22.7,6.4,Bajo,Nublado,0
Acevedo,Jueves,1,0,0,1357,464,1019,890,932.5,5000,18.6,6.0,Bajo,Nublado,1
Estadio,Miercoles,11,1,0,1814,1599,2125,2632,2042.5,5000,40.8,7.5,Bajo,Nublado,0
Niquia,Domingo,5,0,1,483,420,456,187,386.5,5000,7.7,13.8,Bajo,Soleado,0
Alpujarra,Domingo,19,1,1,2763,3056,3647,1612,2769.5,5000,55.4,11.4,Medio,Soleado,0
Parque Berrio,Sabado,0,0,1,450,1047,898,337,683.0,5000,13.7,12.7,Bajo,Lluvia,0
Cisneros,Martes,12,1,0,2054,2101,2862,1385,2100.5,5000,42.0,8.9,Bajo,Nublado,0
Ayura,Lunes,4,0,0,289,474,342,394,374.8,5000,7.5,12.7,Bajo,Tormenta,0
Santa Lucia,Domingo,19,1,1,1702,1377,1390,934,1350.8,5000,27.0,5.3,Bajo,Tormenta,0
San Javier,Viernes,9,0,0,1211,649,2429,1351,1410.0,5000,28.2,5.7,Bajo,Nublado,0
Prado,Domingo,16,0,1,382,1056,243,425,526.5,5000,10.5,10.2,Bajo,Nublado,0
Itagui,Viernes,8,1,0,1061,1263,3372,1956,1913.0,5000,38.3,11.1,Bajo,Lluvia,0
Poblado,Jueves,23,0,0,661,1013,690,534,724.5,5000,14.5,8.3,Bajo,Tormenta,1
Aguacatala,Jueves,9,0,0,1596,820,1467,631,1128.5,5000,22.6,12.2,Bajo,Nublado,0
Hospital,Domingo,15,0,1,498,242,893,691,581.0,5000,11.6,9.4,Bajo,Soleado,0
Sabaneta,Domingo,19,1,1,1580,1394,1262,1043,1319.8,5000,26.4,17.4,Bajo,Nublado,0
Itagui,Martes,22,0,0,944,1370,1055,1489,1214.5,5000,24.3,6.1,Bajo,Tormenta,0
Parque Berrio,Jueves,0,0,0,286,402,653,281,405.5,5000,8.1,14.4,Bajo,Tormenta,0
Envigado,Martes,10,0,0,1423,653,2381,832,1322.2,5000,26.4,11.7,Bajo,Tormenta,0
Madera,Sabado,1,0,1,217,258,216,381,268.0,5000,5.4,6.7,Bajo,Lluvia,0
Santa Lucia,Jueves,4,0,0,168,197,233,387,246.2,5000,4.9,4.9,Bajo,Lluvia,0
Acevedo,Miercoles,3,0,0,1240,1114,1097,614,1016.2,5000,20.3,10.6,Bajo,Nublado,1
Envigado,Jueves,12,1,0,3419,1688,3340,1603,2512.5,5000,50.2,14.6,Medio,Tormenta,1
San Antonio,Domingo,9,0,1,1957,1714,1491,815,1494.2,5000,29.9,4.0,Bajo,Soleado,1
Ayura,Lunes,9,0,0,1773,792,1868,485,1229.5,5000,24.6,9.7,Bajo,Soleado,0
Universidad,Lunes,0,0,0,371,299,406,568,411.0,5000,8.2,3.5,Bajo,Soleado,1
Itagui,Miercoles,7,1,0,1051,1174,2012,1574,1452.8,5000,29.1,8.5,Bajo,Nublado,0
Poblado,Miercoles,18,1,0,6215,8430,3196,4976,5704.2,5000,114.1,15.7,Alto,Soleado,1
Madera,Viernes,12,1,0,4367,1346,1127,3293,2533.2,5000,50.7,22.1,Medio,Soleado,1
Hospital,Domingo,7,1,1,967,1235,1762,527,1122.8,5000,22.5,11.0,Bajo,Nublado,0
Industriales,Sabado,19,1,1,916,755,1421,985,1019.2,5000,20.4,11.4,Bajo,Lluvia,1
Ayura,Viernes,3,0,0,380,362,480,377,399.8,5000,8.0,3.4,Bajo,Nublado,0
San Javier,Viernes,1,0,0,229,567,362,687,461.2,5000,9.2,10.9,Bajo,Soleado,0
Ayura,Martes,3,0,0,181,139,321,386,256.8,5000,5.1,9.7,Bajo,Tormenta,0
Ayura,Viernes,0,0,0,404,369,263,341,344.2,5000,6.9,12.6,Bajo,Tormenta,1
Cisneros,Martes,12,1,0,1385,2450,1528,3339,2175.5,5000,43.5,8.4,Bajo,Tormenta,1
Madera,Martes,2,0,0,399,503,485,467,463.5,5000,9.3,2.2,Bajo,Lluvia,1
Hospital,Miercoles,20,0,0,1140,1059,723,739,915.2,5000,18.3,12.9,Bajo,Nublado,0
La Estrella,Lunes,23,0,0,209,294,488,563,388.5,5000,7.8,3.9,Bajo,Lluvia,1
Hospital,Martes,18,1,0,1229,2987,3213,2628,2514.2,5000,50.3,8.4,Medio,Soleado,0
Prado,Domingo,19,1,1,810,1053,726,1701,1072.5,5000,21.4,4.4,Bajo,Soleado,1
Santa Lucia,Lunes,12,1,0,3364,2149,3523,1647,2670.8,5000,53.4,22.0,Medio,Tormenta,0
Ayura,Domingo,16,0,1,709,813,817,550,722.2,5000,14.4,5.3,Bajo,Lluvia,0
Poblado,Viernes,9,0,0,2318,2231,3246,4684,3119.8,5000,62.4,4.0,Medio,Soleado,1
Niquia,Viernes,8,1,0,2571,5535,2390,4590,3771.5,5000,75.4,11.6,Medio,Tormenta,1
Cisneros,Sabado,12,1,1,1177,2139,1573,1504,1598.2,5000,32.0,9.7,Bajo,Lluvia,0
Suramericana,Viernes,15,0,0,1394,813,989,1073,1067.2,5000,21.3,6.5,Bajo,Lluvia,0
San Javier,Viernes,10,0,0,1235,625,935,583,844.5,5000,16.9,14.2,Bajo,Soleado,0
Ayura,Viernes,21,0,0,1731,1832,1034,1589,1546.5,5000,30.9,10.2,Bajo,Nublado,1
Caribe,Sabado,23,0,1,128,183,113,144,142.0,5000,2.8,13.3,Bajo,Lluvia,0
Cisneros,Lunes,13,1,0,2644,3752,3207,1846,2862.2,5000,57.2,19.0,Medio,Nublado,0
Tricentenario,Lunes,18,1,0,2672,1651,1511,673,1626.8,5000,32.5,7.7,Bajo,Nublado,0
Itagui,Miercoles,8,1,0,912,2220,2448,3453,2258.2,5000,45.2,19.2,Bajo,Soleado,0
Bello,Lunes,13,1,0,710,2130,1950,2259,1762.2,5000,35.2,9.3,Bajo,Soleado,0
San Javier,Lunes,23,0,0,296,417,224,627,391.0,5000,7.8,8.7,Bajo,Nublado,1
Prado,Lunes,17,1,0,1795,3814,1816,2842,2566.8,5000,51.3,21.6,Medio,Tormenta,0
Poblado,Martes,14,1,0,3350,8874,6749,7931,6726.0,5000,134.5,16.4,Alto,Soleado,0
Prado,Lunes,17,1,0,2966,1350,1421,1205,1735.5,5000,34.7,19.2,Bajo,Tormenta,1
Bello,Sabado,1,0,1,270,94,129,215,177.0,5000,3.5,11.7,Bajo,Tormenta,1
Ayura,Jueves,22,0,0,419,1286,1379,1065,1037.2,5000,20.7,14.0,Bajo,Soleado,0
Caribe,Domingo,3,0,1,231,390,169,159,237.2,5000,4.7,11.9,Bajo,Soleado,0
Niquia,Viernes,12,1,0,4035,5586,3819,6336,4944.0,5000,98.9,6.6,Alto,Tormenta,0
Aguacatala,Domingo,7,1,1,1808,477,1451,1149,1221.2,5000,24.4,12.8,Bajo,Nublado,0
Cisneros,Domingo,23,0,1,276,290,186,307,264.8,5000,5.3,10.6,Bajo,Soleado,1
Itagui,Jueves,18,1,0,4231,3204,3528,3314,3569.2,5000,71.4,19.1,Medio,Lluvia,1
Poblado,Domingo,2,0,1,513,876,434,1034,714.2,5000,14.3,14.6,Bajo,Lluvia,1
Santa Lucia,Miercoles,4,0,0,238,641,134,150,290.8,5000,5.8,11.9,Bajo,Lluvia,0
Niquia,Lunes,1,0,0,575,691,852,444,640.5,5000,12.8,6.9,Bajo,Tormenta,0
Aguacatala,Jueves,13,1,0,1133,1279,3011,2455,1969.5,5000,39.4,16.7,Bajo,Lluvia,0
Poblado,Miercoles,3,0,0,1074,877,429,1088,867.0,5000,17.3,2.1,Bajo,Nublado,0
Floresta,Viernes,16,0,0,659,1794,1857,1354,1416.0,5000,28.3,9.9,Bajo,Lluvia,1
Exposiciones,Martes,10,0,0,763,1105,779,1753,1100.0,5000,22.0,14.6,Bajo,Soleado,1
Poblado,Jueves,15,0,0,3281,2862,2881,3118,3035.5,5000,60.7,6.8,Medio,Nublado,0
Tricentenario,Lunes,18,1,0,1749,2649,3537,3765,2925.0,5000,58.5,4.8,Medio,Lluvia,0
Caribe,Lunes,16,0,0,829,698,1511,849,971.8,5000,19.4,10.2,Bajo,Lluvia,0
Envigado,Martes,21,0,0,1235,1556,1641,1475,1476.8,5000,29.5,14.6,Bajo,Soleado,0
Madera,Viernes,17,1,0,1556,3802,1349,3438,2536.2,5000,50.7,18.5,Medio,Tormenta,1
San Javier,Domingo,23,0,1,84,251,206,188,182.2,5000,3.6,3.9,Bajo,Soleado,1
Universidad,Jueves,13,1,0,1263,2903,1196,947,1577.2,5000,31.5,8.7,Bajo,Soleado,0
Santa Lucia,Miercoles,4,0,0,388,574,442,271,418.8,5000,8.4,5.3,Bajo,Tormenta,0
Suramericana,Sabado,15,0,1,759,1000,264,1031,763.5,5000,15.3,11.0,Bajo,Nublado,0
Exposiciones,Sabado,2,0,1,606,513,941,714,693.5,5000,13.9,8.3,Bajo,Tormenta,0
San Antonio,Viernes,12,1,0,1988,2486,5890,1996,3090.0,5000,61.8,4.6,Medio,Soleado,0
Tricentenario,Miercoles,23,0,0,525,192,407,508,408.0,5000,8.2,13.1,Bajo,Lluvia,1
San Javier,Sabado,7,1,1,2238,902,1286,561,1246.8,5000,24.9,22.4,Bajo,Soleado,0
Industriales,Sabado,18,1,1,1939,1402,1382,1065,1447.0,5000,28.9,13.1,Bajo,Tormenta,0
Tricentenario,Jueves,14,1,0,2402,2040,2023,2675,2285.0,5000,45.7,4.0,Bajo,Nublado,0
Parque Berrio,Domingo,19,1,1,3398,5391,3445,4473,4176.8,5000,83.5,3.5,Alto,Lluvia,1
Ayura,Sabado,1,0,1,181,216,459,340,299.0,5000,6.0,14.0,Bajo,Tormenta,0
Prado,Domingo,9,0,1,448,1215,758,1439,965.0,5000,19.3,9.5,Bajo,Nublado,1
Parque Berrio,Lunes,7,1,0,3100,2562,1019,1060,1935.2,5000,38.7,4.9,Bajo,Nublado,0
Madera,Viernes,12,1,0,910,1465,3027,1734,1784.0,5000,35.7,3.0,Bajo,Tormenta,1
Aguacatala,Jueves,2,0,0,147,316,297,260,255.0,5000,5.1,13.3,Bajo,Lluvia,0
Caribe,Jueves,14,1,0,2533,2469,1274,1341,1904.2,5000,38.1,22.3,Bajo,Nublado,0
Hospital,Lunes,21,0,0,868,1887,1250,1263,1317.0,5000,26.3,9.0,Bajo,Soleado,1
Floresta,Viernes,10,0,0,1276,869,862,523,882.5,5000,17.6,14.4,Bajo,Lluvia,0
Floresta,Miercoles,5,0,0,160,192,286,346,246.0,5000,4.9,10.6,Bajo,Tormenta,0
Poblado,Sabado,19,1,1,5126,12598,6874,7060,7914.5,5000,158.3,14.7,Alto,Tormenta,0
Acevedo,Martes,3,0,0,1494,1136,430,273,833.2,5000,16.7,4.0,Bajo,Lluvia,0
Sabaneta,Viernes,7,1,0,2517,2286,2668,1115,2146.5,5000,42.9,3.3,Bajo,Lluvia,0
Ayura,Miercoles,15,0,0,1037,986,1337,878,1059.5,5000,21.2,2.9,Bajo,Nublado,1
Parque Berrio,Sabado,3,0,1,323,748,892,524,621.8,5000,12.4,5.2,Bajo,Tormenta,0
Itagui,Miercoles,1,0,0,590,358,373,614,483.8,5000,9.7,9.3,Bajo,Tormenta,0
Hospital,Viernes,22,0,0,1145,929,445,801,830.0,5000,16.6,13.5,Bajo,Tormenta,0
San Javier,Jueves,0,0,0,587,202,168,265,305.5,5000,6.1,2.6,Bajo,Nublado,0
Exposiciones,Domingo,16,0,1,1570,1170,1330,971,1260.2,5000,25.2,5.7,Bajo,Nublado,0
Suramericana,Miercoles,11,1,0,1675,1671,2231,1272,1712.2,5000,34.2,13.0,Bajo,Lluvia,1
Santa Lucia,Viernes,1,0,0,553,209,137,266,291.2,5000,5.8,11.0,Bajo,Lluvia,0
Exposiciones,Domingo,4,0,1,354,955,443,597,587.2,5000,11.7,10.6,Bajo,Tormenta,0
Estadio,Sabado,23,0,1,308,236,225,408,294.2,5000,5.9,11.5,Bajo,Lluvia,1
Sabaneta,Lunes,8,1,0,3542,661,1140,1078,1605.2,5000,32.1,21.3,Bajo,Tormenta,0
Universidad,Lunes,16,0,0,1710,618,997,704,1007.2,5000,20.1,4.3,Bajo,Lluvia,0
Hospital,Jueves,13,1,0,3718,1892,1697,1199,2126.5,5000,42.5,5.3,Bajo,Tormenta,1
Alpujarra,Lunes,17,1,0,3752,7580,1467,4648,4361.8,5000,87.2,19.6,Alto,Soleado,1
Caribe,Miercoles,23,0,0,487,318,680,337,455.5,5000,9.1,9.5,Bajo,Lluvia,0
Tricentenario,Martes,18,1,0,1300,2665,2354,3443,2440.5,5000,48.8,15.6,Bajo,Tormenta,0
Aguacatala,Lunes,14,1,0,1600,1287,1966,2291,1786.0,5000,35.7,6.8,Bajo,Soleado,0
Prado,Lunes,12,1,0,732,1757,1035,2542,1516.5,5000,30.3,20.7,Bajo,Lluvia,0
Envigado,Domingo,5,0,1,190,250,187,320,236.8,5000,4.7,14.5,Bajo,Tormenta,0
Hospital,Domingo,21,0,1,278,607,321,1423,657.2,5000,13.1,8.3,Bajo,Nublado,1
Itagui,Miercoles,2,0,0,379,310,542,326,389.2,5000,7.8,12.1,Bajo,Soleado,1
Santa Lucia,Domingo,9,0,1,884,549,690,318,610.2,5000,12.2,11.6,Bajo,Nublado,0
Madera,Domingo,0,0,1,206,168,352,103,207.2,5000,4.1,6.2,Bajo,Nublado,1
Universidad,Jueves,8,1,0,2962,3107,1259,1844,2293.0,5000,45.9,12.3,Bajo,Tormenta,1
Universidad,Viernes,10,0,0,2183,1180,681,1603,1411.8,5000,28.2,12.0,Bajo,Nublado,0
Estadio,Miercoles,16,0,0,432,1241,2085,1901,1414.8,5000,28.3,6.8,Bajo,Nublado,0
Floresta,Jueves,19,1,0,4309,1048,2630,2538,2631.2,5000,52.6,20.8,Medio,Nublado,0
Sabaneta,Domingo,14,1,1,1861,1524,876,1720,1495.2,5000,29.9,16.4,Bajo,Nublado,0
Ayura,Lunes,17,1,0,2548,1508,2631,961,1912.0,5000,38.2,7.4,Bajo,Soleado,0
Bello,Martes,7,1,0,1142,2021,1422,3428,2003.2,5000,40.1,12.8,Bajo,Soleado,0
Suramericana,Sabado,0,0,1,103,134,372,274,220.8,5000,4.4,12.7,Bajo,Soleado,0
Niquia,Lunes,2,0,0,1135,396,1120,1464,1028.8,5000,20.6,9.5,Bajo,Tormenta,1
Tricentenario,Sabado,9,0,1,1059,1037,645,1066,951.8,5000,19.0,11.6,Bajo,Lluvia,1
Envigado,Martes,3,0,0,619,223,499,614,488.8,5000,9.8,6.0,Bajo,Soleado,0
Parque Berrio,Domingo,14,1,1,3799,5402,1745,2159,3276.2,5000,65.5,13.2,Medio,Nublado,1
Alpujarra,Martes,3,0,0,1035,940,302,753,757.5,5000,15.2,10.0,Bajo,Soleado,1
Floresta,Martes,18,1,0,4053,3160,2423,3265,3225.2,5000,64.5,11.3,Medio,Tormenta,0
Poblado,Domingo,17,1,1,8192,7408,6607,7785,7498.0,5000,150.0,12.4,Alto,Soleado,0
Poblado,Jueves,1,0,0,737,1258,743,598,834.0,5000,16.7,5.6,Bajo,Lluvia,0
San Javier,Lunes,13,1,0,2972,2078,2157,3613,2705.0,5000,54.1,10.2,Medio,Tormenta,0
Floresta,Viernes,4,0,0,561,218,251,488,379.5,5000,7.6,12.4,Bajo,Nublado,0
Caribe,Sabado,5,0,1,248,257,125,289,229.8,5000,4.6,8.5,Bajo,Soleado,1
Sabaneta,Domingo,23,0,1,382,253,111,364,277.5,5000,5.5,6.5,Bajo,Lluvia,0
Estadio,Viernes,9,0,0,1976,1403,1004,2076,1614.8,5000,32.3,5.7,Bajo,Tormenta,1
Acevedo,Jueves,22,0,0,1443,3413,3147,1682,2421.2,5000,48.4,6.9,Bajo,Soleado,0
Acevedo,Sabado,4,0,1,416,189,367,667,409.8,5000,8.2,3.1,Bajo,Nublado,0
Acevedo,Jueves,12,1,0,3766,8280,2377,2618,4260.2,5000,85.2,3.1,Alto,Lluvia,0
Santa Lucia,Viernes,15,0,0,1898,2050,431,559,1234.5,5000,24.7,14.9,Bajo,Tormenta,0
San Antonio,Sabado,6,1,1,2129,2928,1870,3984,2727.8,5000,54.6,8.0,Medio,Soleado,0
Industriales,Jueves,11,1,0,1584,2008,2091,1977,1915.0,5000,38.3,4.5,Bajo,Lluvia,0
Alpujarra,Martes,13,1,0,2303,3017,3540,6255,3778.8,5000,75.6,10.8,Medio,Soleado,0
Poblado,Sabado,8,1,1,5085,7497,2002,6746,5332.5,5000,106.7,10.1,Alto,Tormenta,0
Poblado,Sabado,12,1,1,9067,11225,7933,7300,8881.2,5000,177.6,19.5,Alto,Lluvia,0
Parque Berrio,Miercoles,4,0,0,328,360,376,285,337.2,5000,6.7,13.9,Bajo,Soleado,0
Universidad,Domingo,23,0,1,244,290,246,301,270.2,5000,5.4,11.5,Bajo,Lluvia,0
Estadio,Martes,4,0,0,148,357,387,245,284.2,5000,5.7,14.4,Bajo,Lluvia,0
Ayura,Viernes,15,0,0,2132,732,897,906,1166.8,5000,23.3,9.9,Bajo,Tormenta,0
Hospital,Sabado,21,0,1,939,605,1319,568,857.8,5000,17.2,7.6,Bajo,Tormenta,0
Acevedo,Lunes,19,1,0,6148,6910,2848,2356,4565.5,5000,91.3,3.5,Alto,Nublado,0
Estadio,Martes,3,0,0,593,289,403,204,372.2,5000,7.4,7.2,Bajo,Tormenta,0
Aguacatala,Viernes,2,0,0,345,203,521,191,315.0,5000,6.3,4.7,Bajo,Nublado,0
Alpujarra,Miercoles,11,1,0,3421,7051,5557,5276,5326.2,5000,106.5,16.6,Alto,Soleado,0
Santa Lucia,Domingo,0,0,1,110,280,142,256,197.0,5000,3.9,8.9,Bajo,Nublado,0
Envigado,Domingo,4,0,1,182,177,118,178,163.8,5000,3.3,8.3,Bajo,Nublado,1
La Estrella,Lunes,20,0,0,763,1569,999,808,1034.8,5000,20.7,7.6,Bajo,Tormenta,0
Exposiciones,Sabado,23,0,1,335,281,442,850,477.0,5000,9.5,9.0,Bajo,Tormenta,0
Sabaneta,Sabado,8,1,1,1365,713,1020,847,986.2,5000,19.7,9.7,Bajo,Lluvia,0
Exposiciones,Sabado,10,0,1,1514,2143,984,1729,1592.5,5000,31.9,11.8,Bajo,Lluvia,0
Acevedo,Jueves,18,1,0,5194,6388,6060,5193,5708.8,5000,114.2,8.1,Alto,Nublado,0
Floresta,Sabado,21,0,1,416,662,824,1117,754.8,5000,15.1,4.3,Bajo,Soleado,0
Universidad,Jueves,14,1,0,1163,2007,2120,2387,1919.2,5000,38.4,21.8,Bajo,Tormenta,0
Alpujarra,Domingo,16,0,1,548,1693,1746,2396,1595.8,5000,31.9,8.6,Bajo,Soleado,1
La Estrella,Lunes,0,0,0,331,606,297,155,347.2,5000,6.9,11.1,Bajo,Lluvia,0
Universidad,Sabado,11,1,1,1689,735,881,1420,1181.2,5000,23.6,19.5,Bajo,Soleado,0
San Antonio,Viernes,0,0,0,1406,501,1241,563,927.8,5000,18.6,12.9,Bajo,Nublado,0
Suramericana,Lunes,22,0,0,748,478,747,1144,779.2,5000,15.6,10.4,Bajo,Tormenta,0
Niquia,Miercoles,15,0,0,2297,1765,2619,1407,2022.0,5000,40.4,2.2,Bajo,Lluvia,0
San Javier,Domingo,17,1,1,1012,848,924,1584,1092.0,5000,21.8,10.5,Bajo,Soleado,0
Itagui,Domingo,19,1,1,1804,1451,895,723,1218.2,5000,24.4,14.4,Bajo,Soleado,0
Exposiciones,Domingo,16,0,1,1486,2620,3327,939,2093.0,5000,41.9,3.9,Bajo,Tormenta,0
Ayura,Sabado,6,1,1,1171,2250,1988,1912,1830.2,5000,36.6,12.6,Bajo,Lluvia,0
San Javier,Sabado,23,0,1,363,357,247,141,277.0,5000,5.5,5.9,Bajo,Tormenta,0
Bello,Jueves,2,0,0,613,150,221,356,335.0,5000,6.7,10.1,Bajo,Soleado,1
Caribe,Lunes,8,1,0,2474,1126,3658,3155,2603.2,5000,52.1,11.5,Medio,Nublado,0
San Javier,Sabado,8,1,1,1703,1049,1145,611,1127.0,5000,22.5,20.5,Bajo,Lluvia,0
Sabaneta,Martes,3,0,0,671,386,274,232,390.8,5000,7.8,10.5,Bajo,Tormenta,0
Envigado,Lunes,8,1,0,1017,3176,1275,1010,1619.5,5000,32.4,14.1,Bajo,Soleado,0
Cisneros,Martes,0,0,0,312,226,266,351,288.8,5000,5.8,5.5,Bajo,Lluvia,0
San Javier,Domingo,19,1,1,2052,1799,1543,885,1569.8,5000,31.4,14.7,Bajo,Lluvia,0
Hospital,Viernes,18,1,0,4043,1743,3014,2543,2835.8,5000,56.7,22.0,Medio,Lluvia,0
Bello,Viernes,1,0,0,217,427,423,220,321.8,5000,6.4,11.1,Bajo,Nublado,0
Madera,Miercoles,15,0,0,1530,774,1629,579,1128.0,5000,22.6,2.0,Bajo,Soleado,1
Prado,Sabado,16,0,1,346,319,413,702,445.0,5000,8.9,2.2,Bajo,Lluvia,0
Cisneros,Martes,17,1,0,1749,2392,1734,2499,2093.5,5000,41.9,6.8,Bajo,Nublado,0
Ayura,Domingo,23,0,1,264,181,381,230,264.0,5000,5.3,14.4,Bajo,Soleado,0
Estadio,Miercoles,16,0,0,504,2049,1645,2091,1572.2,5000,31.4,5.1,Bajo,Soleado,0
Sabaneta,Martes,1,0,0,163,365,319,475,330.5,5000,6.6,6.4,Bajo,Soleado,0
La Estrella,Sabado,20,0,1,575,826,902,696,749.8,5000,15.0,15.0,Bajo,Lluvia,0
Tricentenario,Jueves,12,1,0,2927,715,4210,2312,2541.0,5000,50.8,20.2,Medio,Lluvia,1
Madera,Sabado,10,0,1,816,854,876,552,774.5,5000,15.5,7.1,Bajo,Lluvia,0
Madera,Jueves,22,0,0,621,2170,1045,1602,1359.5,5000,27.2,13.1,Bajo,Tormenta,0
La Estrella,Viernes,4,0,0,372,607,514,333,456.5,5000,9.1,14.7,Bajo,Soleado,1
Exposiciones,Sabado,23,0,1,615,440,719,304,519.5,5000,10.4,5.1,Bajo,Lluvia,1
Itagui,Viernes,15,0,0,1664,1416,483,665,1057.0,5000,21.1,11.8,Bajo,Tormenta,1
Envigado,Miercoles,13,1,0,1528,3048,2031,1331,1984.5,5000,39.7,22.3,Bajo,Tormenta,0
Estadio,Domingo,13,1,1,1209,2047,1076,1028,1340.0,5000,26.8,12.0,Bajo,Tormenta,0
Industriales,Miercoles,10,0,0,712,1055,1298,1303,1092.0,5000,21.8,12.7,Bajo,Soleado,0
San Javier,Viernes,4,0,0,298,251,135,425,277.2,5000,5.5,10.9,Bajo,Soleado,0
Cisneros,Jueves,15,0,0,624,710,2321,797,1113.0,5000,22.3,11.9,Bajo,Lluvia,1
Parque Berrio,Martes,16,0,0,1407,1096,2012,975,1372.5,5000,27.5,3.4,Bajo,Lluvia,0
Hospital,Domingo,9,0,1,395,1423,969,949,934.0,5000,18.7,8.1,Bajo,Soleado,1
Exposiciones,Jueves,20,0,0,1435,614,1603,1838,1372.5,5000,27.5,8.7,Bajo,Tormenta,0
Acevedo,Sabado,4,0,1,832,384,479,509,551.0,5000,11.0,3.7,Bajo,Lluvia,0
Caribe,Domingo,17,1,1,1692,696,699,1574,1165.2,5000,23.3,20.6,Bajo,Lluvia,0
La Estrella,Lunes,15,0,0,1628,1811,988,1709,1534.0,5000,30.7,3.3,Bajo,Soleado,0
Bello,Domingo,9,0,1,1473,990,1386,765,1153.5,5000,23.1,6.5,Bajo,Nublado,0
Niquia,Sabado,4,0,1,509,231,386,411,384.2,5000,7.7,14.8,Bajo,Nublado,0
Madera,Lunes,19,1,0,3679,844,1612,2519,2163.5,5000,43.3,17.7,Bajo,Soleado,0
Floresta,Miercoles,13,1,0,2675,993,3952,1510,2282.5,5000,45.6,4.8,Bajo,Nublado,0
Bello,Domingo,1,0,1,129,175,128,172,151.0,5000,3.0,2.6,Bajo,Lluvia,1
Industriales,Miercoles,12,1,0,875,3518,1834,3700,2481.8,5000,49.6,5.6,Bajo,Nublado,0
Floresta,Martes,0,0,0,421,231,487,163,325.5,5000,6.5,15.0,Bajo,Tormenta,0
Poblado,Domingo,12,1,1,5088,8423,4661,3246,5354.5,5000,107.1,7.6,Alto,Soleado,0
La Estrella,Domingo,10,0,1,601,1138,483,575,699.2,5000,14.0,8.6,Bajo,Tormenta,0
Envigado,Sabado,4,0,1,183,208,338,171,225.0,5000,4.5,12.3,Bajo,Lluvia,0
Ayura,Martes,21,0,0,2077,1000,877,836,1197.5,5000,23.9,10.2,Bajo,Tormenta,0
Sabaneta,Martes,2,0,0,215,182,234,380,252.8,5000,5.1,5.0,Bajo,Nublado,1
Exposiciones,Domingo,21,0,1,1397,955,2365,1435,1538.0,5000,30.8,14.0,Bajo,Nublado,0
Floresta,Lunes,3,0,0,339,187,422,465,353.2,5000,7.1,14.3,Bajo,Tormenta,0
Hospital,Lunes,19,1,0,1730,1877,3489,1745,2210.2,5000,44.2,18.9,Bajo,Soleado,0
Envigado,Sabado,16,0,1,1116,687,1061,710,893.5,5000,17.9,8.5,Bajo,Lluvia,0
Niquia,Sabado,1,0,1,428,277,356,666,431.8,5000,8.6,6.3,Bajo,Tormenta,0
Madera,Viernes,22,0,0,918,1584,1156,959,1154.2,5000,23.1,6.0,Bajo,Lluvia,1
Cisneros,Domingo,2,0,1,327,178,76,173,188.5,5000,3.8,4.8,Bajo,Lluvia,0
San Antonio,Lunes,10,0,0,1057,1240,4529,3411,2559.2,5000,51.2,8.5,Medio,Soleado,0
Madera,Viernes,1,0,0,443,512,597,213,441.2,5000,8.8,11.1,Bajo,Nublado,0
Santa Lucia,Martes,5,0,0,228,389,495,535,411.8,5000,8.2,8.9,Bajo,Nublado,0
Exposiciones,Lunes,13,1,0,1447,1063,3934,3306,2437.5,5000,48.8,7.3,Bajo,Lluvia,1
Caribe,Lunes,21,0,0,1216,578,868,648,827.5,5000,16.6,4.1,Bajo,Nublado,0
San Javier,Sabado,13,1,1,1341,1010,1460,1581,1348.0,5000,27.0,8.8,Bajo,Soleado,0
La Estrella,Viernes,8,1,0,1215,3616,2691,3459,2745.2,5000,54.9,3.4,Medio,Lluvia,0
San Antonio,Domingo,5,0,1,560,819,706,391,619.0,5000,12.4,4.0,Bajo,Lluvia,0
Niquia,Lunes,16,0,0,3720,2302,3300,3523,3211.2,5000,64.2,14.5,Medio,Nublado,1
Exposiciones,Martes,18,1,0,906,3577,2883,1889,2313.8,5000,46.3,9.1,Bajo,Nublado,0
San Antonio,Lunes,21,0,0,2088,2493,1333,2135,2012.2,5000,40.2,2.2,Bajo,Nublado,1
Prado,Domingo,4,0,1,131,410,394,89,256.0,5000,5.1,10.1,Bajo,Soleado,1
Itagui,Martes,7,1,0,3018,3365,1350,2555,2572.0,5000,51.4,5.0,Medio,Lluvia,0
Floresta,Jueves,8,1,0,2058,2582,2348,1492,2120.0,5000,42.4,12.7,Bajo,Soleado,0
Niquia,Lunes,16,0,0,3564,2936,1176,2814,2622.5,5000,52.4,12.8,Medio,Nublado,0
La Estrella,Domingo,14,1,1,1424,1791,1438,2058,1677.8,5000,33.6,10.9,Bajo,Nublado,0
Niquia,Domingo,22,0,1,2046,1570,1057,2863,1884.0,5000,37.7,9.5,Bajo,Lluvia,0
Poblado,Lunes,15,0,0,1628,2008,2448,3046,2282.5,5000,45.6,11.9,Bajo,Tormenta,0
Cisneros,Domingo,6,1,1,708,997,2559,598,1215.5,5000,24.3,10.9,Bajo,Lluvia,0
Tricentenario,Lunes,2,0,0,213,399,388,433,358.2,5000,7.2,5.5,Bajo,Nublado,0
San Antonio,Viernes,0,0,0,287,1390,998,887,890.5,5000,17.8,5.5,Bajo,Soleado,0
Madera,Martes,2,0,0,167,218,331,601,329.2,5000,6.6,14.9,Bajo,Tormenta,1
Acevedo,Miercoles,8,1,0,3723,1797,1846,4933,3074.8,5000,61.5,13.5,Medio,Lluvia,1
Floresta,Domingo,16,0,1,662,509,1278,733,795.5,5000,15.9,4.5,Bajo,Lluvia,0
San Antonio,Miercoles,5,0,0,1108,476,466,974,756.0,5000,15.1,7.3,Bajo,Nublado,0
Aguacatala,Miercoles,5,0,0,188,330,746,528,448.0,5000,9.0,2.3,Bajo,Tormenta,0
Universidad,Miercoles,23,0,0,306,532,184,618,410.0,5000,8.2,2.3,Bajo,Nublado,0
Exposiciones,Jueves,19,1,0,1458,1350,1422,1558,1447.0,5000,28.9,5.6,Bajo,Tormenta,0
Sabaneta,Domingo,3,0,1,274,163,158,218,203.2,5000,4.1,10.2,Bajo,Nublado,1
La Estrella,Viernes,13,1,0,3357,1168,2211,2425,2290.2,5000,45.8,16.3,Bajo,Nublado,1
Envigado,Domingo,13,1,1,2534,911,1309,1013,1441.8,5000,28.8,14.9,Bajo,Nublado,0
Caribe,Lunes,4,0,0,424,324,413,330,372.8,5000,7.5,13.8,Bajo,Nublado,0
Caribe,Jueves,4,0,0,288,234,473,387,345.5,5000,6.9,8.8,Bajo,Soleado,0
Estadio,Lunes,18,1,0,3657,1960,1247,1246,2027.5,5000,40.6,12.8,Bajo,Lluvia,1
Estadio,Martes,3,0,0,145,442,435,303,331.2,5000,6.6,13.8,Bajo,Nublado,0
Poblado,Domingo,10,0,1,2329,3970,2866,1826,2747.8,5000,55.0,2.4,Medio,Soleado,0
Ayura,Domingo,21,0,1,725,626,1003,1385,934.8,5000,18.7,4.6,Bajo,Nublado,1
Prado,Domingo,11,1,1,1406,1815,812,750,1195.8,5000,23.9,20.3,Bajo,Soleado,1
San Javier,Viernes,20,0,0,546,1420,1596,1268,1207.5,5000,24.1,6.7,Bajo,Lluvia,1
Aguacatala,Lunes,23,0,0,527,243,287,529,396.5,5000,7.9,9.7,Bajo,Soleado,0
Hospital,Miercoles,23,0,0,414,442,363,401,405.0,5000,8.1,3.4,Bajo,Nublado,1
Floresta,Viernes,3,0,0,702,461,314,348,456.2,5000,9.1,9.5,Bajo,Lluvia,0
Caribe,Jueves,21,0,0,1282,901,1667,1118,1242.0,5000,24.8,3.0,Bajo,Soleado,0
Acevedo,Domingo,10,0,1,1582,1676,1306,1154,1429.5,5000,28.6,13.6,Bajo,Tormenta,0
Parque Berrio,Miercoles,22,0,0,1941,845,1614,1935,1583.8,5000,31.7,11.6,Bajo,Soleado,0
Niquia,Miercoles,9,0,0,2095,2798,1075,1691,1914.8,5000,38.3,13.7,Bajo,Tormenta,0
Estadio,Viernes,22,0,0,1352,964,657,976,987.2,5000,19.7,13.1,Bajo,Soleado,0
Estadio,Miercoles,8,1,0,1539,1754,1309,3671,2068.2,5000,41.4,18.5,Bajo,Soleado,0
Envigado,Domingo,20,0,1,1083,1068,973,524,912.0,5000,18.2,10.3,Bajo,Nublado,1
Ayura,Lunes,19,1,0,2374,3821,2707,2292,2798.5,5000,56.0,3.8,Medio,Nublado,0
Prado,Viernes,14,1,0,2021,1763,2437,3465,2421.5,5000,48.4,13.6,Bajo,Tormenta,0
Poblado,Sabado,12,1,1,4780,6027,4133,2613,4388.2,5000,87.8,9.7,Alto,Nublado,1
Estadio,Lunes,10,0,0,1205,918,604,701,857.0,5000,17.1,5.9,Bajo,Nublado,0
Tricentenario,Lunes,20,0,0,860,1003,1728,837,1107.0,5000,22.1,14.5,Bajo,Nublado,0
Madera,Lunes,22,0,0,831,1855,1003,1324,1253.2,5000,25.1,11.8,Bajo,Tormenta,0
Poblado,Jueves,14,1,0,6902,6023,1818,8755,5874.5,5000,117.5,21.6,Alto,Lluvia,1
Parque Berrio,Sabado,19,1,1,3631,5623,4399,4652,4576.2,5000,91.5,4.8,Alto,Lluvia,1
Suramericana,Domingo,19,1,1,1352,1620,903,521,1099.0,5000,22.0,17.7,Bajo,Soleado,0
Madera,Martes,0,0,0,540,450,287,562,459.8,5000,9.2,4.0,Bajo,Tormenta,0
Aguacatala,Lunes,8,1,0,3135,3902,2076,1411,2631.0,5000,52.6,17.3,Medio,Soleado,0
Hospital,Domingo,21,0,1,490,672,647,1048,714.2,5000,14.3,14.6,Bajo,Lluvia,1
Caribe,Sabado,16,0,1,1241,449,997,1329,1004.0,5000,20.1,14.0,Bajo,Soleado,1
Parque Berrio,Lunes,13,1,0,2756,3482,1443,1020,2175.2,5000,43.5,10.3,Bajo,Nublado,1
Industriales,Sabado,17,1,1,935,869,738,2267,1202.2,5000,24.0,20.5,Bajo,Nublado,0
Envigado,Miercoles,16,0,0,1187,518,529,845,769.8,5000,15.4,13.7,Bajo,Nublado,0
Suramericana,Domingo,3,0,1,247,82,187,314,207.5,5000,4.2,12.9,Bajo,Soleado,0
Universidad,Jueves,13,1,0,3377,1651,2737,2345,2527.5,5000,50.5,20.8,Medio,Lluvia,0
Floresta,Jueves,5,0,0,451,152,192,197,248.0,5000,5.0,8.5,Bajo,Soleado,0
Parque Berrio,Jueves,19,1,0,3165,3268,1188,1251,2218.0,5000,44.4,14.6,Bajo,Lluvia,0
Sabaneta,Domingo,6,1,1,983,1535,2092,1131,1435.2,5000,28.7,8.9,Bajo,Soleado,1
Aguacatala,Jueves,19,1,0,2579,1558,1028,4588,2438.2,5000,48.8,22.3,Bajo,Tormenta,0
Hospital,Sabado,10,0,1,858,957,842,1035,923.0,5000,18.5,12.5,Bajo,Nublado,0
Bello,Jueves,1,0,0,455,473,560,197,421.2,5000,8.4,14.6,Bajo,Lluvia,1
Suramericana,Jueves,22,0,0,463,773,1247,812,823.8,5000,16.5,13.5,Bajo,Nublado,1
Caribe,Jueves,8,1,0,3965,2827,2266,2414,2868.0,5000,57.4,14.2,Medio,Nublado,0
Prado,Viernes,15,0,0,677,1224,1511,1169,1145.2,5000,22.9,7.8,Bajo,Soleado,1
Universidad,Lunes,0,0,0,333,479,236,604,413.0,5000,8.3,13.1,Bajo,Soleado,1
Universidad,Miercoles,23,0,0,272,456,337,132,299.2,5000,6.0,2.9,Bajo,Lluvia,0
Prado,Lunes,21,0,0,1285,1607,840,1338,1267.5,5000,25.4,5.7,Bajo,Lluvia,0
La Estrella,Lunes,18,1,0,1397,2377,1153,1680,1651.8,5000,33.0,7.6,Bajo,Lluvia,0
Madera,Sabado,15,0,1,1003,505,750,324,645.5,5000,12.9,5.3,Bajo,Soleado,1
Niquia,Viernes,8,1,0,4722,2550,5107,4002,4095.2,5000,81.9,21.1,Alto,Soleado,0
Envigado,Jueves,8,1,0,1939,2443,1765,3955,2525.5,5000,50.5,5.0,Medio,Nublado,1
San Antonio,Domingo,16,0,1,1927,2189,1328,2175,1904.8,5000,38.1,8.2,Bajo,Soleado,1
Santa Lucia,Domingo,16,0,1,1005,302,1242,953,875.5,5000,17.5,5.7,Bajo,Lluvia,1
Universidad,Jueves,2,0,0,528,536,294,402,440.0,5000,8.8,14.0,Bajo,Tormenta,0
Exposiciones,Martes,16,0,0,1231,1696,1167,1538,1408.0,5000,28.2,5.7,Bajo,Nublado,0
Poblado,Domingo,11,1,1,4633,3955,5975,4287,4712.5,5000,94.2,4.0,Alto,Soleado,0
Cisneros,Miercoles,5,0,0,488,554,205,291,384.5,5000,7.7,14.8,Bajo,Nublado,0
Bello,Lunes,10,0,0,1108,675,1345,967,1023.8,5000,20.5,14.7,Bajo,Tormenta,0
Itagui,Domingo,5,0,1,242,412,169,186,252.2,5000,5.0,4.9,Bajo,Soleado,0
Itagui,Jueves,20,0,0,1491,1383,1871,1803,1637.0,5000,32.7,14.5,Bajo,Nublado,0
Suramericana,Lunes,13,1,0,1720,2923,4032,1069,2436.0,5000,48.7,3.4,Bajo,Soleado,0
Bello,Sabado,6,1,1,1376,724,571,1997,1167.0,5000,23.3,18.5,Bajo,Lluvia,0
Exposiciones,Sabado,15,0,1,1833,1465,3034,1138,1867.5,5000,37.4,11.9,Bajo,Nublado,0
Cisneros,Martes,3,0,0,252,386,657,316,402.8,5000,8.1,2.9,Bajo,Tormenta,1
Floresta,Lunes,3,0,0,221,601,220,126,292.0,5000,5.8,10.7,Bajo,Tormenta,0
Acevedo,Miercoles,14,1,0,3818,4808,7379,3923,4982.0,5000,99.6,12.5,Alto,Lluvia,0
Poblado,Miercoles,6,1,0,3538,2644,5032,2994,3552.0,5000,71.0,12.7,Medio,Nublado,0
Cisneros,Lunes,9,0,0,1297,1503,925,666,1097.8,5000,22.0,9.3,Bajo,Tormenta,1
Ayura,Miercoles,18,1,0,1703,2841,2047,1335,1981.5,5000,39.6,10.7,Bajo,Nublado,0
Santa Lucia,Domingo,13,1,1,1228,1450,427,751,964.0,5000,19.3,16.1,Bajo,Soleado,0
San Javier,Viernes,22,0,0,682,1244,1246,781,988.2,5000,19.8,7.0,Bajo,Lluvia,1
Bello,Domingo,19,1,1,1014,2110,652,1007,1195.8,5000,23.9,4.4,Bajo,Nublado,0
La Estrella,Martes,16,0,0,543,550,1724,1378,1048.8,5000,21.0,2.9,Bajo,Soleado,0
Bello,Martes,13,1,0,3089,1071,1139,2810,2027.2,5000,40.5,8.8,Bajo,Lluvia,0
Santa Lucia,Domingo,22,0,1,384,776,974,545,669.8,5000,13.4,3.2,Bajo,Soleado,0
Alpujarra,Martes,15,0,0,3940,2936,3447,4022,3586.2,5000,71.7,8.1,Medio,Soleado,1
Prado,Domingo,16,0,1,535,821,971,1069,849.0,5000,17.0,9.5,Bajo,Lluvia,0
Poblado,Domingo,20,0,1,1618,3189,3424,4074,3076.2,5000,61.5,14.3,Medio,Tormenta,0
Poblado,Jueves,5,0,0,597,481,1058,829,741.2,5000,14.8,11.1,Bajo,Tormenta,0
Tricentenario,Domingo,1,0,1,147,163,390,213,228.2,5000,4.6,2.9,Bajo,Tormenta,0
Industriales,Viernes,11,1,0,1849,4014,2463,1243,2392.2,5000,47.8,16.6,Bajo,Soleado,0
Itagui,Jueves,3,0,0,250,140,262,158,202.5,5000,4.0,2.6,Bajo,Soleado,0
Cisneros,Domingo,1,0,1,247,365,328,239,294.8,5000,5.9,10.7,Bajo,Tormenta,0
San Antonio,Miercoles,21,0,0,1305,2127,2615,2393,2110.0,5000,42.2,6.8,Bajo,Tormenta,0
Parque Berrio,Viernes,18,1,0,2711,740,1319,1732,1625.5,5000,32.5,11.0,Bajo,Tormenta,0
Sabaneta,Sabado,4,0,1,116,170,178,326,197.5,5000,4.0,14.7,Bajo,Tormenta,0
Santa Lucia,Miercoles,5,0,0,748,315,529,457,512.2,5000,10.2,3.6,Bajo,Lluvia,0
Parque Berrio,Miercoles,7,1,0,4504,1798,2262,2444,2752.0,5000,55.0,9.8,Medio,Nublado,1
Universidad,Jueves,9,0,0,1589,697,2504,1485,1568.8,5000,31.4,6.6,Bajo,Nublado,1
Suramericana,Sabado,11,1,1,2274,2015,625,2393,1826.8,5000,36.5,14.1,Bajo,Nublado,0
La Estrella,Martes,22,0,0,1939,1989,1156,2104,1797.0,5000,35.9,10.4,Bajo,Nublado,0
Industriales,Martes,14,1,0,1420,2305,1937,1592,1813.5,5000,36.3,9.8,Bajo,Lluvia,0
Suramericana,Miercoles,1,0,0,395,549,502,639,521.2,5000,10.4,13.5,Bajo,Soleado,0
Envigado,Domingo,19,1,1,677,1590,864,665,949.0,5000,19.0,17.2,Bajo,Tormenta,0
La Estrella,Sabado,11,1,1,994,906,1023,2394,1329.2,5000,26.6,4.3,Bajo,Soleado,1
Sabaneta,Jueves,13,1,0,1861,2466,2935,1552,2203.5,5000,44.1,18.1,Bajo,Lluvia,1
Madera,Sabado,23,0,1,269,146,267,341,255.8,5000,5.1,5.2,Bajo,Lluvia,1
Alpujarra,Domingo,4,0,1,264,244,401,592,375.2,5000,7.5,11.9,Bajo,Soleado,0
Industriales,Miercoles,8,1,0,1159,1359,3585,1946,2012.2,5000,40.2,18.9,Bajo,Soleado,1
Estadio,Jueves,0,0,0,509,604,253,507,468.2,5000,9.4,14.0,Bajo,Lluvia,0
Acevedo,Miercoles,3,0,0,329,818,388,1058,648.2,5000,13.0,4.5,Bajo,Soleado,0
Alpujarra,Domingo,0,0,1,429,633,412,410,471.0,5000,9.4,9.2,Bajo,Tormenta,0
La Estrella,Martes,8,1,0,2476,1063,2440,2030,2002.2,5000,40.0,8.5,Bajo,Soleado,1
Cisneros,Lunes,0,0,0,577,736,724,287,581.0,5000,11.6,5.9,Bajo,Nublado,0
Caribe,Sabado,23,0,1,255,104,105,306,192.5,5000,3.9,3.6,Bajo,Nublado,1
Itagui,Miercoles,23,0,0,380,451,254,370,363.8,5000,7.3,7.7,Bajo,Lluvia,0
Madera,Sabado,17,1,1,544,1854,1179,1236,1203.2,5000,24.1,16.3,Bajo,Lluvia,0
San Antonio,Sabado,23,0,1,307,341,321,587,389.0,5000,7.8,13.1,Bajo,Nublado,0
Ayura,Domingo,16,0,1,401,856,515,671,610.8,5000,12.2,4.4,Bajo,Tormenta,0
La Estrella,Martes,20,0,0,749,1016,604,1819,1047.0,5000,20.9,6.4,Bajo,Tormenta,1
Floresta,Sabado,4,0,1,184,421,268,444,329.2,5000,6.6,2.4,Bajo,Lluvia,0
La Estrella,Martes,6,1,0,1778,872,4066,2889,2401.2,5000,48.0,13.8,Bajo,Lluvia,0
Alpujarra,Viernes,1,0,0,372,1131,792,725,755.0,5000,15.1,5.6,Bajo,Nublado,1
San Antonio,Miercoles,12,1,0,4710,5978,8476,5312,6119.0,5000,122.4,7.3,Alto,Lluvia,0
Suramericana,Miercoles,23,0,0,338,482,371,360,387.8,5000,7.8,13.3,Bajo,Nublado,0
Madera,Lunes,20,0,0,678,1276,1187,1032,1043.2,5000,20.9,12.5,Bajo,Soleado,0
San Antonio,Martes,23,0,0,770,704,848,816,784.5,5000,15.7,5.4,Bajo,Soleado,0
San Javier,Viernes,8,1,0,2287,2450,2154,1971,2215.5,5000,44.3,11.3,Bajo,Lluvia,0
Poblado,Miercoles,7,1,0,2088,3108,4259,4949,3601.0,5000,72.0,8.9,Medio,Lluvia,1
San Antonio,Martes,10,0,0,1835,2263,4096,2209,2600.8,5000,52.0,2.5,Medio,Tormenta,1
Industriales,Domingo,21,0,1,322,1241,947,570,770.0,5000,15.4,6.1,Bajo,Tormenta,1
Itagui,Martes,16,0,0,1391,1338,1179,1203,1277.8,5000,25.6,14.4,Bajo,Lluvia,0
Sabaneta,Sabado,16,0,1,466,447,1255,792,740.0,5000,14.8,5.4,Bajo,Lluvia,1
Ayura,Martes,16,0,0,707,1060,870,1420,1014.2,5000,20.3,5.3,Bajo,Soleado,0
Exposiciones,Miercoles,15,0,0,1730,1619,1507,1095,1487.8,5000,29.8,9.2,Bajo,Tormenta,0
Cisneros,Sabado,11,1,1,744,2164,1926,2622,1864.0,5000,37.3,14.7,Bajo,Lluvia,0
Acevedo,Jueves,9,0,0,1943,1206,2497,2025,1917.8,5000,38.4,14.8,Bajo,Nublado,0
Cisneros,Domingo,18,1,1,1929,1367,963,1775,1508.5,5000,30.2,20.7,Bajo,Soleado,0
Niquia,Lunes,20,0,0,1924,1840,1657,2112,1883.2,5000,37.7,10.5,Bajo,Tormenta,0
Exposiciones,Domingo,3,0,1,275,240,606,236,339.2,5000,6.8,10.8,Bajo,Nublado,0
Cisneros,Jueves,14,1,0,1505,2453,2007,3363,2332.0,5000,46.6,7.3,Bajo,Lluvia,0
Suramericana,Martes,16,0,0,1668,1388,2325,1379,1690.0,5000,33.8,14.4,Bajo,Lluvia,0
Caribe,Martes,4,0,0,336,156,448,331,317.8,5000,6.4,7.1,Bajo,Tormenta,0
Hospital,Sabado,4,0,1,214,155,111,331,202.8,5000,4.1,8.9,Bajo,Soleado,0
Aguacatala,Sabado,13,1,1,1920,1868,1211,730,1432.2,5000,28.6,4.0,Bajo,Tormenta,0
Industriales,Domingo,8,1,1,1927,1420,2044,1762,1788.2,5000,35.8,17.1,Bajo,Soleado,1
Suramericana,Martes,16,0,0,2044,1310,1422,990,1441.5,5000,28.8,3.8,Bajo,Tormenta,0
Suramericana,Lunes,19,1,0,879,2947,3289,1294,2102.2,5000,42.0,17.3,Bajo,Nublado,1
Acevedo,Jueves,11,1,0,7686,5036,3893,4707,5330.5,5000,106.6,17.4,Alto,Soleado,0
Poblado,Lunes,14,1,0,5619,7083,1903,5580,5046.2,5000,100.9,16.5,Alto,Soleado,0
Cisneros,Jueves,10,0,0,1082,1297,1782,868,1257.2,5000,25.1,14.7,Bajo,Soleado,0
Sabaneta,Sabado,21,0,1,426,462,398,580,466.5,5000,9.3,11.7,Bajo,Nublado,0
Parque Berrio,Miercoles,17,1,0,3755,1690,1336,998,1944.8,5000,38.9,6.9,Bajo,Tormenta,0
Floresta,Jueves,20,0,0,2227,1212,918,2048,1601.2,5000,32.0,10.1,Bajo,Nublado,0
Madera,Miercoles,6,1,0,1092,2562,2126,3444,2306.0,5000,46.1,9.3,Bajo,Tormenta,0
Sabaneta,Domingo,2,0,1,184,225,253,220,220.5,5000,4.4,9.1,Bajo,Nublado,1
Envigado,Viernes,2,0,0,345,182,359,405,322.8,5000,6.5,5.1,Bajo,Tormenta,1
Floresta,Sabado,22,0,1,339,327,1069,912,661.8,5000,13.2,6.7,Bajo,Tormenta,0
San Javier,Viernes,17,1,0,2117,831,4428,2723,2524.8,5000,50.5,20.5,Medio,Nublado,0
Hospital,Domingo,23,0,1,289,244,366,182,270.2,5000,5.4,3.9,Bajo,Soleado,0
San Javier,Martes,19,1,0,915,1377,1553,4223,2017.0,5000,40.3,12.7,Bajo,Tormenta,0
Suramericana,Sabado,2,0,1,146,352,146,161,201.2,5000,4.0,6.4,Bajo,Tormenta,0
Tricentenario,Sabado,19,1,1,880,1482,1105,1193,1165.0,5000,23.3,7.2,Bajo,Nublado,0
Madera,Miercoles,19,1,0,2196,1219,879,2754,1762.0,5000,35.2,14.6,Bajo,Nublado,0
Parque Berrio,Domingo,0,0,1,395,239,801,237,418.0,5000,8.4,6.9,Bajo,Nublado,1
Cisneros,Martes,9,0,0,805,1716,1710,2352,1645.8,5000,32.9,9.9,Bajo,Soleado,1
Industriales,Viernes,17,1,0,2832,1889,856,3048,2156.2,5000,43.1,18.5,Bajo,Soleado,0
Madera,Viernes,9,0,0,676,1795,732,1852,1263.8,5000,25.3,4.8,Bajo,Tormenta,0
Acevedo,Sabado,15,0,1,1569,1730,1708,1856,1715.8,5000,34.3,14.8,Bajo,Lluvia,1
Niquia,Domingo,8,1,1,2552,1275,4263,2800,2722.5,5000,54.4,4.7,Medio,Soleado,0
Tricentenario,Domingo,9,0,1,672,1129,1012,757,892.5,5000,17.8,3.6,Bajo,Nublado,0
Caribe,Jueves,8,1,0,1113,2773,3202,1714,2200.5,5000,44.0,4.4,Bajo,Nublado,1
Floresta,Martes,0,0,0,200,251,193,158,200.5,5000,4.0,8.1,Bajo,Soleado,0
Aguacatala,Martes,16,0,0,846,1581,788,624,959.8,5000,19.2,6.4,Bajo,Lluvia,0
Suramericana,Jueves,18,1,0,4071,3505,1754,2389,2929.8,5000,58.6,11.8,Medio,Lluvia,1
La Estrella,Domingo,23,0,1,210,96,79,117,125.5,5000,2.5,13.0,Bajo,Lluvia,0
Ayura,Domingo,11,1,1,962,1155,803,1893,1203.2,5000,24.1,17.3,Bajo,Lluvia,0
Itagui,Martes,8,1,0,3193,1471,1840,3872,2594.0,5000,51.9,16.6,Medio,Tormenta,0
San Antonio,Sabado,17,1,1,2933,2187,1214,1070,1851.0,5000,37.0,13.6,Bajo,Lluvia,1
Cisneros,Viernes,21,0,0,1501,524,1117,1006,1037.0,5000,20.7,3.0,Bajo,Nublado,0
Sabaneta,Jueves,8,1,0,1420,818,1360,2709,1576.8,5000,31.5,12.9,Bajo,Nublado,0
Niquia,Viernes,14,1,0,2780,6294,1702,2102,3219.5,5000,64.4,18.7,Medio,Nublado,0
Poblado,Domingo,9,0,1,2210,3442,6357,6194,4550.8,5000,91.0,13.2,Alto,Lluvia,0
Acevedo,Jueves,10,0,0,2995,2215,1406,1355,1992.8,5000,39.9,10.3,Bajo,Soleado,0
Tricentenario,Martes,18,1,0,3273,2587,1232,1566,2164.5,5000,43.3,3.9,Bajo,Nublado,1
Floresta,Sabado,0,0,1,292,348,318,175,283.2,5000,5.7,6.5,Bajo,Soleado,0
Suramericana,Lunes,9,0,0,785,1331,1789,824,1182.2,5000,23.6,11.4,Bajo,Lluvia,0
Aguacatala,Jueves,20,0,0,1621,1443,971,568,1150.8,5000,23.0,6.8,Bajo,Soleado,0
Floresta,Sabado,14,1,1,1301,1727,743,870,1160.2,5000,23.2,8.3,Bajo,Soleado,0
Itagui,Miercoles,16,0,0,1787,1281,802,1876,1436.5,5000,28.7,4.7,Bajo,Lluvia,0
Tricentenario,Sabado,0,0,1,71,152,77,92,98.0,5000,2.0,10.4,Bajo,Soleado,1
Alpujarra,Viernes,18,1,0,6771,2258,6054,3671,4688.5,5000,93.8,17.4,Alto,Lluvia,0
Bello,Viernes,6,1,0,2343,4020,2644,1149,2539.0,5000,50.8,5.9,Medio,Nublado,0
Ayura,Sabado,17,1,1,1056,1693,2246,2072,1766.8,5000,35.3,19.7,Bajo,Soleado,1
Hospital,Sabado,15,0,1,629,660,484,991,691.0,5000,13.8,12.6,Bajo,Nublado,1
Caribe,Lunes,6,1,0,1659,1693,1970,2696,2004.5,5000,40.1,20.1,Bajo,Nublado,1
Santa Lucia,Viernes,0,0,0,349,436,224,620,407.2,5000,8.1,4.2,Bajo,Nublado,0
Niquia,Miercoles,3,0,0,951,1091,804,353,799.8,5000,16.0,10.6,Bajo,Nublado,1
Hospital,Domingo,20,0,1,735,859,643,420,664.2,5000,13.3,14.3,Bajo,Soleado,0
Cisneros,Sabado,9,0,1,631,439,607,515,548.0,5000,11.0,7.7,Bajo,Nublado,1
Bello,Viernes,10,0,0,1395,1787,1181,924,1321.8,5000,26.4,3.5,Bajo,Lluvia,1
Poblado,Domingo,3,0,1,1598,1164,1815,854,1357.8,5000,27.2,7.6,Bajo,Lluvia,0
Envigado,Viernes,11,1,0,2784,2161,1815,2211,2242.8,5000,44.9,15.8,Bajo,Lluvia,0
Industriales,Sabado,18,1,1,967,1821,1026,2434,1562.0,5000,31.2,11.1,Bajo,Nublado,0
Estadio,Martes,15,0,0,660,1106,1120,658,886.0,5000,17.7,6.3,Bajo,Nublado,0
Prado,Sabado,17,1,1,805,501,1311,1577,1048.5,5000,21.0,12.7,Bajo,Tormenta,0
San Javier,Viernes,19,1,0,2207,1557,1086,969,1454.8,5000,29.1,8.8,Bajo,Nublado,1
Suramericana,Sabado,0,0,1,360,234,352,321,316.8,5000,6.3,8.2,Bajo,Nublado,0
Hospital,Viernes,22,0,0,1035,819,866,1056,944.0,5000,18.9,7.4,Bajo,Soleado,0
Industriales,Martes,1,0,0,267,384,374,311,334.0,5000,6.7,3.6,Bajo,Tormenta,1
Alpujarra,Miercoles,8,1,0,3436,6090,2294,3606,3856.5,5000,77.1,7.4,Medio,Tormenta,1
Itagui,Viernes,19,1,0,3330,2438,1614,2637,2504.8,5000,50.1,4.0,Medio,Tormenta,0
Bello,Lunes,14,1,0,1873,3786,3700,1162,2630.2,5000,52.6,12.6,Medio,Nublado,0
Industriales,Jueves,19,1,0,898,2656,1465,1322,1585.2,5000,31.7,21.9,Bajo,Tormenta,1
Hospital,Miercoles,23,0,0,164,673,582,246,416.2,5000,8.3,12.2,Bajo,Tormenta,0
Suramericana,Jueves,1,0,0,455,302,647,410,453.5,5000,9.1,5.0,Bajo,Tormenta,0
Exposiciones,Miercoles,4,0,0,468,241,623,323,413.8,5000,8.3,12.5,Bajo,Tormenta,1
Poblado,Jueves,7,1,0,3889,3529,3350,2270,3259.5,5000,65.2,11.8,Medio,Lluvia,0
Prado,Domingo,20,0,1,495,778,955,311,634.8,5000,12.7,6.1,Bajo,Nublado,0
Niquia,Martes,15,0,0,3006,4540,3694,4060,3825.0,5000,76.5,7.2,Medio,Nublado,0
Industriales,Domingo,2,0,1,212,158,71,212,163.2,5000,3.3,4.2,Bajo,Nublado,0
Parque Berrio,Viernes,13,1,0,3286,1220,2307,2238,2262.8,5000,45.3,6.6,Bajo,Tormenta,0
Aguacatala,Lunes,9,0,0,1918,745,1344,2138,1536.2,5000,30.7,5.4,Bajo,Soleado,0
Estadio,Martes,19,1,0,2431,1922,2176,1595,2031.0,5000,40.6,7.1,Bajo,Lluvia,0
Bello,Domingo,21,0,1,375,612,357,828,543.0,5000,10.9,5.5,Bajo,Tormenta,0
Suramericana,Viernes,18,1,0,2929,2266,1308,1330,1958.2,5000,39.2,11.0,Bajo,Soleado,1
Hospital,Viernes,23,0,0,210,443,413,408,368.5,5000,7.4,4.3,Bajo,Soleado,0
La Estrella,Jueves,22,0,0,1315,951,661,933,965.0,5000,19.3,2.4,Bajo,Lluvia,0
Caribe,Miercoles,10,0,0,950,569,438,1336,823.2,5000,16.5,10.4,Bajo,Soleado,0
Acevedo,Lunes,6,1,0,3645,2669,3116,4164,3398.5,5000,68.0,17.0,Medio,Nublado,1
Parque Berrio,Miercoles,10,0,0,1887,813,1944,1372,1504.0,5000,30.1,14.6,Bajo,Nublado,0
Floresta,Sabado,23,0,1,437,218,88,169,228.0,5000,4.6,4.3,Bajo,Lluvia,0
Poblado,Martes,19,1,0,5137,8216,2717,2290,4590.0,5000,91.8,19.4,Alto,Soleado,0
Prado,Jueves,18,1,0,2064,1072,2093,3682,2227.8,5000,44.6,4.1,Bajo,Tormenta,1
Ayura,Martes,17,1,0,1691,1547,3059,2874,2292.8,5000,45.9,3.7,Bajo,Nublado,1
San Antonio,Sabado,23,0,1,383,466,588,184,405.2,5000,8.1,11.7,Bajo,Tormenta,1
Universidad,Martes,16,0,0,479,585,716,1825,901.2,5000,18.0,10.9,Bajo,Lluvia,0
Acevedo,Domingo,8,1,1,2362,821,5086,4529,3199.5,5000,64.0,10.1,Medio,Tormenta,0
Santa Lucia,Lunes,6,1,0,1925,2094,1533,1877,1857.2,5000,37.1,4.2,Bajo,Lluvia,1
La Estrella,Domingo,12,1,1,1501,1344,1862,2268,1743.8,5000,34.9,5.1,Bajo,Tormenta,0
Poblado,Martes,2,0,0,538,503,900,416,589.2,5000,11.8,8.2,Bajo,Tormenta,0
Poblado,Miercoles,1,0,0,760,619,404,781,641.0,5000,12.8,5.5,Bajo,Tormenta,0
Aguacatala,Viernes,8,1,0,2431,3211,1439,1460,2135.2,5000,42.7,17.0,Bajo,Soleado,0
Suramericana,Viernes,1,0,0,246,199,191,237,218.2,5000,4.4,8.0,Bajo,Lluvia,0
Suramericana,Jueves,1,0,0,712,515,363,272,465.5,5000,9.3,7.3,Bajo,Tormenta,0
Estadio,Miercoles,10,0,0,818,790,2088,816,1128.0,5000,22.6,6.4,Bajo,Tormenta,1
Sabaneta,Domingo,3,0,1,114,144,202,406,216.5,5000,4.3,9.0,Bajo,Tormenta,1
Estadio,Sabado,23,0,1,98,143,256,275,193.0,5000,3.9,12.2,Bajo,Nublado,0
Acevedo,Domingo,22,0,1,838,783,1534,2177,1333.0,5000,26.7,10.0,Bajo,Soleado,0
Prado,Viernes,3,0,0,413,533,347,253,386.5,5000,7.7,4.8,Bajo,Lluvia,0
Prado,Martes,19,1,0,2313,1938,1603,2456,2077.5,5000,41.5,8.1,Bajo,Lluvia,0
Exposiciones,Martes,1,0,0,312,480,486,547,456.2,5000,9.1,5.8,Bajo,Lluvia,0
Niquia,Martes,1,0,0,814,357,793,326,572.5,5000,11.5,10.4,Bajo,Soleado,0
Caribe,Miercoles,15,0,0,1242,2026,1878,985,1532.8,5000,30.7,4.1,Bajo,Nublado,0
Universidad,Viernes,14,1,0,1019,2967,1279,2559,1956.0,5000,39.1,16.8,Bajo,Nublado,1
Itagui,Jueves,3,0,0,220,237,374,497,332.0,5000,6.6,5.4,Bajo,Soleado,0
Estadio,Lunes,13,1,0,2328,1065,4037,1403,2208.2,5000,44.2,17.9,Bajo,Lluvia,0
La Estrella,Martes,9,0,0,418,1282,1435,2106,1310.2,5000,26.2,7.1,Bajo,Soleado,0
Aguacatala,Sabado,7,1,1,1784,1361,2064,1618,1706.8,5000,34.1,16.8,Bajo,Tormenta,0
Poblado,Martes,15,0,0,1090,2157,4416,902,2141.2,5000,42.8,14.0,Bajo,Soleado,0
Madera,Sabado,17,1,1,1889,2406,1232,1005,1633.0,5000,32.7,4.4,Bajo,Lluvia,0
Cisneros,Viernes,2,0,0,368,222,252,426,317.0,5000,6.3,7.5,Bajo,Tormenta,1
Alpujarra,Miercoles,9,0,0,4478,3552,1696,2136,2965.5,5000,59.3,4.0,Medio,Lluvia,0
Industriales,Miercoles,11,1,0,1493,3324,1007,3346,2292.5,5000,45.9,18.9,Bajo,Soleado,0
Exposiciones,Jueves,16,0,0,721,1552,2300,1378,1487.8,5000,29.8,12.4,Bajo,Tormenta,0
Madera,Viernes,22,0,0,853,562,1778,774,991.8,5000,19.8,5.4,Bajo,Nublado,1
Cisneros,Lunes,13,1,0,3913,4054,2139,1809,2978.8,5000,59.6,8.0,Medio,Nublado,0
La Estrella,Viernes,7,1,0,1245,1153,1176,3660,1808.5,5000,36.2,8.6,Bajo,Soleado,0
Exposiciones,Miercoles,4,0,0,382,209,665,484,435.0,5000,8.7,8.8,Bajo,Tormenta,0
Industriales,Domingo,3,0,1,246,372,390,171,294.8,5000,5.9,9.3,Bajo,Soleado,0
San Antonio,Domingo,5,0,1,600,510,457,196,440.8,5000,8.8,5.5,Bajo,Lluvia,0
Santa Lucia,Sabado,13,1,1,1086,850,564,1014,878.5,5000,17.6,20.1,Bajo,Soleado,1
Caribe,Viernes,14,1,0,2984,1195,2582,1265,2006.5,5000,40.1,7.2,Bajo,Tormenta,0
Poblado,Lunes,15,0,0,3003,4057,2968,3705,3433.2,5000,68.7,4.4,Medio,Nublado,0
Caribe,Viernes,16,0,0,1424,1764,1716,559,1365.8,5000,27.3,11.6,Bajo,Nublado,1
Acevedo,Domingo,8,1,1,3264,4505,5170,2465,3851.0,5000,77.0,9.1,Medio,Soleado,1
Santa Lucia,Viernes,3,0,0,392,233,413,471,377.2,5000,7.5,12.8,Bajo,Nublado,0
San Antonio,Miercoles,12,1,0,4189,5556,3742,4225,4428.0,5000,88.6,10.6,Alto,Nublado,1
San Antonio,Miercoles,5,0,0,611,864,656,895,756.5,5000,15.1,13.4,Bajo,Lluvia,1
Estadio,Viernes,0,0,0,517,494,197,266,368.5,5000,7.4,4.5,Bajo,Nublado,1
Niquia,Jueves,11,1,0,7007,3958,6104,5180,5562.2,5000,111.2,21.3,Alto,Lluvia,0
Hospital,Lunes,20,0,0,877,478,1907,1123,1096.2,5000,21.9,9.2,Bajo,Lluvia,0
Parque Berrio,Sabado,10,0,1,802,2019,930,2530,1570.2,5000,31.4,7.3,Bajo,Lluvia,0
Itagui,Miercoles,18,1,0,2795,3289,3314,2775,3043.2,5000,60.9,15.2,Medio,Nublado,0
Tricentenario,Viernes,15,0,0,648,1378,1223,2215,1366.0,5000,27.3,4.1,Bajo,Nublado,0
Prado,Martes,16,0,0,1500,1944,829,1533,1451.5,5000,29.0,14.4,Bajo,Lluvia,0
San Javier,Viernes,22,0,0,1520,570,1367,1188,1161.2,5000,23.2,10.3,Bajo,Lluvia,0
Itagui,Viernes,9,0,0,1682,510,1426,1494,1278.0,5000,25.6,12.1,Bajo,Lluvia,1
Industriales,Lunes,3,0,0,343,408,502,665,479.5,5000,9.6,6.0,Bajo,Soleado,0
Poblado,Viernes,15,0,0,1942,5130,3688,1818,3144.5,5000,62.9,10.1,Medio,Soleado,0
Floresta,Martes,15,0,0,519,1820,785,1729,1213.2,5000,24.3,11.1,Bajo,Tormenta,0
Niquia,Jueves,18,1,0,7519,5394,5352,2232,5124.2,5000,102.5,8.7,Alto,Lluvia,1
San Antonio,Domingo,18,1,1,2297,3063,2919,4268,3136.8,5000,62.7,16.0,Medio,Lluvia,0
Cisneros,Jueves,11,1,0,2755,2765,4198,2106,2956.0,5000,59.1,19.9,Medio,Lluvia,1
Santa Lucia,Miercoles,18,1,0,2547,1083,1849,2345,1956.0,5000,39.1,22.3,Bajo,Nublado,0
Suramericana,Jueves,12,1,0,3825,2651,2770,3118,3091.0,5000,61.8,22.0,Medio,Tormenta,1
Ayura,Martes,21,0,0,1312,1172,1166,733,1095.8,5000,21.9,8.3,Bajo,Nublado,0
Bello,Sabado,13,1,1,2027,2090,2327,595,1759.8,5000,35.2,12.5,Bajo,Tormenta,0
Cisneros,Domingo,8,1,1,1059,577,941,905,870.5,5000,17.4,11.1,Bajo,Tormenta,1
Caribe,Jueves,16,0,0,756,801,1189,671,854.2,5000,17.1,7.4,Bajo,Nublado,0
Universidad,Lunes,18,1,0,1682,1019,3284,2030,2003.8,5000,40.1,11.9,Bajo,Lluvia,1
Itagui,Viernes,20,0,0,2237,394,2113,1333,1519.2,5000,30.4,10.8,Bajo,Lluvia,0
Parque Berrio,Lunes,12,1,0,1665,2620,739,3640,2166.0,5000,43.3,10.7,Bajo,Nublado,0
Universidad,Domingo,1,0,1,195,378,242,229,261.0,5000,5.2,4.0,Bajo,Nublado,0
Niquia,Jueves,11,1,0,6376,5023,2973,1660,4008.0,5000,80.2,15.8,Alto,Soleado,0
Parque Berrio,Sabado,0,0,1,717,285,491,854,586.8,5000,11.7,8.8,Bajo,Tormenta,0
San Javier,Miercoles,17,1,0,2881,1102,2474,1211,1917.0,5000,38.3,8.2,Bajo,Lluvia,0
Exposiciones,Domingo,19,1,1,5482,1774,3334,3904,3623.5,5000,72.5,7.4,Medio,Tormenta,0
Caribe,Jueves,1,0,0,209,179,183,267,209.5,5000,4.2,9.4,Bajo,Tormenta,0
Sabaneta,Martes,8,1,0,2391,2021,1301,1662,1843.8,5000,36.9,16.1,Bajo,Nublado,0
Santa Lucia,Sabado,9,0,1,910,843,605,484,710.5,5000,14.2,8.1,Bajo,Lluvia,1
Industriales,Jueves,2,0,0,199,329,309,280,279.2,5000,5.6,2.1,Bajo,Tormenta,1
Madera,Martes,6,1,0,1194,3091,2879,2528,2423.0,5000,48.5,16.2,Bajo,Lluvia,0
Floresta,Viernes,19,1,0,2891,2509,834,3230,2366.0,5000,47.3,10.7,Bajo,Tormenta,0
Sabaneta,Miercoles,19,1,0,807,768,2729,1308,1403.0,5000,28.1,6.1,Bajo,Nublado,0
Madera,Jueves,14,1,0,2680,3398,1370,1485,2233.2,5000,44.7,21.0,Bajo,Soleado,0
Ayura,Lunes,3,0,0,264,455,656,604,494.8,5000,9.9,4.1,Bajo,Lluvia,0
Santa Lucia,Lunes,8,1,0,1131,2278,1472,3247,2032.0,5000,40.6,16.5,Bajo,Nublado,0
Itagui,Martes,12,1,0,2694,2384,2376,2386,2460.0,5000,49.2,5.3,Bajo,Nublado,0
Suramericana,Sabado,3,0,1,133,262,162,113,167.5,5000,3.4,10.3,Bajo,Tormenta,0
Suramericana,Miercoles,16,0,0,1572,596,1223,1743,1283.5,5000,25.7,13.2,Bajo,Nublado,0
Tricentenario,Viernes,22,0,0,1066,917,1930,1371,1321.0,5000,26.4,8.2,Bajo,Tormenta,0
Suramericana,Miercoles,20,0,0,1214,1166,2135,1800,1578.8,5000,31.6,13.5,Bajo,Soleado,0
Floresta,Miercoles,4,0,0,710,325,557,180,443.0,5000,8.9,3.2,Bajo,Tormenta,0
Cisneros,Viernes,1,0,0,272,144,239,149,201.0,5000,4.0,4.7,Bajo,Nublado,0
Niquia,Viernes,2,0,0,979,541,604,739,715.8,5000,14.3,12.2,Bajo,Nublado,0
San Javier,Miercoles,22,0,0,710,728,1666,1703,1201.8,5000,24.0,8.1,Bajo,Nublado,1
Poblado,Viernes,6,1,0,3160,3526,6335,2251,3818.0,5000,76.4,3.1,Medio,Tormenta,1
Sabaneta,Jueves,9,0,0,1923,1639,2142,1854,1889.5,5000,37.8,3.9,Bajo,Nublado,0
Universidad,Viernes,10,0,0,534,1918,1566,1766,1446.0,5000,28.9,6.4,Bajo,Soleado,0
Prado,Sabado,5,0,1,142,85,366,352,236.2,5000,4.7,12.3,Bajo,Soleado,0
Ayura,Viernes,19,1,0,3847,1920,1116,3254,2534.2,5000,50.7,13.4,Medio,Nublado,0
San Antonio,Miercoles,20,0,0,2403,2936,3775,2956,3017.5,5000,60.4,12.7,Medio,Lluvia,1
Aguacatala,Sabado,10,0,1,1072,749,1003,801,906.2,5000,18.1,4.5,Bajo,Lluvia,1
Ayura,Lunes,22,0,0,632,2345,1086,1765,1457.0,5000,29.1,13.3,Bajo,Tormenta,0
Estadio,Lunes,13,1,0,1171,2601,3143,2520,2358.8,5000,47.2,8.6,Bajo,Soleado,0
Aguacatala,Sabado,20,0,1,580,1155,785,440,740.0,5000,14.8,2.3,Bajo,Tormenta,0
Suramericana,Miercoles,0,0,0,485,597,263,276,405.2,5000,8.1,13.2,Bajo,Tormenta,0
Sabaneta,Martes,1,0,0,735,649,561,600,636.2,5000,12.7,12.0,Bajo,Tormenta,0
Universidad,Martes,17,1,0,1699,1496,3920,4262,2844.2,5000,56.9,10.0,Medio,Soleado,0
Universidad,Sabado,2,0,1,286,154,146,253,209.8,5000,4.2,6.6,Bajo,Soleado,1
Sabaneta,Viernes,17,1,0,4175,2616,1713,1704,2552.0,5000,51.0,14.0,Medio,Tormenta,0
Ayura,Sabado,17,1,1,835,897,2302,1177,1302.8,5000,26.1,21.1,Bajo,Lluvia,0
Suramericana,Lunes,5,0,0,197,311,487,422,354.2,5000,7.1,14.1,Bajo,Lluvia,0
Industriales,Lunes,16,0,0,729,838,1376,624,891.8,5000,17.8,14.3,Bajo,Soleado,0
Acevedo,Viernes,21,0,0,1318,1848,3234,1337,1934.2,5000,38.7,2.5,Bajo,Soleado,0
Industriales,Martes,20,0,0,1744,919,1531,710,1226.0,5000,24.5,2.6,Bajo,Tormenta,0
Itagui,Martes,7,1,0,2928,1245,2774,2080,2256.8,5000,45.1,21.8,Bajo,Soleado,0
Bello,Domingo,20,0,1,760,289,452,837,584.5,5000,11.7,8.0,Bajo,Lluvia,0
Exposiciones,Viernes,5,0,0,420,485,342,278,381.2,5000,7.6,12.7,Bajo,Soleado,0
Hospital,Sabado,4,0,1,295,259,99,238,222.8,5000,4.5,8.9,Bajo,Soleado,0
Niquia,Jueves,10,0,0,858,1439,3026,2357,1920.0,5000,38.4,8.0,Bajo,Tormenta,0
Santa Lucia,Viernes,12,1,0,2310,1225,1796,4490,2455.2,5000,49.1,10.9,Bajo,Lluvia,0
Universidad,Miercoles,20,0,0,949,872,969,1179,992.2,5000,19.8,13.0,Bajo,Nublado,0
Hospital,Lunes,1,0,0,421,327,528,204,370.0,5000,7.4,15.0,Bajo,Nublado,0
Hospital,Jueves,1,0,0,245,634,449,116,361.0,5000,7.2,3.8,Bajo,Lluvia,0
Bello,Domingo,21,0,1,955,968,627,970,880.0,5000,17.6,10.5,Bajo,Tormenta,0
Aguacatala,Lunes,20,0,0,1610,1822,1608,568,1402.0,5000,28.0,6.9,Bajo,Nublado,0
Alpujarra,Jueves,13,1,0,2160,7071,3913,4457,4400.2,5000,88.0,4.1,Alto,Tormenta,0
Suramericana,Jueves,0,0,0,433,230,392,286,335.2,5000,6.7,3.3,Bajo,Lluvia,0
Bello,Jueves,9,0,0,1140,1386,1523,1616,1416.2,5000,28.3,13.2,Bajo,Tormenta,1
Poblado,Viernes,11,1,0,1823,2805,2768,3289,2671.2,5000,53.4,14.9,Medio,Lluvia,0
La Estrella,Sabado,11,1,1,1540,2095,913,597,1286.2,5000,25.7,5.1,Bajo,Nublado,0
Bello,Viernes,9,0,0,823,556,686,743,702.0,5000,14.0,9.1,Bajo,Lluvia,1
Poblado,Sabado,15,0,1,2508,4971,3346,1967,3198.0,5000,64.0,7.9,Medio,Lluvia,1
Acevedo,Domingo,6,1,1,1383,2679,3306,3389,2689.2,5000,53.8,17.5,Medio,Lluvia,0
San Antonio,Miercoles,10,0,0,2060,3681,1325,1833,2224.8,5000,44.5,5.2,Bajo,Soleado,0
Hospital,Miercoles,15,0,0,914,1619,1896,1436,1466.2,5000,29.3,13.1,Bajo,Soleado,0
Parque Berrio,Jueves,11,1,0,3650,2415,2121,2376,2640.5,5000,52.8,14.2,Medio,Soleado,0
San Antonio,Miercoles,0,0,0,678,726,611,331,586.5,5000,11.7,13.7,Bajo,Nublado,1
Alpujarra,Sabado,15,0,1,1205,2385,800,1864,1563.5,5000,31.3,7.2,Bajo,Nublado,0
Bello,Martes,3,0,0,283,136,342,537,324.5,5000,6.5,2.7,Bajo,Lluvia,0
Itagui,Lunes,0,0,0,440,427,404,136,351.8,5000,7.0,3.3,Bajo,Soleado,0
Alpujarra,Lunes,18,1,0,6919,5633,1865,3959,4594.0,5000,91.9,15.4,Alto,Nublado,0
Sabaneta,Martes,13,1,0,1442,1288,1015,2081,1456.5,5000,29.1,21.8,Bajo,Soleado,0
Alpujarra,Domingo,20,0,1,1018,1251,804,2767,1460.0,5000,29.2,4.8,Bajo,Nublado,0
Santa Lucia,Viernes,17,1,0,1477,871,2655,4581,2396.0,5000,47.9,20.9,Bajo,Soleado,0
Poblado,Sabado,17,1,1,10053,10254,9634,13012,10738.2,5000,214.8,19.8,Alto,Tormenta,0
Universidad,Viernes,2,0,0,250,400,353,259,315.5,5000,6.3,12.3,Bajo,Soleado,0
Prado,Martes,11,1,0,2121,1516,3223,2423,2320.8,5000,46.4,15.8,Bajo,Lluvia,0
Itagui,Jueves,6,1,0,2003,3595,1469,2486,2388.2,5000,47.8,16.0,Bajo,Lluvia,0
Itagui,Jueves,4,0,0,141,208,120,631,275.0,5000,5.5,6.9,Bajo,Tormenta,0
Acevedo,Martes,7,1,0,4659,4086,3290,4385,4105.0,5000,82.1,16.7,Alto,Tormenta,1
Madera,Miercoles,5,0,0,319,282,447,410,364.5,5000,7.3,5.3,Bajo,Soleado,0
Niquia,Domingo,1,0,1,795,799,410,414,604.5,5000,12.1,10.5,Bajo,Tormenta,0
Ayura,Viernes,11,1,0,1473,1445,1275,3112,1826.2,5000,36.5,21.2,Bajo,Soleado,0
Estadio,Martes,14,1,0,2100,1934,1663,1506,1800.8,5000,36.0,9.0,Bajo,Soleado,0
Niquia,Jueves,0,0,0,490,459,833,312,523.5,5000,10.5,7.2,Bajo,Nublado,0
San Javier,Domingo,11,1,1,1714,919,940,1228,1200.2,5000,24.0,6.4,Bajo,Tormenta,0
Suramericana,Sabado,8,1,1,917,1635,2288,1515,1588.8,5000,31.8,12.2,Bajo,Soleado,0
Industriales,Miercoles,3,0,0,208,607,563,495,468.2,5000,9.4,13.7,Bajo,Soleado,0
Exposiciones,Jueves,22,0,0,1749,850,1323,845,1191.8,5000,23.8,8.1,Bajo,Nublado,0
Bello,Miercoles,16,0,0,496,1237,1278,1761,1193.0,5000,23.9,11.7,Bajo,Tormenta,0
Parque Berrio,Martes,14,1,0,1699,2567,2868,2918,2513.0,5000,50.3,8.1,Medio,Lluvia,1
San Antonio,Sabado,3,0,1,189,294,353,341,294.2,5000,5.9,14.7,Bajo,Soleado,0
Estadio,Lunes,11,1,0,1228,3715,2249,3033,2556.2,5000,51.1,22.1,Medio,Nublado,0
Hospital,Jueves,3,0,0,329,396,229,326,320.0,5000,6.4,12.3,Bajo,Lluvia,1
Niquia,Viernes,2,0,0,816,312,527,914,642.2,5000,12.8,4.1,Bajo,Tormenta,0
Aguacatala,Lunes,1,0,0,246,331,384,359,330.0,5000,6.6,10.8,Bajo,Lluvia,0
Poblado,Martes,20,0,0,755,2669,2498,2679,2150.2,5000,43.0,7.8,Bajo,Soleado,0
Floresta,Jueves,2,0,0,491,331,708,330,465.0,5000,9.3,9.3,Bajo,Lluvia,0
Madera,Lunes,13,1,0,1302,1096,3344,1828,1892.5,5000,37.9,6.4,Bajo,Nublado,0
San Antonio,Domingo,3,0,1,829,223,484,260,449.0,5000,9.0,2.2,Bajo,Lluvia,0
Niquia,Miercoles,16,0,0,3318,1158,3005,1175,2164.0,5000,43.3,14.8,Bajo,Tormenta,1
Santa Lucia,Lunes,22,0,0,1913,1753,1635,1876,1794.2,5000,35.9,4.9,Bajo,Soleado,1
Niquia,Sabado,16,0,1,2147,1374,1385,1756,1665.5,5000,33.3,13.0,Bajo,Soleado,1
San Antonio,Domingo,15,0,1,2362,1587,1984,1014,1736.8,5000,34.7,9.2,Bajo,Soleado,0
Envigado,Martes,4,0,0,467,138,453,412,367.5,5000,7.3,3.1,Bajo,Lluvia,0
Exposiciones,Domingo,18,1,1,1408,4779,1664,5237,3272.0,5000,65.4,13.4,Medio,Nublado,0
Ayura,Miercoles,17,1,0,1488,3917,2347,2835,2646.8,5000,52.9,16.6,Medio,Tormenta,0
Parque Berrio,Lunes,4,0,0,268,316,417,532,383.2,5000,7.7,4.6,Bajo,Tormenta,0
Poblado,Martes,7,1,0,3723,2461,3591,5049,3706.0,5000,74.1,17.3,Medio,Soleado,0
Hospital,Martes,14,1,0,873,1645,3518,942,1744.5,5000,34.9,14.2,Bajo,Nublado,1
Tricentenario,Jueves,5,0,0,426,584,536,403,487.2,5000,9.7,3.5,Bajo,Soleado,0
Universidad,Jueves,22,0,0,737,917,558,1334,886.5,5000,17.7,5.6,Bajo,Soleado,0
Itagui,Viernes,6,1,0,1739,2835,1703,4262,2634.8,5000,52.7,21.5,Medio,Nublado,0
Santa Lucia,Viernes,17,1,0,2549,1640,944,3377,2127.5,5000,42.5,12.5,Bajo,Lluvia,0
Poblado,Viernes,2,0,0,1029,544,1071,242,721.5,5000,14.4,11.8,Bajo,Tormenta,0
Niquia,Jueves,22,0,0,1962,4135,2103,4171,3092.8,5000,61.9,7.7,Medio,Soleado,0
San Antonio,Lunes,5,0,0,919,547,296,488,562.5,5000,11.2,4.8,Bajo,Nublado,0
Niquia,Domingo,12,1,1,4809,891,2461,3087,2812.0,5000,56.2,16.0,Medio,Lluvia,0
Aguacatala,Lunes,18,1,0,1445,3387,2142,1566,2135.0,5000,42.7,20.8,Bajo,Soleado,0
Cisneros,Domingo,17,1,1,796,1106,1368,1766,1259.0,5000,25.2,16.4,Bajo,Tormenta,0
Envigado,Miercoles,19,1,0,1939,3817,1901,2153,2452.5,5000,49.0,20.2,Bajo,Nublado,0
Caribe,Viernes,12,1,0,1795,820,2457,1566,1659.5,5000,33.2,22.4,Bajo,Tormenta,0
Tricentenario,Viernes,11,1,0,1404,2308,1511,1717,1735.0,5000,34.7,4.6,Bajo,Tormenta,0
Suramericana,Viernes,5,0,0,705,264,163,294,356.5,5000,7.1,7.2,Bajo,Soleado,0
Itagui,Jueves,19,1,0,2744,1148,1864,2556,2078.0,5000,41.6,3.9,Bajo,Nublado,0
Suramericana,Lunes,2,0,0,400,255,466,234,338.8,5000,6.8,6.5,Bajo,Tormenta,1
Parque Berrio,Lunes,18,1,0,1523,2179,2256,3219,2294.2,5000,45.9,5.7,Bajo,Tormenta,0
Madera,Viernes,17,1,0,994,951,1833,1618,1349.0,5000,27.0,21.2,Bajo,Lluvia,1
Madera,Jueves,19,1,0,3231,2179,2741,2389,2635.0,5000,52.7,5.8,Medio,Soleado,0
Prado,Lunes,14,1,0,2241,3104,2170,2178,2423.2,5000,48.5,4.1,Bajo,Nublado,0
Caribe,Lunes,3,0,0,513,331,446,365,413.8,5000,8.3,9.4,Bajo,Nublado,0
San Antonio,Lunes,14,1,0,5563,2877,1741,6831,4253.0,5000,85.1,16.8,Alto,Lluvia,0
Prado,Domingo,8,1,1,1692,2364,1286,1803,1786.2,5000,35.7,7.3,Bajo,Tormenta,0
Cisneros,Domingo,1,0,1,161,99,163,249,168.0,5000,3.4,9.5,Bajo,Tormenta,0
Sabaneta,Jueves,10,0,0,1318,996,1361,1655,1332.5,5000,26.7,12.5,Bajo,Soleado,0
Parque Berrio,Viernes,16,0,0,1630,2530,434,1304,1474.5,5000,29.5,4.1,Bajo,Tormenta,0
Floresta,Lunes,6,1,0,2962,2181,1073,1795,2002.8,5000,40.1,3.3,Bajo,Nublado,0
Sabaneta,Miercoles,1,0,0,348,675,255,227,376.2,5000,7.5,7.2,Bajo,Soleado,0
Sabaneta,Lunes,2,0,0,422,295,580,154,362.8,5000,7.3,14.9,Bajo,Nublado,0
Madera,Jueves,17,1,0,2501,2766,4189,2182,2909.5,5000,58.2,8.3,Medio,Lluvia,0
Universidad,Sabado,8,1,1,928,2324,1187,968,1351.8,5000,27.0,3.8,Bajo,Lluvia,0
Niquia,Martes,3,0,0,1391,670,918,1272,1062.8,5000,21.3,11.6,Bajo,Nublado,0
Madera,Sabado,22,0,1,419,639,525,275,464.5,5000,9.3,3.1,Bajo,Tormenta,0
Universidad,Sabado,17,1,1,1718,1894,1417,854,1470.8,5000,29.4,8.2,Bajo,Soleado,1
Itagui,Viernes,2,0,0,266,375,143,409,298.2,5000,6.0,7.3,Bajo,Tormenta,0
Exposiciones,Sabado,3,0,1,435,297,428,421,395.2,5000,7.9,13.2,Bajo,Lluvia,0
La Estrella,Lunes,19,1,0,2168,1793,1123,1505,1647.2,5000,32.9,20.5,Bajo,Nublado,0
Universidad,Domingo,22,0,1,857,547,557,1365,831.5,5000,16.6,14.6,Bajo,Soleado,0
Hospital,Viernes,8,1,0,1102,677,1877,1470,1281.5,5000,25.6,3.2,Bajo,Lluvia,0
Prado,Miercoles,11,1,0,2608,808,2010,1989,1853.8,5000,37.1,6.7,Bajo,Nublado,0
Santa Lucia,Martes,13,1,0,1384,1679,1113,2802,1744.5,5000,34.9,10.5,Bajo,Nublado,0
San Antonio,Miercoles,16,0,0,2935,1911,2238,3422,2626.5,5000,52.5,8.8,Medio,Soleado,0
Niquia,Miercoles,6,1,0,7972,2228,2844,7541,5146.2,5000,102.9,9.1,Alto,Nublado,1
Industriales,Sabado,14,1,1,943,1168,1648,2089,1462.0,5000,29.2,7.8,Bajo,Tormenta,0
Parque Berrio,Lunes,0,0,0,419,176,537,330,365.5,5000,7.3,5.0,Bajo,Lluvia,0
Poblado,Sabado,16,0,1,5877,2598,3737,6168,4595.0,5000,91.9,7.0,Alto,Lluvia,0
Caribe,Domingo,21,0,1,570,1087,671,327,663.8,5000,13.3,6.4,Bajo,Nublado,0
Prado,Lunes,4,0,0,407,410,283,436,384.0,5000,7.7,12.4,Bajo,Tormenta,0
Exposiciones,Jueves,4,0,0,278,202,230,447,289.2,5000,5.8,14.0,Bajo,Tormenta,0
Alpujarra,Lunes,11,1,0,7845,2320,5174,7802,5785.2,5000,115.7,13.6,Alto,Tormenta,0
Itagui,Viernes,15,0,0,1196,1444,1717,1487,1461.0,5000,29.2,5.7,Bajo,Nublado,1
Aguacatala,Miercoles,18,1,0,2340,2502,2628,2982,2613.0,5000,52.3,8.8,Medio,Tormenta,1
Caribe,Viernes,3,0,0,484,395,201,261,335.2,5000,6.7,7.8,Bajo,Soleado,0
Universidad,Sabado,21,0,1,428,434,757,1124,685.8,5000,13.7,10.9,Bajo,Nublado,1
Acevedo,Lunes,16,0,0,1908,4421,2157,3625,3027.8,5000,60.6,3.5,Medio,Soleado,1
Parque Berrio,Domingo,9,0,1,2421,3415,1766,1908,2377.5,5000,47.5,12.1,Bajo,Soleado,0
Poblado,Miercoles,22,0,0,2178,1645,1529,2978,2082.5,5000,41.6,4.4,Bajo,Nublado,0
Hospital,Martes,16,0,0,1274,1900,1822,1938,1733.5,5000,34.7,3.1,Bajo,Tormenta,0
Santa Lucia,Viernes,11,1,0,1347,2242,2105,2365,2014.8,5000,40.3,18.4,Bajo,Lluvia,0
Caribe,Viernes,19,1,0,3038,827,3389,2551,2451.2,5000,49.0,13.9,Bajo,Lluvia,0
Cisneros,Lunes,4,0,0,155,769,740,312,494.0,5000,9.9,13.3,Bajo,Soleado,0
Sabaneta,Martes,21,0,0,1195,1688,1604,673,1290.0,5000,25.8,7.6,Bajo,Nublado,0
Universidad,Lunes,0,0,0,316,470,452,521,439.8,5000,8.8,4.5,Bajo,Lluvia,0
Exposiciones,Jueves,4,0,0,405,653,380,563,500.2,5000,10.0,4.7,Bajo,Lluvia,1
Bello,Viernes,20,0,0,887,1271,1489,1424,1267.8,5000,25.4,7.0,Bajo,Tormenta,0
San Javier,Viernes,10,0,0,486,648,1538,1449,1030.2,5000,20.6,4.4,Bajo,Tormenta,1
Floresta,Miercoles,14,1,0,2248,1791,2214,862,1778.8,5000,35.6,10.3,Bajo,Nublado,1
Niquia,Jueves,11,1,0,3995,5285,7177,3343,4950.0,5000,99.0,19.5,Alto,Soleado,1
Bello,Jueves,8,1,0,1282,3394,1263,3040,2244.8,5000,44.9,18.6,Bajo,Tormenta,0
Acevedo,Lunes,10,0,0,2096,2224,1982,3902,2551.0,5000,51.0,11.5,Medio,Soleado,0
Alpujarra,Viernes,2,0,0,730,1196,613,409,737.0,5000,14.7,12.0,Bajo,Lluvia,0
Alpujarra,Viernes,4,0,0,558,440,1014,373,596.2,5000,11.9,14.1,Bajo,Soleado,0
Aguacatala,Miercoles,12,1,0,1032,3634,2680,1813,2289.8,5000,45.8,9.7,Bajo,Soleado,1
Parque Berrio,Miercoles,11,1,0,1254,1603,1366,3981,2051.0,5000,41.0,15.9,Bajo,Lluvia,0
Poblado,Viernes,0,0,0,683,1226,478,413,700.0,5000,14.0,11.6,Bajo,Lluvia,1
Acevedo,Domingo,21,0,1,780,2476,648,926,1207.5,5000,24.1,13.4,Bajo,Soleado,0
Industriales,Jueves,18,1,0,2136,2880,2610,1823,2362.2,5000,47.2,19.6,Bajo,Tormenta,0
Industriales,Martes,22,0,0,1507,1339,1021,2111,1494.5,5000,29.9,13.4,Bajo,Lluvia,1
Itagui,Domingo,18,1,1,1320,1201,1140,1343,1251.0,5000,25.0,19.0,Bajo,Lluvia,0
Niquia,Martes,20,0,0,2282,2620,3752,1429,2520.8,5000,50.4,4.2,Medio,Nublado,0
Aguacatala,Domingo,3,0,1,309,265,111,426,277.8,5000,5.6,9.2,Bajo,Soleado,0
Madera,Miercoles,7,1,0,2888,824,1366,3285,2090.8,5000,41.8,13.5,Bajo,Nublado,1
Ayura,Miercoles,3,0,0,154,153,469,678,363.5,5000,7.3,5.3,Bajo,Nublado,0
Alpujarra,Domingo,15,0,1,1052,1703,2661,1002,1604.5,5000,32.1,3.1,Bajo,Lluvia,0
Floresta,Jueves,21,0,0,1207,1707,572,1096,1145.5,5000,22.9,5.9,Bajo,Tormenta,0
San Javier,Lunes,0,0,0,620,555,707,477,589.8,5000,11.8,5.9,Bajo,Soleado,0
Hospital,Sabado,14,1,1,721,1214,1748,2380,1515.8,5000,30.3,4.5,Bajo,Lluvia,0
Alpujarra,Miercoles,17,1,0,5179,4454,4954,8530,5779.2,5000,115.6,14.5,Alto,Soleado,0
Poblado,Sabado,14,1,1,2789,5453,6937,5652,5207.8,5000,104.2,22.2,Alto,Lluvia,0
Universidad,Jueves,17,1,0,1475,2396,2813,1382,2016.5,5000,40.3,3.4,Bajo,Lluvia,1
Aguacatala,Lunes,7,1,0,3794,2884,914,2171,2440.8,5000,48.8,17.8,Bajo,Soleado,1
Exposiciones,Martes,1,0,0,720,632,353,600,576.2,5000,11.5,8.0,Bajo,Soleado,0
Tricentenario,Martes,7,1,0,2479,4596,3006,1664,2936.2,5000,58.7,20.3,Medio,Tormenta,1
Niquia,Sabado,0,0,1,631,430,656,344,515.2,5000,10.3,6.7,Bajo,Soleado,0
Acevedo,Sabado,23,0,1,332,836,609,556,583.2,5000,11.7,5.0,Bajo,Nublado,0
La Estrella,Viernes,5,0,0,432,500,468,587,496.8,5000,9.9,11.3,Bajo,Tormenta,0
Ayura,Jueves,19,1,0,1066,1304,1418,1272,1265.0,5000,25.3,8.8,Bajo,Soleado,1
Sabaneta,Lunes,6,1,0,3513,2067,2515,1725,2455.0,5000,49.1,6.3,Bajo,Soleado,0
San Javier,Sabado,9,0,1,1003,394,1255,899,887.8,5000,17.8,5.7,Bajo,Soleado,1
Bello,Martes,1,0,0,274,136,361,175,236.5,5000,4.7,11.7,Bajo,Soleado,1
Suramericana,Jueves,12,1,0,2790,1965,3333,2580,2667.0,5000,53.3,3.1,Medio,Nublado,0
La Estrella,Viernes,1,0,0,497,252,186,209,286.0,5000,5.7,11.8,Bajo,Tormenta,1
Tricentenario,Miercoles,12,1,0,2947,1502,2543,3157,2537.2,5000,50.7,18.3,Medio,Soleado,0
Floresta,Lunes,22,0,0,601,1463,1103,1712,1219.8,5000,24.4,7.1,Bajo,Soleado,1
Aguacatala,Lunes,5,0,0,229,628,272,205,333.5,5000,6.7,8.7,Bajo,Tormenta,0
San Javier,Lunes,13,1,0,3919,2076,1298,2142,2358.8,5000,47.2,15.7,Bajo,Lluvia,0
Poblado,Lunes,7,1,0,3064,4441,6863,2844,4303.0,5000,86.1,20.2,Alto,Nublado,0
Cisneros,Domingo,9,0,1,947,821,811,1009,897.0,5000,17.9,14.4,Bajo,Nublado,0
San Antonio,Domingo,2,0,1,641,272,459,241,403.2,5000,8.1,2.5,Bajo,Soleado,0
Floresta,Miercoles,2,0,0,210,310,562,371,363.2,5000,7.3,15.0,Bajo,Tormenta,0
Parque Berrio,Miercoles,0,0,0,364,460,236,383,360.8,5000,7.2,11.3,Bajo,Tormenta,0
Caribe,Lunes,2,0,0,291,664,475,604,508.5,5000,10.2,10.8,Bajo,Nublado,0
Madera,Martes,22,0,0,505,2156,1502,960,1280.8,5000,25.6,4.7,Bajo,Soleado,1
Bello,Jueves,20,0,0,1617,2027,1758,1208,1652.5,5000,33.1,11.7,Bajo,Tormenta,0
Industriales,Sabado,20,0,1,830,1028,625,334,704.2,5000,14.1,14.6,Bajo,Lluvia,0
Floresta,Sabado,6,1,1,1193,1341,1245,745,1131.0,5000,22.6,13.0,Bajo,Lluvia,0
Alpujarra,Viernes,22,0,0,2264,3985,1212,3112,2643.2,5000,52.9,14.0,Medio,Lluvia,0
Hospital,Domingo,23,0,1,131,210,302,146,197.2,5000,3.9,4.5,Bajo,Nublado,0
Alpujarra,Jueves,3,0,0,323,1230,597,619,692.2,5000,13.8,13.3,Bajo,Tormenta,1
Santa Lucia,Viernes,19,1,0,2251,1722,2572,1771,2079.0,5000,41.6,6.0,Bajo,Soleado,0
Acevedo,Lunes,18,1,0,6197,7611,5481,4969,6064.5,5000,121.3,7.3,Alto,Soleado,0
Universidad,Lunes,20,0,0,1946,2088,1629,433,1524.0,5000,30.5,13.2,Bajo,Nublado,1
San Javier,Sabado,23,0,1,225,146,260,388,254.8,5000,5.1,13.8,Bajo,Tormenta,0
Envigado,Jueves,11,1,0,2878,3668,2543,2966,3013.8,5000,60.3,3.7,Medio,Tormenta,1
Itagui,Lunes,5,0,0,308,253,298,512,342.8,5000,6.9,14.8,Bajo,Tormenta,0
Ayura,Martes,0,0,0,665,206,365,557,448.2,5000,9.0,5.3,Bajo,Nublado,0
La Estrella,Jueves,17,1,0,1086,2383,3411,1987,2216.8,5000,44.3,6.7,Bajo,Soleado,0
Sabaneta,Domingo,11,1,1,1617,2706,838,1302,1615.8,5000,32.3,13.5,Bajo,Lluvia,0
Prado,Lunes,7,1,0,2679,1738,1908,1329,1913.5,5000,38.3,9.7,Bajo,Tormenta,0
Ayura,Martes,2,0,0,404,476,258,291,357.2,5000,7.1,7.5,Bajo,Lluvia,0
Itagui,Viernes,16,0,0,1132,1081,559,668,860.0,5000,17.2,4.2,Bajo,Nublado,0
Cisneros,Miercoles,13,1,0,2869,2541,1766,3581,2689.2,5000,53.8,22.1,Medio,Soleado,0
Parque Berrio,Domingo,13,1,1,2907,3000,5905,3998,3952.5,5000,79.0,4.3,Medio,Soleado,1
Parque Berrio,Domingo,14,1,1,3567,1984,2979,5211,3435.2,5000,68.7,3.2,Medio,Soleado,1
Hospital,Viernes,1,0,0,375,592,168,304,359.8,5000,7.2,12.5,Bajo,Lluvia,0
Universidad,Lunes,0,0,0,163,419,243,671,374.0,5000,7.5,4.7,Bajo,Lluvia,0
Floresta,Sabado,15,0,1,1132,703,915,418,792.0,5000,15.8,8.6,Bajo,Nublado,0
Niquia,Domingo,12,1,1,2975,2921,3194,1627,2679.2,5000,53.6,20.6,Medio,Nublado,0
Bello,Sabado,22,0,1,863,1178,639,313,748.2,5000,15.0,5.8,Bajo,Soleado,0
Madera,Martes,13,1,0,2235,1416,1468,2854,1993.2,5000,39.9,8.5,Bajo,Tormenta,1
Floresta,Lunes,3,0,0,511,222,500,248,370.2,5000,7.4,11.8,Bajo,Lluvia,0
Floresta,Viernes,17,1,0,2487,1471,2656,1623,2059.2,5000,41.2,17.3,Bajo,Tormenta,0
San Antonio,Sabado,15,0,1,1521,1327,2961,1377,1796.5,5000,35.9,5.4,Bajo,Tormenta,0
Acevedo,Viernes,20,0,0,2092,1640,2836,2991,2389.8,5000,47.8,3.4,Bajo,Lluvia,0
Suramericana,Domingo,7,1,1,1140,1794,2250,504,1422.0,5000,28.4,5.0,Bajo,Lluvia,1
Madera,Lunes,12,1,0,1278,2341,957,1690,1566.5,5000,31.3,11.9,Bajo,Lluvia,0
Prado,Domingo,9,0,1,277,453,1208,946,721.0,5000,14.4,8.8,Bajo,Lluvia,1
Industriales,Martes,0,0,0,591,561,712,552,604.0,5000,12.1,4.7,Bajo,Nublado,1
Envigado,Jueves,6,1,0,3672,4231,2853,2248,3251.0,5000,65.0,19.6,Medio,Tormenta,0
Cisneros,Jueves,15,0,0,1634,791,896,836,1039.2,5000,20.8,3.7,Bajo,Soleado,0
Madera,Domingo,10,0,1,1509,655,777,765,926.5,5000,18.5,7.3,Bajo,Nublado,0
Tricentenario,Miercoles,23,0,0,151,510,574,485,430.0,5000,8.6,13.3,Bajo,Soleado,0
Itagui,Jueves,8,1,0,1582,780,3425,1523,1827.5,5000,36.5,22.4,Bajo,Tormenta,0
Parque Berrio,Lunes,22,0,0,989,1865,637,1929,1355.0,5000,27.1,13.9,Bajo,Lluvia,0
Envigado,Viernes,9,0,0,1573,1208,973,999,1188.2,5000,23.8,8.1,Bajo,Soleado,0
Tricentenario,Martes,15,0,0,806,1355,1940,536,1159.2,5000,23.2,2.1,Bajo,Nublado,0
Prado,Jueves,20,0,0,779,1435,2420,1480,1528.5,5000,30.6,13.5,Bajo,Soleado,1
Envigado,Domingo,0,0,1,248,151,181,200,195.0,5000,3.9,2.5,Bajo,Nublado,0
Estadio,Sabado,1,0,1,258,172,374,124,232.0,5000,4.6,7.0,Bajo,Soleado,0
Ayura,Miercoles,10,0,0,531,1370,716,1108,931.2,5000,18.6,3.3,Bajo,Soleado,0
Ayura,Martes,5,0,0,251,633,288,466,409.5,5000,8.2,3.0,Bajo,Nublado,0
Caribe,Jueves,23,0,0,761,186,547,293,446.8,5000,8.9,9.0,Bajo,Soleado,0
Caribe,Jueves,7,1,0,830,1429,2384,908,1387.8,5000,27.8,17.8,Bajo,Lluvia,0
San Javier,Viernes,2,0,0,375,497,654,570,524.0,5000,10.5,12.4,Bajo,Nublado,0
Cisneros,Lunes,22,0,0,2144,2161,1848,1954,2026.8,5000,40.5,8.3,Bajo,Nublado,0
San Javier,Lunes,19,1,0,1179,1903,2789,815,1671.5,5000,33.4,8.7,Bajo,Soleado,0
San Javier,Martes,16,0,0,525,1690,869,604,922.0,5000,18.4,10.0,Bajo,Nublado,0
Santa Lucia,Jueves,6,1,0,1775,3789,1761,1276,2150.2,5000,43.0,15.4,Bajo,Nublado,0
Floresta,Domingo,10,0,1,692,1172,893,795,888.0,5000,17.8,12.9,Bajo,Nublado,1
Cisneros,Miercoles,9,0,0,1383,690,1630,1364,1266.8,5000,25.3,5.2,Bajo,Nublado,0
Estadio,Miercoles,18,1,0,1034,1155,2816,2936,1985.2,5000,39.7,21.8,Bajo,Tormenta,0
Itagui,Viernes,1,0,0,452,527,153,223,338.8,5000,6.8,3.2,Bajo,Tormenta,0
San Antonio,Jueves,1,0,0,815,857,849,628,787.2,5000,15.7,10.1,Bajo,Soleado,1
Niquia,Jueves,10,0,0,3749,1101,3780,2634,2816.0,5000,56.3,7.6,Medio,Tormenta,0
Cisneros,Viernes,4,0,0,239,352,250,309,287.5,5000,5.8,9.1,Bajo,Nublado,0
Sabaneta,Domingo,4,0,1,303,303,129,284,254.8,5000,5.1,12.0,Bajo,Soleado,0
Santa Lucia,Jueves,1,0,0,338,535,227,164,316.0,5000,6.3,12.5,Bajo,Tormenta,0
Floresta,Miercoles,11,1,0,3628,2067,3640,874,2552.2,5000,51.0,20.1,Medio,Lluvia,0
Estadio,Jueves,0,0,0,287,399,164,391,310.2,5000,6.2,12.9,Bajo,Tormenta,0
Itagui,Sabado,8,1,1,1139,834,2031,2016,1505.0,5000,30.1,12.0,Bajo,Lluvia,0
Poblado,Martes,13,1,0,2211,7693,5940,7655,5874.8,5000,117.5,20.0,Alto,Tormenta,1
Santa Lucia,Lunes,2,0,0,278,254,134,767,358.2,5000,7.2,11.4,Bajo,Nublado,0
Acevedo,Miercoles,3,0,0,969,601,775,387,683.0,5000,13.7,13.6,Bajo,Lluvia,0
Exposiciones,Viernes,20,0,0,669,1660,2244,815,1347.0,5000,26.9,13.1,Bajo,Soleado,0
Alpujarra,Martes,9,0,0,3163,3289,2655,2895,3000.5,5000,60.0,3.2,Medio,Tormenta,1
Universidad,Martes,19,1,0,3453,3944,2946,1333,2919.0,5000,58.4,12.3,Medio,Tormenta,0
Santa Lucia,Viernes,21,0,0,888,1712,1182,1502,1321.0,5000,26.4,13.7,Bajo,Tormenta,0
Niquia,Miercoles,6,1,0,4227,5188,3922,2108,3861.2,5000,77.2,19.1,Medio,Tormenta,1
Sabaneta,Sabado,19,1,1,1432,1851,737,957,1244.2,5000,24.9,14.7,Bajo,Nublado,0
Madera,Jueves,13,1,0,3585,2892,1882,2817,2794.0,5000,55.9,12.7,Medio,Nublado,0
Santa Lucia,Miercoles,13,1,0,971,3340,2433,2485,2307.2,5000,46.1,7.2,Bajo,Lluvia,0
Universidad,Miercoles,17,1,0,2733,3673,2175,3112,2923.2,5000,58.5,15.4,Medio,Tormenta,0
Ayura,Lunes,12,1,0,3452,2518,3114,2750,2958.5,5000,59.2,20.6,Medio,Lluvia,1
Suramericana,Martes,6,1,0,1806,1511,2345,1429,1772.8,5000,35.5,20.9,Bajo,Nublado,0
Poblado,Viernes,13,1,0,5513,4759,4603,7944,5704.8,5000,114.1,3.9,Alto,Tormenta,0
Aguacatala,Lunes,15,0,0,1523,1425,1001,1005,1238.5,5000,24.8,7.6,Bajo,Lluvia,1
La Estrella,Domingo,13,1,1,745,833,2319,977,1218.5,5000,24.4,8.0,Bajo,Lluvia,0
Floresta,Lunes,5,0,0,492,198,323,251,316.0,5000,6.3,5.9,Bajo,Soleado,0
Itagui,Sabado,10,0,1,1101,838,1015,319,818.2,5000,16.4,2.2,Bajo,Nublado,0
Alpujarra,Lunes,13,1,0,1689,3950,4878,3173,3422.5,5000,68.5,13.4,Medio,Tormenta,0
Exposiciones,Domingo,12,1,1,3952,5559,3193,3392,4024.0,5000,80.5,3.8,Alto,Nublado,0
Envigado,Miercoles,14,1,0,2649,3287,1263,1304,2125.8,5000,42.5,18.0,Bajo,Soleado,1
Madera,Martes,12,1,0,1937,1939,1976,1684,1884.0,5000,37.7,11.2,Bajo,Soleado,0
Suramericana,Domingo,0,0,1,249,329,357,396,332.8,5000,6.7,6.7,Bajo,Lluvia,0
Caribe,Martes,18,1,0,2682,1733,3586,2694,2673.8,5000,53.5,7.5,Medio,Lluvia,0
San Javier,Domingo,10,0,1,875,1042,598,478,748.2,5000,15.0,9.8,Bajo,Nublado,1
Madera,Jueves,22,0,0,1829,1252,1016,1703,1450.0,5000,29.0,5.0,Bajo,Nublado,0
Alpujarra,Miercoles,4,0,0,658,897,699,525,694.8,5000,13.9,5.2,Bajo,Nublado,0
Exposiciones,Viernes,20,0,0,1363,1619,662,2226,1467.5,5000,29.3,12.3,Bajo,Lluvia,0
Cisneros,Domingo,7,1,1,765,1178,764,1179,971.5,5000,19.4,5.4,Bajo,Nublado,0
Cisneros,Jueves,7,1,0,1918,1091,2072,2467,1887.0,5000,37.7,4.3,Bajo,Tormenta,0
Exposiciones,Martes,5,0,0,272,561,134,281,312.0,5000,6.2,6.0,Bajo,Lluvia,0
Acevedo,Viernes,1,0,0,855,852,238,1180,781.2,5000,15.6,2.5,Bajo,Tormenta,1
Parque Berrio,Viernes,7,1,0,3553,1766,4173,1096,2647.0,5000,52.9,16.1,Medio,Lluvia,1
Universidad,Martes,12,1,0,2661,852,3826,1992,2332.8,5000,46.7,7.2,Bajo,Nublado,0
Niquia,Domingo,12,1,1,1706,2248,1285,3061,2075.0,5000,41.5,3.8,Bajo,Lluvia,0
Universidad,Martes,4,0,0,312,631,608,134,421.2,5000,8.4,5.8,Bajo,Lluvia,0
La Estrella,Domingo,21,0,1,1070,603,463,802,734.5,5000,14.7,10.2,Bajo,Tormenta,0
Ayura,Miercoles,7,1,0,4385,2154,2563,2415,2879.2,5000,57.6,15.0,Medio,Soleado,0
Floresta,Domingo,6,1,1,482,2111,1427,1809,1457.2,5000,29.1,8.2,Bajo,Lluvia,0
Ayura,Martes,5,0,0,547,278,417,244,371.5,5000,7.4,5.2,Bajo,Tormenta,0
Caribe,Miercoles,1,0,0,356,161,359,518,348.5,5000,7.0,9.7,Bajo,Lluvia,0
Niquia,Lunes,16,0,0,1498,1298,2686,4962,2611.0,5000,52.2,15.0,Medio,Nublado,0
Estadio,Sabado,14,1,1,713,1785,1158,1416,1268.0,5000,25.4,22.1,Bajo,Lluvia,0
Floresta,Sabado,20,0,1,881,661,1012,387,735.2,5000,14.7,6.8,Bajo,Tormenta,0
Prado,Sabado,20,0,1,1068,665,922,723,844.5,5000,16.9,10.2,Bajo,Lluvia,0
Alpujarra,Domingo,18,1,1,2743,2346,2413,3438,2735.0,5000,54.7,9.4,Medio,Nublado,0
La Estrella,Miercoles,18,1,0,1468,950,2493,2649,1890.0,5000,37.8,14.7,Bajo,Lluvia,1
Madera,Jueves,8,1,0,2068,2018,1406,3241,2183.2,5000,43.7,17.9,Bajo,Soleado,0
San Antonio,Viernes,13,1,0,2608,3757,4086,1644,3023.8,5000,60.5,18.0,Medio,Tormenta,1
San Antonio,Miercoles,10,0,0,3030,2538,1791,926,2071.2,5000,41.4,3.9,Bajo,Soleado,0
La Estrella,Sabado,22,0,1,572,620,631,1286,777.2,5000,15.5,13.1,Bajo,Lluvia,0
Santa Lucia,Martes,3,0,0,202,405,457,515,394.8,5000,7.9,12.3,Bajo,Soleado,0
Hospital,Sabado,3,0,1,240,121,136,316,203.2,5000,4.1,5.6,Bajo,Nublado,0
Aguacatala,Viernes,4,0,0,299,565,552,448,466.0,5000,9.3,7.5,Bajo,Lluvia,1
Floresta,Martes,23,0,0,190,149,698,406,360.8,5000,7.2,12.8,Bajo,Tormenta,0
Acevedo,Viernes,10,0,0,2296,2077,2922,3211,2626.5,5000,52.5,3.4,Medio,Soleado,0
Envigado,Martes,21,0,0,2174,691,1506,653,1256.0,5000,25.1,13.5,Bajo,Nublado,0
San Javier,Domingo,23,0,1,209,155,149,327,210.0,5000,4.2,12.1,Bajo,Lluvia,0
Niquia,Martes,19,1,0,5472,5125,5086,5779,5365.5,5000,107.3,11.5,Alto,Lluvia,0
Estadio,Miercoles,13,1,0,2995,2625,2712,3682,3003.5,5000,60.1,16.1,Medio,Soleado,0
Floresta,Lunes,15,0,0,1046,1434,613,1871,1241.0,5000,24.8,6.0,Bajo,Soleado,0
Niquia,Miercoles,9,0,0,2448,3669,4251,1227,2898.8,5000,58.0,14.9,Medio,Tormenta,0
Santa Lucia,Jueves,22,0,0,2096,783,616,900,1098.8,5000,22.0,13.5,Bajo,Tormenta,0
Bello,Lunes,18,1,0,1818,1867,1799,1229,1678.2,5000,33.6,18.3,Bajo,Nublado,0
Exposiciones,Jueves,8,1,0,1667,1760,1672,991,1522.5,5000,30.4,21.0,Bajo,Lluvia,0
Industriales,Miercoles,20,0,0,1109,856,576,761,825.5,5000,16.5,9.4,Bajo,Lluvia,0
Aguacatala,Lunes,7,1,0,2519,2654,2828,1596,2399.2,5000,48.0,12.3,Bajo,Soleado,0
Santa Lucia,Martes,12,1,0,2534,3493,2181,2943,2787.8,5000,55.8,9.4,Medio,Soleado,0
Envigado,Miercoles,3,0,0,198,270,231,536,308.8,5000,6.2,9.5,Bajo,Tormenta,0
Alpujarra,Viernes,5,0,0,396,276,1010,453,533.8,5000,10.7,11.8,Bajo,Soleado,1
La Estrella,Miercoles,13,1,0,2227,899,3178,3650,2488.5,5000,49.8,22.4,Bajo,Soleado,0
Industriales,Miercoles,18,1,0,862,2801,1278,2257,1799.5,5000,36.0,22.2,Bajo,Tormenta,0
Hospital,Miercoles,23,0,0,309,266,435,464,368.5,5000,7.4,13.8,Bajo,Nublado,0
Exposiciones,Viernes,18,1,0,1642,1408,1533,1084,1416.8,5000,28.3,12.9,Bajo,Tormenta,1
Hospital,Jueves,4,0,0,299,163,132,478,268.0,5000,5.4,8.8,Bajo,Lluvia,0
Alpujarra,Jueves,2,0,0,915,584,606,626,682.8,5000,13.7,13.9,Bajo,Nublado,0
San Antonio,Miercoles,19,1,0,6356,4403,2811,3150,4180.0,5000,83.6,5.9,Alto,Nublado,0
La Estrella,Sabado,19,1,1,2346,1383,868,1683,1570.0,5000,31.4,10.3,Bajo,Lluvia,0
Suramericana,Domingo,0,0,1,302,190,138,165,198.8,5000,4.0,7.5,Bajo,Soleado,1
Bello,Sabado,23,0,1,326,115,91,321,213.2,5000,4.3,8.1,Bajo,Tormenta,1
Aguacatala,Miercoles,23,0,0,532,109,394,305,335.0,5000,6.7,9.9,Bajo,Nublado,1
Alpujarra,Lunes,14,1,0,4248,5712,7184,3566,5177.5,5000,103.6,5.9,Alto,Lluvia,0
Itagui,Lunes,23,0,0,313,475,433,358,394.8,5000,7.9,10.3,Bajo,Nublado,1
Sabaneta,Martes,1,0,0,384,308,700,319,427.8,5000,8.6,6.1,Bajo,Soleado,0
Sabaneta,Sabado,0,0,1,178,373,124,286,240.2,5000,4.8,3.0,Bajo,Tormenta,0
Envigado,Miercoles,12,1,0,3502,2979,2513,1170,2541.0,5000,50.8,4.4,Medio,Lluvia,0
Acevedo,Martes,0,0,0,985,954,297,1028,816.0,5000,16.3,3.3,Bajo,Lluvia,0
Industriales,Sabado,7,1,1,1585,876,695,502,914.5,5000,18.3,10.1,Bajo,Soleado,0
Aguacatala,Domingo,19,1,1,1043,2179,1544,787,1388.2,5000,27.8,15.0,Bajo,Lluvia,1
Itagui,Viernes,11,1,0,1375,2736,1759,1082,1738.0,5000,34.8,7.2,Bajo,Nublado,0
Ayura,Miercoles,7,1,0,3329,1108,2211,3019,2416.8,5000,48.3,13.8,Bajo,Nublado,1
Floresta,Lunes,15,0,0,1881,1654,954,1554,1510.8,5000,30.2,10.9,Bajo,Lluvia,0
Cisneros,Domingo,17,1,1,1496,1507,834,1170,1251.8,5000,25.0,3.7,Bajo,Nublado,0
Caribe,Domingo,13,1,1,1152,1602,1300,1391,1361.2,5000,27.2,18.2,Bajo,Lluvia,0
Floresta,Miercoles,5,0,0,487,683,402,370,485.5,5000,9.7,9.8,Bajo,Nublado,0
Hospital,Sabado,11,1,1,2380,1048,1342,1279,1512.2,5000,30.2,18.3,Bajo,Tormenta,0
Itagui,Jueves,20,0,0,1183,862,1375,634,1013.5,5000,20.3,6.2,Bajo,Nublado,0
Cisneros,Martes,4,0,0,130,407,414,330,320.2,5000,6.4,5.2,Bajo,Soleado,1
Universidad,Viernes,16,0,0,707,632,1118,2229,1171.5,5000,23.4,7.4,Bajo,Nublado,0
Bello,Domingo,1,0,1,281,194,122,255,213.0,5000,4.3,9.7,Bajo,Soleado,0
Sabaneta,Martes,23,0,0,198,168,407,258,257.8,5000,5.2,2.8,Bajo,Lluvia,0
San Javier,Jueves,9,0,0,1003,2406,749,941,1274.8,5000,25.5,13.8,Bajo,Tormenta,0
Bello,Miercoles,5,0,0,516,280,507,347,412.5,5000,8.2,10.0,Bajo,Soleado,0
Sabaneta,Domingo,15,0,1,784,589,520,863,689.0,5000,13.8,8.5,Bajo,Soleado,1
San Antonio,Martes,2,0,0,905,681,679,537,700.5,5000,14.0,9.7,Bajo,Nublado,1
San Antonio,Domingo,13,1,1,3023,3388,4366,2141,3229.5,5000,64.6,7.5,Medio,Nublado,0
Aguacatala,Domingo,0,0,1,277,252,201,288,254.5,5000,5.1,5.5,Bajo,Soleado,0
Ayura,Jueves,16,0,0,724,1181,661,528,773.5,5000,15.5,7.9,Bajo,Tormenta,1
Industriales,Domingo,14,1,1,809,1970,535,520,958.5,5000,19.2,12.2,Bajo,Lluvia,0
Envigado,Sabado,16,0,1,676,1276,893,353,799.5,5000,16.0,14.1,Bajo,Tormenta,0
Industriales,Jueves,0,0,0,418,350,312,368,362.0,5000,7.2,8.8,Bajo,Lluvia,0
Parque Berrio,Viernes,18,1,0,1830,2498,1906,1796,2007.5,5000,40.2,9.7,Bajo,Soleado,0
Envigado,Miercoles,6,1,0,4261,2891,1062,2658,2718.0,5000,54.4,14.2,Medio,Nublado,1
Poblado,Sabado,21,0,1,1666,5113,5185,2791,3688.8,5000,73.8,3.1,Medio,Soleado,0
Hospital,Jueves,20,0,0,1476,1580,2038,2096,1797.5,5000,35.9,10.3,Bajo,Nublado,0
Bello,Miercoles,1,0,0,345,357,214,193,277.2,5000,5.5,2.1,Bajo,Tormenta,0
La Estrella,Jueves,0,0,0,450,524,437,143,388.5,5000,7.8,9.4,Bajo,Nublado,0
Floresta,Miercoles,23,0,0,466,503,468,223,415.0,5000,8.3,10.6,Bajo,Lluvia,0
Itagui,Martes,5,0,0,212,661,213,190,319.0,5000,6.4,8.5,Bajo,Tormenta,0
Bello,Sabado,0,0,1,205,187,147,134,168.2,5000,3.4,13.0,Bajo,Tormenta,0
Poblado,Sabado,8,1,1,4518,3715,9838,9435,6876.5,5000,137.5,8.3,Alto,Tormenta,0
Alpujarra,Domingo,11,1,1,2437,1356,5239,1115,2536.8,5000,50.7,13.8,Medio,Nublado,0
Industriales,Viernes,4,0,0,157,270,269,224,230.0,5000,4.6,13.1,Bajo,Soleado,1
San Javier,Domingo,13,1,1,1659,1446,1191,1591,1471.8,5000,29.4,14.7,Bajo,Tormenta,0
Alpujarra,Jueves,0,0,0,1011,743,903,1283,985.0,5000,19.7,9.6,Bajo,Nublado,0
Acevedo,Jueves,11,1,0,1840,6690,5477,3083,4272.5,5000,85.5,9.4,Alto,Tormenta,0
Sabaneta,Viernes,18,1,0,4014,2790,3465,2238,3126.8,5000,62.5,12.9,Medio,Nublado,1
Cisneros,Domingo,0,0,1,125,191,200,136,163.0,5000,3.3,6.5,Bajo,Lluvia,0
Sabaneta,Sabado,21,0,1,762,700,435,467,591.0,5000,11.8,10.6,Bajo,Lluvia,0
Prado,Sabado,5,0,1,442,217,89,251,249.8,5000,5.0,8.4,Bajo,Tormenta,1
Floresta,Martes,7,1,0,2838,1935,2053,2848,2418.5,5000,48.4,6.9,Bajo,Soleado,0
Poblado,Martes,17,1,0,5206,3401,1994,5583,4046.0,5000,80.9,14.4,Alto,Tormenta,0
Tricentenario,Jueves,18,1,0,1811,3678,1512,2861,2465.5,5000,49.3,15.6,Bajo,Tormenta,0
Acevedo,Jueves,3,0,0,1265,643,611,563,770.5,5000,15.4,11.8,Bajo,Soleado,0
Estadio,Sabado,10,0,1,636,494,809,766,676.2,5000,13.5,13.3,Bajo,Tormenta,0
Industriales,Lunes,17,1,0,886,3662,2277,936,1940.2,5000,38.8,11.6,Bajo,Tormenta,0
Industriales,Martes,11,1,0,3506,1775,2782,3240,2825.8,5000,56.5,19.6,Medio,Tormenta,0
Madera,Sabado,11,1,1,1579,1732,764,1435,1377.5,5000,27.6,14.4,Bajo,Tormenta,0
Suramericana,Jueves,22,0,0,991,1215,1367,1599,1293.0,5000,25.9,12.1,Bajo,Tormenta,0
Estadio,Miercoles,2,0,0,269,613,251,540,418.2,5000,8.4,9.7,Bajo,Lluvia,0
Aguacatala,Martes,6,1,0,2623,1979,1941,2061,2151.0,5000,43.0,21.5,Bajo,Lluvia,0
Prado,Viernes,13,1,0,2108,2873,903,2892,2194.0,5000,43.9,13.6,Bajo,Tormenta,1
Acevedo,Sabado,2,0,1,645,338,344,482,452.2,5000,9.0,6.9,Bajo,Nublado,0
Aguacatala,Martes,0,0,0,266,704,439,669,519.5,5000,10.4,14.9,Bajo,Tormenta,0
Caribe,Domingo,1,0,1,226,114,108,271,179.8,5000,3.6,4.4,Bajo,Nublado,0
Sabaneta,Viernes,19,1,0,3131,3418,1702,3329,2895.0,5000,57.9,13.5,Medio,Soleado,1
Santa Lucia,Martes,19,1,0,2238,2539,3530,3132,2859.8,5000,57.2,6.6,Medio,Tormenta,0
San Javier,Sabado,2,0,1,199,231,248,149,206.8,5000,4.1,9.8,Bajo,Lluvia,1
Hospital,Viernes,2,0,0,539,552,550,200,460.2,5000,9.2,2.5,Bajo,Nublado,0
Exposiciones,Lunes,12,1,0,1477,1810,3168,2723,2294.5,5000,45.9,15.0,Bajo,Soleado,1
Alpujarra,Sabado,9,0,1,2988,755,1064,2258,1766.2,5000,35.3,6.2,Bajo,Soleado,0
Madera,Miercoles,15,0,0,408,1833,1143,1561,1236.2,5000,24.7,14.0,Bajo,Nublado,0
Sabaneta,Miercoles,4,0,0,506,218,391,649,441.0,5000,8.8,2.7,Bajo,Tormenta,0
Hospital,Sabado,12,1,1,2142,1646,1160,1984,1733.0,5000,34.7,3.8,Bajo,Nublado,0
Exposiciones,Domingo,4,0,1,593,582,466,459,525.0,5000,10.5,5.7,Bajo,Tormenta,0
Ayura,Miercoles,20,0,0,838,782,926,2102,1162.0,5000,23.2,4.3,Bajo,Nublado,1
San Antonio,Sabado,3,0,1,814,448,449,840,637.8,5000,12.8,12.7,Bajo,Nublado,0
Sabaneta,Miercoles,22,0,0,2347,758,1887,693,1421.2,5000,28.4,13.8,Bajo,Nublado,0
Acevedo,Sabado,19,1,1,1901,3726,1401,4179,2801.8,5000,56.0,5.9,Medio,Nublado,1
Estadio,Jueves,19,1,0,1189,2525,1653,2567,1983.5,5000,39.7,19.2,Bajo,Lluvia,0
San Antonio,Lunes,23,0,0,560,530,1289,1088,866.8,5000,17.3,8.4,Bajo,Tormenta,0
Caribe,Martes,6,1,0,2371,2967,2936,2760,2758.5,5000,55.2,19.6,Medio,Nublado,1
Envigado,Martes,2,0,0,421,150,349,173,273.2,5000,5.5,13.9,Bajo,Lluvia,0
Exposiciones,Lunes,23,0,0,527,304,339,336,376.5,5000,7.5,10.1,Bajo,Soleado,0
Hospital,Sabado,7,1,1,1131,2116,1228,667,1285.5,5000,25.7,17.9,Bajo,Lluvia,0
Estadio,Miercoles,22,0,0,1706,815,1144,1453,1279.5,5000,25.6,14.2,Bajo,Nublado,0
Bello,Miercoles,14,1,0,3755,1471,1333,2417,2244.0,5000,44.9,15.3,Bajo,Tormenta,1
Hospital,Miercoles,15,0,0,1910,1594,2060,1576,1785.0,5000,35.7,14.0,Bajo,Tormenta,0
Industriales,Miercoles,3,0,0,556,369,150,125,300.0,5000,6.0,14.2,Bajo,Lluvia,0
Ayura,Martes,10,0,0,1409,1296,817,1378,1225.0,5000,24.5,13.0,Bajo,Tormenta,0
San Javier,Viernes,4,0,0,726,339,191,407,415.8,5000,8.3,4.6,Bajo,Nublado,1
Cisneros,Sabado,2,0,1,345,204,396,106,262.8,5000,5.3,14.9,Bajo,Tormenta,0
Cisneros,Viernes,21,0,0,1585,2130,957,1592,1566.0,5000,31.3,9.7,Bajo,Nublado,1
Itagui,Viernes,1,0,0,132,124,236,189,170.2,5000,3.4,8.6,Bajo,Lluvia,0
Itagui,Martes,6,1,0,3107,1639,1251,1746,1935.8,5000,38.7,13.3,Bajo,Nublado,0
Estadio,Lunes,19,1,0,2503,1516,1208,1899,1781.5,5000,35.6,3.6,Bajo,Soleado,0
San Javier,Sabado,15,0,1,1060,624,378,822,721.0,5000,14.4,3.3,Bajo,Lluvia,0
Niquia,Viernes,1,0,0,822,987,815,861,871.2,5000,17.4,2.4,Bajo,Tormenta,1
Cisneros,Jueves,12,1,0,4027,1640,1153,1838,2164.5,5000,43.3,4.5,Bajo,Lluvia,0
Tricentenario,Domingo,12,1,1,852,611,1870,1015,1087.0,5000,21.7,9.7,Bajo,Tormenta,1
Suramericana,Jueves,6,1,0,1759,3225,1644,2886,2378.5,5000,47.6,9.0,Bajo,Lluvia,0
Madera,Jueves,21,0,0,2072,1215,611,610,1127.0,5000,22.5,7.7,Bajo,Tormenta,1
Hospital,Jueves,15,0,0,1158,1642,1296,1340,1359.0,5000,27.2,4.7,Bajo,Soleado,1
Cisneros,Viernes,3,0,0,497,369,248,435,387.2,5000,7.7,3.6,Bajo,Nublado,0
San Javier,Domingo,16,0,1,387,519,692,362,490.0,5000,9.8,5.9,Bajo,Soleado,0
Prado,Sabado,8,1,1,1192,1247,1642,1464,1386.2,5000,27.7,3.2,Bajo,Tormenta,0
La Estrella,Domingo,4,0,1,135,157,97,172,140.2,5000,2.8,10.0,Bajo,Nublado,0
Hospital,Sabado,3,0,1,296,224,198,174,223.0,5000,4.5,7.1,Bajo,Tormenta,0
Floresta,Martes,11,1,0,3465,3040,2704,3955,3291.0,5000,65.8,5.2,Medio,Lluvia,1
Suramericana,Miercoles,12,1,0,3622,2191,2571,2297,2670.2,5000,53.4,16.2,Medio,Soleado,0
Envigado,Domingo,15,0,1,1017,1356,831,785,997.2,5000,19.9,11.3,Bajo,Lluvia,1
Exposiciones,Lunes,9,0,0,1570,616,589,1730,1126.2,5000,22.5,5.2,Bajo,Nublado,0
Hospital,Sabado,4,0,1,189,136,281,221,206.8,5000,4.1,6.1,Bajo,Soleado,1
La Estrella,Sabado,10,0,1,431,883,796,419,632.2,5000,12.6,2.6,Bajo,Soleado,0
Bello,Domingo,6,1,1,810,1578,656,1471,1128.8,5000,22.6,20.8,Bajo,Lluvia,0
Caribe,Miercoles,16,0,0,761,1583,842,1655,1210.2,5000,24.2,8.3,Bajo,Soleado,0
Exposiciones,Domingo,2,0,1,422,531,566,834,588.2,5000,11.8,11.2,Bajo,Tormenta,0
La Estrella,Lunes,21,0,0,2275,1867,590,525,1314.2,5000,26.3,7.2,Bajo,Lluvia,1
Cisneros,Viernes,15,0,0,845,1353,865,669,933.0,5000,18.7,7.8,Bajo,Tormenta,0
Estadio,Martes,0,0,0,395,174,425,386,345.0,5000,6.9,7.2,Bajo,Nublado,0
Caribe,Jueves,10,0,0,2310,1521,761,574,1291.5,5000,25.8,8.4,Bajo,Tormenta,0
Tricentenario,Domingo,1,0,1,98,222,224,209,188.2,5000,3.8,3.2,Bajo,Tormenta,1
Niquia,Lunes,22,0,0,2600,3487,1064,3953,2776.0,5000,55.5,11.6,Medio,Lluvia,0
Prado,Domingo,19,1,1,2164,669,517,1711,1265.2,5000,25.3,16.6,Bajo,Nublado,1
La Estrella,Domingo,4,0,1,268,313,139,211,232.8,5000,4.7,15.0,Bajo,Soleado,0
Industriales,Miercoles,0,0,0,340,166,230,471,301.8,5000,6.0,3.0,Bajo,Tormenta,0
Acevedo,Martes,6,1,0,3760,4916,3134,4156,3991.5,5000,79.8,6.7,Medio,Tormenta,0
Prado,Sabado,11,1,1,1265,1086,883,961,1048.8,5000,21.0,11.0,Bajo,Soleado,0
Sabaneta,Martes,11,1,0,2307,1042,4123,1907,2344.8,5000,46.9,11.6,Bajo,Soleado,1
Niquia,Martes,23,0,0,427,352,549,1079,601.8,5000,12.0,14.4,Bajo,Lluvia,1
Madera,Lunes,15,0,0,1330,1633,845,626,1108.5,5000,22.2,10.6,Bajo,Nublado,0
San Javier,Domingo,23,0,1,308,329,317,293,311.8,5000,6.2,9.2,Bajo,Soleado,0
Exposiciones,Martes,12,1,0,1260,1887,3141,1609,1974.2,5000,39.5,19.5,Bajo,Soleado,1
Suramericana,Martes,16,0,0,797,847,857,963,866.0,5000,17.3,14.0,Bajo,Lluvia,1
Parque Berrio,Miercoles,18,1,0,2556,1115,2117,2368,2039.0,5000,40.8,13.5,Bajo,Lluvia,0
Floresta,Sabado,7,1,1,2118,745,2125,1953,1735.2,5000,34.7,5.7,Bajo,Soleado,1
Acevedo,Sabado,3,0,1,213,334,441,719,426.8,5000,8.5,2.9,Bajo,Nublado,1
La Estrella,Jueves,23,0,0,410,477,370,352,402.2,5000,8.0,7.5,Bajo,Tormenta,0
Floresta,Viernes,5,0,0,175,562,616,195,387.0,5000,7.7,14.0,Bajo,Nublado,0
Madera,Lunes,5,0,0,148,337,566,611,415.5,5000,8.3,12.7,Bajo,Lluvia,0
Madera,Martes,5,0,0,419,410,460,288,394.2,5000,7.9,11.2,Bajo,Lluvia,0
Cisneros,Miercoles,2,0,0,568,410,482,400,465.0,5000,9.3,3.0,Bajo,Tormenta,0
Itagui,Martes,8,1,0,2914,1503,1124,2444,1996.2,5000,39.9,19.2,Bajo,Soleado,1
Bello,Domingo,20,0,1,554,572,275,613,503.5,5000,10.1,8.6,Bajo,Soleado,0
Estadio,Viernes,17,1,0,2206,1914,1528,3208,2214.0,5000,44.3,15.2,Bajo,Soleado,1
Aguacatala,Martes,2,0,0,395,396,502,458,437.8,5000,8.8,5.0,Bajo,Soleado,0
Suramericana,Martes,13,1,0,1141,2011,2499,1947,1899.5,5000,38.0,19.7,Bajo,Lluvia,0
Universidad,Domingo,2,0,1,150,273,215,225,215.8,5000,4.3,13.7,Bajo,Soleado,0
Itagui,Jueves,18,1,0,1373,2197,2033,1837,1860.0,5000,37.2,8.2,Bajo,Tormenta,1
La Estrella,Sabado,13,1,1,628,1333,491,706,789.5,5000,15.8,6.1,Bajo,Tormenta,0
Poblado,Viernes,22,0,0,2361,4631,3628,3148,3442.0,5000,68.8,14.4,Medio,Tormenta,0
Itagui,Miercoles,6,1,0,1260,2771,1527,2976,2133.5,5000,42.7,22.0,Bajo,Nublado,1
Tricentenario,Sabado,5,0,1,362,94,145,287,222.0,5000,4.4,4.0,Bajo,Soleado,0
Madera,Sabado,1,0,1,332,239,390,230,297.8,5000,6.0,11.5,Bajo,Lluvia,1
Acevedo,Martes,21,0,0,977,2908,1076,2867,1957.0,5000,39.1,13.6,Bajo,Soleado,0
Bello,Jueves,8,1,0,3540,2744,2373,1911,2642.0,5000,52.8,15.8,Medio,Lluvia,0
San Antonio,Jueves,12,1,0,6053,3678,7890,1518,4784.8,5000,95.7,11.7,Alto,Tormenta,0
Poblado,Martes,11,1,0,2085,3131,6905,4973,4273.5,5000,85.5,17.2,Alto,Tormenta,1
Envigado,Sabado,6,1,1,1382,595,1868,1395,1310.0,5000,26.2,19.3,Bajo,Lluvia,1
Alpujarra,Jueves,2,0,0,445,981,1051,748,806.2,5000,16.1,14.2,Bajo,Tormenta,0
Poblado,Jueves,8,1,0,4023,3410,2791,3567,3447.8,5000,69.0,14.9,Medio,Tormenta,0
Prado,Miercoles,8,1,0,1255,4370,3190,2476,2822.8,5000,56.5,19.7,Medio,Nublado,1
Suramericana,Domingo,11,1,1,1536,1118,1153,2607,1603.5,5000,32.1,5.9,Bajo,Soleado,0
Universidad,Viernes,16,0,0,621,1467,1697,1470,1313.8,5000,26.3,3.4,Bajo,Nublado,0
Itagui,Lunes,3,0,0,434,605,230,243,378.0,5000,7.6,7.7,Bajo,Tormenta,0
Sabaneta,Viernes,3,0,0,380,345,161,579,366.2,5000,7.3,13.5,Bajo,Tormenta,0
San Javier,Martes,9,0,0,749,2049,1126,1926,1462.5,5000,29.2,9.2,Bajo,Tormenta,1
Industriales,Sabado,19,1,1,1311,1351,1250,2564,1619.0,5000,32.4,5.9,Bajo,Tormenta,0
Madera,Viernes,18,1,0,2849,1131,1040,3042,2015.5,5000,40.3,21.5,Bajo,Tormenta,0
Caribe,Martes,15,0,0,1026,1770,984,1258,1259.5,5000,25.2,11.5,Bajo,Nublado,0
Madera,Jueves,6,1,0,2231,1389,2268,1962,1962.5,5000,39.2,21.6,Bajo,Lluvia,0
Hospital,Lunes,6,1,0,2204,2867,975,2226,2068.0,5000,41.4,20.1,Bajo,Nublado,0
Santa Lucia,Viernes,13,1,0,3599,2577,3258,1438,2718.0,5000,54.4,5.6,Medio,Soleado,0
Ayura,Martes,19,1,0,1492,3392,1005,1899,1947.0,5000,38.9,9.2,Bajo,Nublado,1
Poblado,Martes,3,0,0,845,497,824,1230,849.0,5000,17.0,4.7,Bajo,Tormenta,0
Cisneros,Sabado,5,0,1,148,285,180,151,191.0,5000,3.8,10.4,Bajo,Soleado,1
Itagui,Sabado,2,0,1,99,222,228,349,224.5,5000,4.5,7.9,Bajo,Soleado,1
Itagui,Sabado,19,1,1,1258,868,1228,841,1048.8,5000,21.0,18.5,Bajo,Nublado,1
San Javier,Sabado,11,1,1,462,1278,1020,820,895.0,5000,17.9,16.0,Bajo,Nublado,0
Suramericana,Martes,3,0,0,701,630,238,255,456.0,5000,9.1,8.2,Bajo,Lluvia,0
Envigado,Martes,4,0,0,455,247,552,139,348.2,5000,7.0,9.0,Bajo,Soleado,0
Niquia,Lunes,3,0,0,769,1085,621,543,754.5,5000,15.1,10.8,Bajo,Tormenta,1
Acevedo,Jueves,22,0,0,3434,4001,1750,3115,3075.0,5000,61.5,3.3,Medio,Nublado,0
Sabaneta,Miercoles,7,1,0,4575,3553,3062,3924,3778.5,5000,75.6,7.2,Medio,Tormenta,0
Caribe,Domingo,10,0,1,497,521,577,325,480.0,5000,9.6,2.9,Bajo,Nublado,0
Aguacatala,Domingo,10,0,1,1383,569,1108,864,981.0,5000,19.6,10.1,Bajo,Tormenta,0
Suramericana,Sabado,13,1,1,863,1695,1256,628,1110.5,5000,22.2,5.6,Bajo,Nublado,0
San Javier,Miercoles,15,0,0,861,1068,1045,1968,1235.5,5000,24.7,7.7,Bajo,Tormenta,0
Ayura,Lunes,0,0,0,328,186,418,371,325.8,5000,6.5,12.1,Bajo,Nublado,1
Tricentenario,Miercoles,9,0,0,608,1816,944,1252,1155.0,5000,23.1,10.5,Bajo,Soleado,1
Envigado,Jueves,1,0,0,483,617,416,298,453.5,5000,9.1,12.9,Bajo,Nublado,1
Caribe,Domingo,15,0,1,294,943,622,1127,746.5,5000,14.9,14.7,Bajo,Tormenta,0
Exposiciones,Viernes,5,0,0,170,578,508,592,462.0,5000,9.2,5.4,Bajo,Lluvia,1
Santa Lucia,Martes,4,0,0,158,138,326,201,205.8,5000,4.1,7.4,Bajo,Lluvia,0
Alpujarra,Viernes,12,1,0,5613,2411,2123,6110,4064.2,5000,81.3,19.3,Alto,Lluvia,0
Niquia,Jueves,10,0,0,2307,3116,2456,2707,2646.5,5000,52.9,6.0,Medio,Soleado,1
Parque Berrio,Jueves,8,1,0,2250,2185,1564,1323,1830.5,5000,36.6,19.5,Bajo,Soleado,0
La Estrella,Martes,22,0,0,775,1466,1358,1844,1360.8,5000,27.2,7.5,Bajo,Nublado,0
Hospital,Viernes,22,0,0,1699,1364,1133,599,1198.8,5000,24.0,11.2,Bajo,Tormenta,0
Floresta,Sabado,17,1,1,675,1500,889,1524,1147.0,5000,22.9,16.3,Bajo,Tormenta,0
Aguacatala,Miercoles,2,0,0,289,422,174,278,290.8,5000,5.8,8.2,Bajo,Soleado,1
Itagui,Domingo,21,0,1,716,310,704,628,589.5,5000,11.8,11.5,Bajo,Nublado,0
Floresta,Jueves,10,0,0,614,1047,1187,1289,1034.2,5000,20.7,4.4,Bajo,Soleado,0
San Antonio,Martes,18,1,0,4430,3642,9157,2139,4842.0,5000,96.8,11.3,Alto,Tormenta,0
San Javier,Viernes,13,1,0,2220,1276,2219,1473,1797.0,5000,35.9,9.5,Bajo,Lluvia,0
Madera,Domingo,22,0,1,843,376,572,499,572.5,5000,11.5,6.4,Bajo,Lluvia,0
Poblado,Sabado,14,1,1,8499,2902,5201,8645,6311.8,5000,126.2,10.9,Alto,Tormenta,0
Suramericana,Jueves,0,0,0,595,228,399,278,375.0,5000,7.5,11.6,Bajo,Lluvia,0
Floresta,Miercoles,8,1,0,1630,2263,1097,1046,1509.0,5000,30.2,13.9,Bajo,Tormenta,0
Industriales,Martes,16,0,0,914,1078,1463,1856,1327.8,5000,26.6,11.7,Bajo,Tormenta,0
Cisneros,Sabado,13,1,1,1172,604,860,1027,915.8,5000,18.3,21.7,Bajo,Nublado,0
Santa Lucia,Domingo,2,0,1,179,396,166,188,232.2,5000,4.6,6.2,Bajo,Tormenta,0
Universidad,Martes,2,0,0,150,127,332,557,291.5,5000,5.8,3.6,Bajo,Nublado,0
Sabaneta,Domingo,19,1,1,452,2119,1841,683,1273.8,5000,25.5,18.3,Bajo,Lluvia,1
Tricentenario,Sabado,6,1,1,1556,1744,2243,1397,1735.0,5000,34.7,11.9,Bajo,Lluvia,0
Itagui,Domingo,3,0,1,272,370,103,117,215.5,5000,4.3,12.7,Bajo,Tormenta,1
Estadio,Lunes,23,0,0,154,192,216,519,270.2,5000,5.4,5.1,Bajo,Soleado,0
Prado,Miercoles,15,0,0,1491,1404,2049,1608,1638.0,5000,32.8,7.5,Bajo,Lluvia,0
Bello,Jueves,1,0,0,152,304,601,365,355.5,5000,7.1,5.7,Bajo,Lluvia,0
Acevedo,Martes,20,0,0,1448,1690,2537,1328,1750.8,5000,35.0,13.5,Bajo,Soleado,0
Hospital,Lunes,20,0,0,1928,525,1332,1213,1249.5,5000,25.0,10.4,Bajo,Lluvia,0
Hospital,Lunes,15,0,0,1391,1138,2094,963,1396.5,5000,27.9,13.2,Bajo,Nublado,1
Floresta,Martes,12,1,0,2356,1531,1753,2104,1936.0,5000,38.7,5.0,Bajo,Tormenta,0
Bello,Sabado,9,0,1,976,300,431,830,634.2,5000,12.7,6.8,Bajo,Lluvia,0
Exposiciones,Lunes,5,0,0,214,377,218,601,352.5,5000,7.0,3.9,Bajo,Nublado,0
Estadio,Viernes,2,0,0,340,411,522,229,375.5,5000,7.5,8.3,Bajo,Lluvia,0
Suramericana,Lunes,3,0,0,176,678,635,295,446.0,5000,8.9,11.7,Bajo,Nublado,1
Niquia,Jueves,18,1,0,2050,6804,3407,1776,3509.2,5000,70.2,7.7,Medio,Tormenta,1
Universidad,Viernes,19,1,0,995,1030,3224,2651,1975.0,5000,39.5,8.9,Bajo,Nublado,1
Floresta,Lunes,1,0,0,397,215,279,277,292.0,5000,5.8,2.4,Bajo,Nublado,0
Tricentenario,Domingo,19,1,1,1033,987,633,843,874.0,5000,17.5,5.7,Bajo,Lluvia,0
San Antonio,Domingo,13,1,1,1497,2826,1682,3109,2278.5,5000,45.6,15.3,Bajo,Tormenta,0
Prado,Lunes,21,0,0,1216,1028,2113,1851,1552.0,5000,31.0,14.8,Bajo,Lluvia,0
Universidad,Miercoles,3,0,0,573,514,225,409,430.2,5000,8.6,10.9,Bajo,Soleado,0
Floresta,Martes,17,1,0,779,1068,2516,3485,1962.0,5000,39.2,15.6,Bajo,Tormenta,0
Prado,Miercoles,1,0,0,294,329,448,282,338.2,5000,6.8,7.4,Bajo,Nublado,0
Tricentenario,Viernes,5,0,0,478,617,454,287,459.0,5000,9.2,13.7,Bajo,Lluvia,1
Industriales,Lunes,8,1,0,1774,1258,1701,2603,1834.0,5000,36.7,8.8,Bajo,Nublado,0
La Estrella,Miercoles,14,1,0,2008,1556,1675,2771,2002.5,5000,40.1,17.2,Bajo,Tormenta,0
Exposiciones,Martes,10,0,0,970,1536,1246,1539,1322.8,5000,26.5,9.7,Bajo,Soleado,0
Prado,Sabado,14,1,1,1313,1652,1591,2233,1697.2,5000,33.9,18.1,Bajo,Soleado,0
Estadio,Miercoles,7,1,0,3414,1636,1488,1559,2024.2,5000,40.5,18.0,Bajo,Soleado,1
Industriales,Jueves,11,1,0,2936,2585,797,3567,2471.2,5000,49.4,13.1,Bajo,Nublado,0
Acevedo,Sabado,13,1,1,1861,1052,1644,2755,1828.0,5000,36.6,17.8,Bajo,Tormenta,0
Niquia,Miercoles,8,1,0,1789,4418,7238,2277,3930.5,5000,78.6,10.4,Medio,Tormenta,0
Ayura,Martes,2,0,0,298,303,347,678,406.5,5000,8.1,7.0,Bajo,Tormenta,0
Prado,Sabado,21,0,1,1042,1454,1233,337,1016.5,5000,20.3,5.9,Bajo,Lluvia,0
Poblado,Sabado,4,0,1,1382,976,1752,677,1196.8,5000,23.9,13.7,Bajo,Nublado,1
Sabaneta,Viernes,11,1,0,2098,1110,3109,1397,1928.5,5000,38.6,20.4,Bajo,Nublado,0
Suramericana,Sabado,15,0,1,301,245,849,813,552.0,5000,11.0,13.8,Bajo,Nublado,0
Tricentenario,Miercoles,4,0,0,415,441,188,356,350.0,5000,7.0,8.6,Bajo,Tormenta,0
Prado,Martes,11,1,0,2710,3450,2301,1043,2376.0,5000,47.5,20.1,Bajo,Nublado,1
Itagui,Domingo,15,0,1,1177,519,506,1263,866.2,5000,17.3,9.5,Bajo,Tormenta,0
Cisneros,Viernes,2,0,0,348,454,210,456,367.0,5000,7.3,13.7,Bajo,Tormenta,0
Envigado,Miercoles,9,0,0,1100,847,1581,1008,1134.0,5000,22.7,5.5,Bajo,Tormenta,1
Poblado,Viernes,9,0,0,3799,1645,2673,3590,2926.8,5000,58.5,2.1,Medio,Soleado,0
Caribe,Sabado,14,1,1,1024,1976,674,1684,1339.5,5000,26.8,9.9,Bajo,Nublado,0
Cisneros,Martes,7,1,0,2597,1959,1493,1156,1801.2,5000,36.0,6.8,Bajo,Tormenta,0
Floresta,Lunes,13,1,0,2688,2766,2085,1419,2239.5,5000,44.8,18.4,Bajo,Lluvia,0
La Estrella,Sabado,6,1,1,1096,1488,1322,1457,1340.8,5000,26.8,8.3,Bajo,Tormenta,0
Parque Berrio,Lunes,21,0,0,930,1804,923,1593,1312.5,5000,26.2,6.1,Bajo,Tormenta,0
Santa Lucia,Jueves,9,0,0,646,1562,2071,2020,1574.8,5000,31.5,11.0,Bajo,Soleado,0
Madera,Lunes,3,0,0,260,552,154,460,356.5,5000,7.1,9.1,Bajo,Tormenta,0
Envigado,Domingo,9,0,1,290,885,338,1042,638.8,5000,12.8,5.3,Bajo,Soleado,1
Industriales,Lunes,10,0,0,1175,599,788,1184,936.5,5000,18.7,5.7,Bajo,Soleado,0
Industriales,Viernes,7,1,0,1691,2849,2378,2214,2283.0,5000,45.7,7.6,Bajo,Nublado,0
La Estrella,Martes,1,0,0,253,475,197,298,305.8,5000,6.1,3.9,Bajo,Soleado,0
Universidad,Domingo,19,1,1,1392,1681,2402,745,1555.0,5000,31.1,6.8,Bajo,Nublado,0
Industriales,Domingo,23,0,1,121,335,190,138,196.0,5000,3.9,7.3,Bajo,Lluvia,0
Floresta,Viernes,8,1,0,1001,2393,2878,3155,2356.8,5000,47.1,5.4,Bajo,Nublado,0
Universidad,Domingo,21,0,1,401,372,1115,1307,798.8,5000,16.0,6.8,Bajo,Nublado,0
Madera,Viernes,0,0,0,451,361,548,237,399.2,5000,8.0,8.0,Bajo,Tormenta,0
Poblado,Lunes,17,1,0,3638,5879,2811,4836,4291.0,5000,85.8,8.0,Alto,Nublado,0
San Javier,Jueves,2,0,0,568,273,305,517,415.8,5000,8.3,4.1,Bajo,Tormenta,0
La Estrella,Domingo,10,0,1,322,359,753,666,525.0,5000,10.5,6.1,Bajo,Nublado,0
Parque Berrio,Domingo,2,0,1,624,408,372,745,537.2,5000,10.7,6.2,Bajo,Nublado,0
Niquia,Martes,18,1,0,2534,3230,2511,5479,3438.5,5000,68.8,10.9,Medio,Nublado,1
Niquia,Domingo,4,0,1,613,745,417,338,528.2,5000,10.6,4.2,Bajo,Nublado,1
Poblado,Jueves,0,0,0,671,438,380,366,463.8,5000,9.3,11.2,Bajo,Soleado,0
Acevedo,Viernes,11,1,0,2395,6479,2214,5431,4129.8,5000,82.6,7.0,Alto,Soleado,1
Madera,Domingo,16,0,1,789,293,644,417,535.8,5000,10.7,7.0,Bajo,Soleado,0
Industriales,Sabado,3,0,1,411,373,230,297,327.8,5000,6.6,9.7,Bajo,Tormenta,0
Universidad,Lunes,18,1,0,1236,1991,1890,2073,1797.5,5000,35.9,10.1,Bajo,Tormenta,0
Itagui,Jueves,17,1,0,2217,2022,1934,2016,2047.2,5000,40.9,13.2,Bajo,Tormenta,0
Hospital,Jueves,4,0,0,411,224,604,190,357.2,5000,7.1,8.9,Bajo,Tormenta,0
Itagui,Miercoles,6,1,0,1913,1186,1390,1152,1410.2,5000,28.2,13.0,Bajo,Lluvia,0
Acevedo,Viernes,4,0,0,990,738,419,1356,875.8,5000,17.5,5.1,Bajo,Nublado,0
Parque Berrio,Martes,3,0,0,443,624,545,586,549.5,5000,11.0,7.2,Bajo,Tormenta,0
Sabaneta,Viernes,6,1,0,2426,1865,1617,2562,2117.5,5000,42.4,19.9,Bajo,Lluvia,0
Poblado,Domingo,9,0,1,2093,5852,5188,2426,3889.8,5000,77.8,10.0,Medio,Tormenta,1
San Antonio,Miercoles,17,1,0,1698,4777,6260,3602,4084.2,5000,81.7,5.6,Alto,Tormenta,0
Sabaneta,Martes,11,1,0,3161,1064,1215,2908,2087.0,5000,41.7,18.2,Bajo,Soleado,1
Prado,Miercoles,10,0,0,1301,726,1423,1439,1222.2,5000,24.4,13.4,Bajo,Lluvia,0
Floresta,Domingo,2,0,1,185,242,348,131,226.5,5000,4.5,4.5,Bajo,Tormenta,1
Caribe,Lunes,13,1,0,2116,1873,1127,3872,2247.0,5000,44.9,21.5,Bajo,Tormenta,0
Alpujarra,Martes,14,1,0,3922,4882,3453,6161,4604.5,5000,92.1,18.7,Alto,Lluvia,1
San Antonio,Sabado,13,1,1,1253,803,2532,2776,1841.0,5000,36.8,9.7,Bajo,Nublado,0
Floresta,Domingo,8,1,1,1893,946,1527,1235,1400.2,5000,28.0,15.9,Bajo,Soleado,1
La Estrella,Sabado,19,1,1,950,2358,938,1561,1451.8,5000,29.0,13.8,Bajo,Nublado,0
Santa Lucia,Miercoles,17,1,0,1440,816,1629,1311,1299.0,5000,26.0,21.6,Bajo,Tormenta,0
Envigado,Sabado,18,1,1,909,1735,1836,555,1258.8,5000,25.2,13.9,Bajo,Soleado,0
Estadio,Miercoles,8,1,0,2327,2791,786,3607,2377.8,5000,47.6,20.1,Bajo,Nublado,0
Envigado,Domingo,14,1,1,694,864,2242,700,1125.0,5000,22.5,21.8,Bajo,Nublado,0
Parque Berrio,Martes,0,0,0,621,652,558,407,559.5,5000,11.2,14.6,Bajo,Nublado,1
San Javier,Miercoles,15,0,0,2047,1340,555,1295,1309.2,5000,26.2,10.2,Bajo,Lluvia,0
Parque Berrio,Lunes,17,1,0,2650,1577,2044,1799,2017.5,5000,40.4,5.6,Bajo,Nublado,1
Universidad,Lunes,1,0,0,278,314,466,397,363.8,5000,7.3,8.9,Bajo,Soleado,0
San Javier,Sabado,19,1,1,1471,1472,1098,829,1217.5,5000,24.3,15.8,Bajo,Tormenta,0
Ayura,Viernes,8,1,0,806,764,2464,1174,1302.0,5000,26.0,14.5,Bajo,Soleado,1
Sabaneta,Viernes,14,1,0,2065,3280,903,1242,1872.5,5000,37.5,12.5,Bajo,Soleado,0
Industriales,Jueves,5,0,0,372,240,350,187,287.2,5000,5.7,3.0,Bajo,Nublado,1
Sabaneta,Martes,23,0,0,463,207,170,254,273.5,5000,5.5,11.8,Bajo,Lluvia,1
Caribe,Sabado,2,0,1,267,353,277,409,326.5,5000,6.5,11.4,Bajo,Soleado,0
Alpujarra,Domingo,23,0,1,172,396,407,779,438.5,5000,8.8,14.3,Bajo,Soleado,0
Estadio,Domingo,15,0,1,576,549,606,400,532.8,5000,10.7,14.5,Bajo,Nublado,1
Poblado,Martes,21,0,0,2301,3255,2612,3564,2933.0,5000,58.7,7.7,Medio,Soleado,0
Aguacatala,Jueves,10,0,0,762,1803,1543,978,1271.5,5000,25.4,4.6,Bajo,Tormenta,0
Poblado,Miercoles,12,1,0,3714,7015,4364,5451,5136.0,5000,102.7,3.6,Alto,Lluvia,0
Parque Berrio,Miercoles,10,0,0,785,1855,1108,743,1122.8,5000,22.5,14.2,Bajo,Nublado,0
Aguacatala,Jueves,12,1,0,2607,1422,2058,2975,2265.5,5000,45.3,13.7,Bajo,Nublado,0
San Antonio,Sabado,5,0,1,897,185,666,456,551.0,5000,11.0,14.2,Bajo,Tormenta,0
Estadio,Viernes,0,0,0,699,110,552,396,439.2,5000,8.8,4.5,Bajo,Soleado,0
Tricentenario,Domingo,20,0,1,391,628,267,1188,618.5,5000,12.4,14.9,Bajo,Lluvia,0
Madera,Domingo,12,1,1,741,604,835,794,743.5,5000,14.9,13.3,Bajo,Tormenta,0
Tricentenario,Lunes,18,1,0,1384,1729,2017,899,1507.2,5000,30.1,14.5,Bajo,Nublado,0
Itagui,Lunes,13,1,0,2332,2214,3669,3247,2865.5,5000,57.3,17.9,Medio,Nublado,0
Ayura,Sabado,5,0,1,317,258,244,255,268.5,5000,5.4,2.2,Bajo,Lluvia,0
Exposiciones,Lunes,19,1,0,1297,850,2418,3096,1915.2,5000,38.3,3.6,Bajo,Soleado,1
La Estrella,Lunes,16,0,0,1201,1316,1408,1996,1480.2,5000,29.6,9.3,Bajo,Soleado,0
Niquia,Viernes,6,1,0,6223,3023,5909,5966,5280.2,5000,105.6,10.9,Alto,Lluvia,0
Parque Berrio,Lunes,17,1,0,769,2159,2480,2473,1970.2,5000,39.4,13.8,Bajo,Soleado,0
Envigado,Domingo,18,1,1,652,1113,787,1756,1077.0,5000,21.5,19.6,Bajo,Lluvia,0
Tricentenario,Jueves,3,0,0,327,411,641,427,451.5,5000,9.0,8.5,Bajo,Lluvia,0
Cisneros,Lunes,16,0,0,1394,1299,1043,1937,1418.2,5000,28.4,6.6,Bajo,Lluvia,1
Alpujarra,Martes,7,1,0,3214,4845,2721,7177,4489.2,5000,89.8,22.4,Alto,Tormenta,0
Prado,Jueves,4,0,0,389,123,295,262,267.2,5000,5.3,5.1,Bajo,Tormenta,0
San Javier,Lunes,4,0,0,473,509,519,458,489.8,5000,9.8,10.8,Bajo,Tormenta,0
Bello,Sabado,11,1,1,644,569,1482,703,849.5,5000,17.0,10.5,Bajo,Tormenta,1
San Javier,Miercoles,14,1,0,1969,1846,1764,2636,2053.8,5000,41.1,21.0,Bajo,Lluvia,0
Acevedo,Viernes,17,1,0,9122,6556,3073,8472,6805.8,5000,136.1,18.9,Alto,Lluvia,0
Exposiciones,Miercoles,2,0,0,421,303,611,560,473.8,5000,9.5,9.8,Bajo,Soleado,0
Ayura,Martes,18,1,0,2329,2369,3425,2251,2593.5,5000,51.9,12.7,Medio,Soleado,0
Prado,Miercoles,1,0,0,227,451,459,147,321.0,5000,6.4,13.5,Bajo,Nublado,1
Aguacatala,Domingo,1,0,1,310,385,281,380,339.0,5000,6.8,14.6,Bajo,Lluvia,0
Suramericana,Lunes,13,1,0,1907,2877,2132,2747,2415.8,5000,48.3,14.7,Bajo,Soleado,0
Madera,Domingo,11,1,1,806,1858,1184,724,1143.0,5000,22.9,20.5,Bajo,Soleado,1
Acevedo,Viernes,8,1,0,4181,2311,5653,2825,3742.5,5000,74.9,10.2,Medio,Nublado,1
Hospital,Miercoles,4,0,0,184,398,418,347,336.8,5000,6.7,13.9,Bajo,Nublado,0
Envigado,Lunes,16,0,0,1085,1394,1506,1046,1257.8,5000,25.2,6.7,Bajo,Tormenta,0
Itagui,Viernes,21,0,0,874,839,1154,2049,1229.0,5000,24.6,13.2,Bajo,Lluvia,0
Exposiciones,Lunes,5,0,0,350,289,408,233,320.0,5000,6.4,2.2,Bajo,Lluvia,0
San Antonio,Martes,16,0,0,775,2080,3522,1744,2030.2,5000,40.6,14.9,Bajo,Lluvia,1
Exposiciones,Viernes,0,0,0,239,643,518,161,390.2,5000,7.8,8.0,Bajo,Soleado,1
Alpujarra,Domingo,1,0,1,437,217,203,536,348.2,5000,7.0,12.3,Bajo,Soleado,0
Niquia,Domingo,12,1,1,3379,3259,2657,3407,3175.5,5000,63.5,7.4,Medio,Lluvia,0
Poblado,Viernes,23,0,0,425,1306,730,585,761.5,5000,15.2,13.7,Bajo,Tormenta,0
Caribe,Viernes,8,1,0,3181,2384,3861,1344,2692.5,5000,53.8,15.1,Medio,Soleado,1
Suramericana,Miercoles,19,1,0,2618,3946,1021,3080,2666.2,5000,53.3,9.7,Medio,Nublado,0
Poblado,Martes,17,1,0,5244,2444,4130,6029,4461.8,5000,89.2,12.4,Alto,Nublado,0
Envigado,Viernes,18,1,0,2630,4067,2763,4245,3426.2,5000,68.5,16.2,Medio,Tormenta,0
San Javier,Martes,8,1,0,1549,836,3039,1538,1740.5,5000,34.8,19.0,Bajo,Nublado,0
Cisneros,Martes,2,0,0,385,376,417,285,365.8,5000,7.3,7.9,Bajo,Lluvia,1
Industriales,Martes,3,0,0,367,340,647,268,405.5,5000,8.1,5.9,Bajo,Soleado,0
Madera,Sabado,11,1,1,593,644,1525,1436,1049.5,5000,21.0,10.4,Bajo,Soleado,1
Estadio,Martes,9,0,0,772,884,709,1669,1008.5,5000,20.2,12.8,Bajo,Tormenta,1
Niquia,Miercoles,2,0,0,847,581,507,689,656.0,5000,13.1,5.5,Bajo,Lluvia,0
Caribe,Jueves,11,1,0,3060,765,1039,3799,2165.8,5000,43.3,6.8,Bajo,Nublado,0
Madera,Viernes,0,0,0,335,395,434,321,371.2,5000,7.4,10.9,Bajo,Tormenta,0
Cisneros,Jueves,4,0,0,483,231,209,457,345.0,5000,6.9,2.5,Bajo,Soleado,0
Bello,Sabado,11,1,1,1495,2196,1969,427,1521.8,5000,30.4,17.2,Bajo,Tormenta,0
Ayura,Martes,13,1,0,3758,1474,1817,2579,2407.0,5000,48.1,5.1,Bajo,Lluvia,0
Poblado,Domingo,12,1,1,9792,7282,5002,3948,6506.0,5000,130.1,6.9,Alto,Lluvia,1
Industriales,Sabado,17,1,1,991,857,1062,868,944.5,5000,18.9,9.8,Bajo,Tormenta,1
Hospital,Jueves,17,1,0,2635,3691,3014,2736,3019.0,5000,60.4,19.7,Medio,Tormenta,1
Santa Lucia,Lunes,14,1,0,2359,1160,2509,3639,2416.8,5000,48.3,22.3,Bajo,Tormenta,0
Tricentenario,Domingo,12,1,1,2235,1230,2280,1583,1832.0,5000,36.6,22.5,Bajo,Soleado,0
Bello,Miercoles,3,0,0,401,258,477,259,348.8,5000,7.0,4.0,Bajo,Soleado,0
Envigado,Sabado,10,0,1,1066,993,1177,566,950.5,5000,19.0,13.1,Bajo,Tormenta,0
San Javier,Viernes,5,0,0,505,154,561,310,382.5,5000,7.6,15.0,Bajo,Soleado,1
Floresta,Lunes,19,1,0,3062,1334,3588,1199,2295.8,5000,45.9,9.4,Bajo,Tormenta,0
Suramericana,Sabado,20,0,1,962,536,825,559,720.5,5000,14.4,6.4,Bajo,Lluvia,0
Madera,Jueves,23,0,0,217,238,198,290,235.8,5000,4.7,4.2,Bajo,Soleado,1
Hospital,Martes,15,0,0,2067,744,1242,1293,1336.5,5000,26.7,7.9,Bajo,Nublado,0
Cisneros,Jueves,19,1,0,2704,1818,2481,1314,2079.2,5000,41.6,18.5,Bajo,Tormenta,0
Prado,Miercoles,18,1,0,2724,2186,2211,3109,2557.5,5000,51.1,7.0,Medio,Soleado,0
Tricentenario,Domingo,0,0,1,189,321,376,387,318.2,5000,6.4,7.3,Bajo,Nublado,0
Parque Berrio,Lunes,14,1,0,4195,1792,1856,1690,2383.2,5000,47.7,13.7,Bajo,Lluvia,0
La Estrella,Sabado,21,0,1,872,1339,567,1054,958.0,5000,19.2,9.3,Bajo,Tormenta,0
Alpujarra,Sabado,12,1,1,3151,1331,4734,3657,3218.2,5000,64.4,16.7,Medio,Soleado,0
Hospital,Domingo,7,1,1,1247,1107,1570,2462,1596.5,5000,31.9,7.3,Bajo,Lluvia,0
Cisneros,Lunes,22,0,0,1775,693,405,1173,1011.5,5000,20.2,6.0,Bajo,Nublado,1
Parque Berrio,Viernes,19,1,0,2215,2479,1036,3188,2229.5,5000,44.6,15.7,Bajo,Nublado,0
Industriales,Martes,23,0,0,414,155,290,241,275.0,5000,5.5,8.4,Bajo,Lluvia,1
Tricentenario,Jueves,15,0,0,823,746,1649,1897,1278.8,5000,25.6,3.9,Bajo,Lluvia,0
Envigado,Sabado,12,1,1,1543,1256,1893,622,1328.5,5000,26.6,20.6,Bajo,Soleado,0
Acevedo,Miercoles,19,1,0,3702,7667,7065,4613,5761.8,5000,115.2,8.9,Alto,Soleado,0
Industriales,Domingo,16,0,1,718,879,479,880,739.0,5000,14.8,6.6,Bajo,Nublado,0
Alpujarra,Lunes,20,0,0,1685,1231,2260,4520,2424.0,5000,48.5,12.7,Bajo,Lluvia,0
Niquia,Domingo,3,0,1,133,678,286,384,370.2,5000,7.4,3.3,Bajo,Tormenta,0
Suramericana,Sabado,0,0,1,255,432,256,109,263.0,5000,5.3,8.5,Bajo,Nublado,0
Itagui,Jueves,8,1,0,2150,1533,2150,1346,1794.8,5000,35.9,14.3,Bajo,Lluvia,1
Estadio,Domingo,13,1,1,771,1141,1268,918,1024.5,5000,20.5,3.6,Bajo,Nublado,0
La Estrella,Miercoles,21,0,0,1913,1655,1545,2351,1866.0,5000,37.3,8.4,Bajo,Tormenta,0
Santa Lucia,Domingo,11,1,1,1739,1165,2091,769,1441.0,5000,28.8,6.8,Bajo,Soleado,0
Alpujarra,Martes,1,0,0,855,1160,1004,523,885.5,5000,17.7,7.4,Bajo,Soleado,1
Envigado,Domingo,10,0,1,575,775,1298,1115,940.8,5000,18.8,6.3,Bajo,Soleado,1
Madera,Miercoles,2,0,0,242,219,484,708,413.2,5000,8.3,11.3,Bajo,Soleado,1
La Estrella,Sabado,12,1,1,1525,1372,676,1303,1219.0,5000,24.4,19.7,Bajo,Lluvia,0
Parque Berrio,Jueves,2,0,0,451,304,549,513,454.2,5000,9.1,10.8,Bajo,Soleado,1
Estadio,Lunes,9,0,0,2037,1979,1567,1675,1814.5,5000,36.3,5.3,Bajo,Soleado,0
Madera,Lunes,4,0,0,580,537,522,401,510.0,5000,10.2,3.4,Bajo,Lluvia,1
Cisneros,Martes,0,0,0,349,184,387,272,298.0,5000,6.0,13.4,Bajo,Lluvia,0
La Estrella,Miercoles,9,0,0,546,1712,1001,2340,1399.8,5000,28.0,8.5,Bajo,Nublado,1
Suramericana,Jueves,19,1,0,1840,3272,1575,2953,2410.0,5000,48.2,8.5,Bajo,Tormenta,0
San Javier,Lunes,16,0,0,727,1545,1247,1340,1214.8,5000,24.3,11.8,Bajo,Nublado,0
Aguacatala,Lunes,18,1,0,1470,2383,1711,1227,1697.8,5000,34.0,5.2,Bajo,Lluvia,1
Floresta,Miercoles,11,1,0,3659,3477,1611,3826,3143.2,5000,62.9,9.0,Medio,Tormenta,1
Ayura,Viernes,15,0,0,1153,1610,1335,617,1178.8,5000,23.6,5.6,Bajo,Nublado,1
Aguacatala,Martes,13,1,0,1064,2973,1969,2325,2082.8,5000,41.7,14.5,Bajo,Lluvia,1
La Estrella,Viernes,15,0,0,1038,1850,1817,1854,1639.8,5000,32.8,8.5,Bajo,Soleado,0
Sabaneta,Martes,16,0,0,1545,896,994,1796,1307.8,5000,26.2,14.8,Bajo,Lluvia,0
Aguacatala,Viernes,11,1,0,2986,1230,2781,2934,2482.8,5000,49.7,16.6,Bajo,Tormenta,0
Prado,Lunes,19,1,0,3063,1513,1476,1782,1958.5,5000,39.2,7.9,Bajo,Soleado,0
Hospital,Sabado,4,0,1,120,246,345,379,272.5,5000,5.5,6.2,Bajo,Tormenta,0
Acevedo,Viernes,13,1,0,5094,5666,6388,5100,5562.0,5000,111.2,12.1,Alto,Lluvia,0
La Estrella,Lunes,19,1,0,2357,1464,3634,3313,2692.0,5000,53.8,9.9,Medio,Lluvia,1
Bello,Miercoles,22,0,0,1673,1163,547,1570,1238.2,5000,24.8,3.7,Bajo,Lluvia,1
La Estrella,Miercoles,7,1,0,1351,2946,1658,1441,1849.0,5000,37.0,21.1,Bajo,Nublado,0
Estadio,Miercoles,7,1,0,1107,2760,3211,2899,2494.2,5000,49.9,8.8,Bajo,Tormenta,1
Estadio,Sabado,17,1,1,1776,1101,960,1274,1277.8,5000,25.6,22.5,Bajo,Tormenta,0
Acevedo,Viernes,14,1,0,8341,3363,6110,7570,6346.0,5000,126.9,6.7,Alto,Tormenta,0
Prado,Miercoles,14,1,0,3211,1362,2069,1260,1975.5,5000,39.5,13.6,Bajo,Lluvia,0
Acevedo,Jueves,9,0,0,1104,3082,3984,2626,2699.0,5000,54.0,11.1,Medio,Soleado,1
La Estrella,Jueves,20,0,0,888,1003,1623,1409,1230.8,5000,24.6,3.8,Bajo,Soleado,1
Madera,Domingo,17,1,1,1079,1348,830,844,1025.2,5000,20.5,16.6,Bajo,Tormenta,0
La Estrella,Jueves,19,1,0,1561,2433,2879,1754,2156.8,5000,43.1,14.3,Bajo,Tormenta,1
La Estrella,Viernes,3,0,0,508,272,639,662,520.2,5000,10.4,10.0,Bajo,Tormenta,1
San Javier,Sabado,14,1,1,2038,1345,1230,1096,1427.2,5000,28.5,16.1,Bajo,Nublado,0
Caribe,Domingo,0,0,1,418,378,267,127,297.5,5000,5.9,12.6,Bajo,Nublado,0
Bello,Martes,14,1,0,2544,2552,2472,2864,2608.0,5000,52.2,11.2,Medio,Nublado,1
San Javier,Martes,4,0,0,251,430,283,166,282.5,5000,5.7,9.6,Bajo,Soleado,0
La Estrella,Viernes,17,1,0,3286,1407,2114,3563,2592.5,5000,51.8,20.0,Medio,Nublado,1
Floresta,Jueves,10,0,0,755,2443,1123,607,1232.0,5000,24.6,10.4,Bajo,Soleado,0
La Estrella,Jueves,5,0,0,628,561,631,153,493.2,5000,9.9,14.0,Bajo,Nublado,0
Acevedo,Jueves,23,0,0,522,1252,407,1075,814.0,5000,16.3,7.3,Bajo,Tormenta,0
Aguacatala,Lunes,16,0,0,675,1230,1179,969,1013.2,5000,20.3,12.8,Bajo,Lluvia,0
Floresta,Viernes,7,1,0,848,2465,1784,1115,1553.0,5000,31.1,13.2,Bajo,Lluvia,0
Acevedo,Martes,22,0,0,1883,3192,1686,2185,2236.5,5000,44.7,5.7,Bajo,Tormenta,1
Acevedo,Sabado,9,0,1,1209,1368,1503,724,1201.0,5000,24.0,7.1,Bajo,Tormenta,1
La Estrella,Sabado,20,0,1,240,1062,1036,1372,927.5,5000,18.6,7.5,Bajo,Tormenta,0
Universidad,Jueves,18,1,0,953,962,1129,2013,1264.2,5000,25.3,10.5,Bajo,Nublado,0
Estadio,Viernes,11,1,0,1249,2309,1386,2041,1746.2,5000,34.9,22.3,Bajo,Soleado,0
La Estrella,Sabado,14,1,1,835,2617,1988,1015,1613.8,5000,32.3,10.8,Bajo,Soleado,0
Floresta,Jueves,10,0,0,1607,1637,634,634,1128.0,5000,22.6,2.1,Bajo,Tormenta,1
Poblado,Jueves,16,0,0,3239,1285,2638,2038,2300.0,5000,46.0,14.9,Bajo,Tormenta,0
Tricentenario,Miercoles,7,1,0,1881,2316,1581,3828,2401.5,5000,48.0,17.1,Bajo,Lluvia,1
Caribe,Miercoles,4,0,0,375,597,339,525,459.0,5000,9.2,8.0,Bajo,Nublado,0
Ayura,Domingo,5,0,1,198,270,120,288,219.0,5000,4.4,3.1,Bajo,Tormenta,0
Madera,Martes,3,0,0,298,614,380,559,462.8,5000,9.3,4.9,Bajo,Nublado,0
Tricentenario,Martes,0,0,0,506,326,161,330,330.8,5000,6.6,11.7,Bajo,Soleado,1
Aguacatala,Martes,17,1,0,2303,1234,1882,3014,2108.2,5000,42.2,22.4,Bajo,Nublado,0
Aguacatala,Miercoles,19,1,0,1673,2448,2795,817,1933.2,5000,38.7,7.3,Bajo,Nublado,0
Cisneros,Sabado,1,0,1,190,338,163,332,255.8,5000,5.1,9.3,Bajo,Nublado,1
Bello,Domingo,5,0,1,226,233,165,157,195.2,5000,3.9,6.5,Bajo,Tormenta,1
Industriales,Miercoles,18,1,0,986,3841,2455,3244,2631.5,5000,52.6,8.3,Medio,Nublado,1
Poblado,Martes,18,1,0,5449,2991,1636,4866,3735.5,5000,74.7,15.7,Medio,Tormenta,0
Sabaneta,Miercoles,15,0,0,780,959,1420,812,992.8,5000,19.9,13.3,Bajo,Soleado,1
Acevedo,Sabado,10,0,1,2246,852,1300,1573,1492.8,5000,29.9,4.8,Bajo,Nublado,0
Tricentenario,Viernes,3,0,0,623,297,654,275,462.2,5000,9.2,5.9,Bajo,Tormenta,0
Prado,Martes,20,0,0,1396,2126,1584,1917,1755.8,5000,35.1,11.7,Bajo,Soleado,0
Parque Berrio,Martes,4,0,0,348,680,240,571,459.8,5000,9.2,10.8,Bajo,Tormenta,1
San Javier,Sabado,0,0,1,174,114,217,216,180.2,5000,3.6,3.1,Bajo,Soleado,0
San Antonio,Domingo,11,1,1,3855,5174,4668,2743,4110.0,5000,82.2,3.6,Alto,Tormenta,1
Aguacatala,Jueves,5,0,0,339,116,362,288,276.2,5000,5.5,13.9,Bajo,Tormenta,0
Floresta,Sabado,19,1,1,1661,1028,2657,604,1487.5,5000,29.8,15.1,Bajo,Tormenta,1
Caribe,Lunes,18,1,0,1894,1028,3892,2238,2263.0,5000,45.3,11.2,Bajo,Soleado,0
Prado,Jueves,5,0,0,287,543,121,249,300.0,5000,6.0,7.8,Bajo,Soleado,1
Bello,Domingo,0,0,1,379,266,159,149,238.2,5000,4.8,7.9,Bajo,Soleado,0
La Estrella,Lunes,5,0,0,199,334,384,298,303.8,5000,6.1,5.3,Bajo,Nublado,0
Caribe,Jueves,2,0,0,499,121,511,233,341.0,5000,6.8,2.2,Bajo,Tormenta,0
Hospital,Martes,4,0,0,467,196,606,567,459.0,5000,9.2,5.4,Bajo,Tormenta,0
Niquia,Jueves,20,0,0,1798,3515,4085,4784,3545.5,5000,70.9,8.3,Medio,Tormenta,1
Ayura,Viernes,10,0,0,791,1493,907,1453,1161.0,5000,23.2,4.8,Bajo,Soleado,0
San Javier,Viernes,16,0,0,743,1606,859,1667,1218.8,5000,24.4,6.2,Bajo,Tormenta,0
San Antonio,Viernes,7,1,0,8951,3118,2463,7849,5595.2,5000,111.9,12.3,Alto,Lluvia,0
San Javier,Martes,20,0,0,1596,769,703,1149,1054.2,5000,21.1,3.6,Bajo,Tormenta,0
Caribe,Jueves,7,1,0,1291,3381,1999,2746,2354.2,5000,47.1,5.5,Bajo,Lluvia,0
Niquia,Martes,22,0,0,1761,902,1834,3750,2061.8,5000,41.2,11.1,Bajo,Soleado,1
Alpujarra,Domingo,14,1,1,3594,2817,5146,3016,3643.2,5000,72.9,19.2,Medio,Soleado,0
Bello,Jueves,5,0,0,433,290,178,376,319.2,5000,6.4,4.8,Bajo,Soleado,0
Cisneros,Lunes,1,0,0,400,750,478,123,437.8,5000,8.8,11.8,Bajo,Nublado,0
Itagui,Lunes,16,0,0,1469,605,1303,429,951.5,5000,19.0,11.0,Bajo,Lluvia,0
Exposiciones,Sabado,6,1,1,5399,1334,1871,5719,3580.8,5000,71.6,8.2,Medio,Tormenta,0
Parque Berrio,Martes,15,0,0,468,1306,975,1134,970.8,5000,19.4,2.5,Bajo,Tormenta,1
Estadio,Lunes,20,0,0,912,1562,1739,1920,1533.2,5000,30.7,5.4,Bajo,Soleado,0
Itagui,Martes,8,1,0,779,2512,2511,1507,1827.2,5000,36.5,9.0,Bajo,Soleado,0
Niquia,Sabado,7,1,1,4324,2298,2286,2233,2785.2,5000,55.7,12.0,Medio,Lluvia,0
Envigado,Domingo,0,0,1,267,194,342,169,243.0,5000,4.9,4.0,Bajo,Soleado,0
Cisneros,Martes,20,0,0,1141,2017,1770,840,1442.0,5000,28.8,6.8,Bajo,Tormenta,0
Envigado,Martes,1,0,0,293,458,317,433,375.2,5000,7.5,10.7,Bajo,Lluvia,0
Suramericana,Martes,21,0,0,1516,885,607,1794,1200.5,5000,24.0,13.8,Bajo,Soleado,0
San Antonio,Martes,12,1,0,7718,5631,2458,3759,4891.5,5000,97.8,6.6,Alto,Tormenta,0
Alpujarra,Miercoles,3,0,0,1111,663,525,875,793.5,5000,15.9,14.7,Bajo,Nublado,1
Prado,Viernes,17,1,0,3240,2769,1303,3213,2631.2,5000,52.6,21.0,Medio,Lluvia,1
Acevedo,Martes,7,1,0,3262,5494,4956,6240,4988.0,5000,99.8,3.1,Alto,Tormenta,0
Niquia,Sabado,23,0,1,543,160,539,476,429.5,5000,8.6,11.4,Bajo,Tormenta,0
Acevedo,Martes,13,1,0,4060,3341,3634,7792,4706.8,5000,94.1,10.7,Alto,Soleado,0
Estadio,Domingo,17,1,1,1186,1878,1144,1086,1323.5,5000,26.5,16.6,Bajo,Nublado,0
Santa Lucia,Lunes,4,0,0,178,398,398,462,359.0,5000,7.2,11.3,Bajo,Lluvia,0
Santa Lucia,Domingo,17,1,1,1441,708,2095,1437,1420.2,5000,28.4,17.0,Bajo,Tormenta,0
Itagui,Jueves,21,0,0,930,1752,1885,1248,1453.8,5000,29.1,7.8,Bajo,Soleado,0
Estadio,Jueves,19,1,0,2695,3578,1341,1802,2354.0,5000,47.1,11.5,Bajo,Nublado,1
La Estrella,Viernes,14,1,0,2009,2805,2867,1807,2372.0,5000,47.4,17.6,Bajo,Soleado,0
Industriales,Lunes,10,0,0,1166,1661,562,2139,1382.0,5000,27.6,14.3,Bajo,Nublado,0
Aguacatala,Sabado,20,0,1,1255,598,484,754,772.8,5000,15.5,3.9,Bajo,Lluvia,0
Floresta,Sabado,7,1,1,1283,624,855,1334,1024.0,5000,20.5,19.6,Bajo,Lluvia,0
Floresta,Miercoles,3,0,0,251,608,267,595,430.2,5000,8.6,7.0,Bajo,Nublado,0
Alpujarra,Miercoles,1,0,0,679,359,774,1242,763.5,5000,15.3,10.5,Bajo,Nublado,0
Parque Berrio,Viernes,9,0,0,1322,750,959,1618,1162.2,5000,23.2,10.4,Bajo,Lluvia,1
Exposiciones,Viernes,4,0,0,510,214,397,205,331.5,5000,6.6,4.4,Bajo,Lluvia,0
Poblado,Lunes,14,1,0,7905,5173,1613,2617,4327.0,5000,86.5,19.8,Alto,Tormenta,0
Sabaneta,Lunes,3,0,0,532,357,180,419,372.0,5000,7.4,2.2,Bajo,Tormenta,0
La Estrella,Miercoles,8,1,0,1125,1005,3733,3803,2416.5,5000,48.3,5.4,Bajo,Tormenta,0
Alpujarra,Lunes,12,1,0,4261,5077,4091,6271,4925.0,5000,98.5,16.0,Alto,Soleado,0
Estadio,Domingo,12,1,1,639,1833,903,972,1086.8,5000,21.7,19.0,Bajo,Tormenta,0
Sabaneta,Sabado,17,1,1,2219,2019,835,1232,1576.2,5000,31.5,11.0,Bajo,Lluvia,0
Universidad,Domingo,7,1,1,604,948,1860,1705,1279.2,5000,25.6,8.6,Bajo,Lluvia,1
Ayura,Martes,18,1,0,2331,2816,874,1191,1803.0,5000,36.1,7.4,Bajo,Tormenta,0
Exposiciones,Jueves,16,0,0,1378,1722,1023,1177,1325.0,5000,26.5,13.0,Bajo,Nublado,0
Santa Lucia,Viernes,15,0,0,1654,1375,488,761,1069.5,5000,21.4,2.6,Bajo,Lluvia,0
Envigado,Viernes,6,1,0,2345,2960,3010,2240,2638.8,5000,52.8,8.8,Medio,Soleado,0
Estadio,Sabado,17,1,1,1269,1063,1823,804,1239.8,5000,24.8,12.0,Bajo,Nublado,0
Exposiciones,Viernes,15,0,0,1872,1202,946,845,1216.2,5000,24.3,2.1,Bajo,Nublado,0
Niquia,Miercoles,19,1,0,1959,3695,2021,5353,3257.0,5000,65.1,12.1,Medio,Tormenta,0
Aguacatala,Domingo,7,1,1,569,689,1463,1228,987.2,5000,19.7,13.2,Bajo,Nublado,0
San Javier,Martes,17,1,0,1026,3353,1887,1721,1996.8,5000,39.9,19.3,Bajo,Nublado,1
Prado,Domingo,19,1,1,2507,1492,1813,1272,1771.0,5000,35.4,13.1,Bajo,Nublado,0
San Javier,Viernes,17,1,0,1327,1637,2326,1371,1665.2,5000,33.3,3.7,Bajo,Nublado,0
Niquia,Domingo,2,0,1,212,597,504,682,498.8,5000,10.0,12.0,Bajo,Tormenta,1
Acevedo,Martes,0,0,0,758,708,325,680,617.8,5000,12.4,10.0,Bajo,Tormenta,1
Alpujarra,Miercoles,9,0,0,2585,2571,1319,3782,2564.2,5000,51.3,2.1,Medio,Nublado,0
Suramericana,Lunes,20,0,0,845,1683,620,681,957.2,5000,19.1,14.5,Bajo,Soleado,0
Estadio,Viernes,22,0,0,1388,1245,1263,1433,1332.2,5000,26.6,4.4,Bajo,Lluvia,1
Madera,Jueves,2,0,0,414,399,245,220,319.5,5000,6.4,6.7,Bajo,Soleado,1
Sabaneta,Martes,22,0,0,2165,690,1876,1395,1531.5,5000,30.6,10.9,Bajo,Soleado,0
Estadio,Sabado,10,0,1,706,1256,229,748,734.8,5000,14.7,12.3,Bajo,Soleado,0
Hospital,Domingo,8,1,1,1337,1467,1339,1304,1361.8,5000,27.2,15.3,Bajo,Nublado,0
Envigado,Sabado,18,1,1,897,1760,2657,1935,1812.2,5000,36.2,5.0,Bajo,Soleado,1
Tricentenario,Viernes,12,1,0,1062,765,2157,2229,1553.2,5000,31.1,6.9,Bajo,Lluvia,1
Niquia,Jueves,9,0,0,1584,2425,2470,870,1837.2,5000,36.7,6.4,Bajo,Lluvia,0
Cisneros,Lunes,14,1,0,3731,3110,1647,1669,2539.2,5000,50.8,10.0,Medio,Soleado,0
San Javier,Lunes,5,0,0,545,362,357,286,387.5,5000,7.8,9.4,Bajo,Lluvia,0
Industriales,Miercoles,3,0,0,316,324,468,548,414.0,5000,8.3,12.2,Bajo,Nublado,1
Universidad,Sabado,7,1,1,683,1605,2068,1370,1431.5,5000,28.6,13.6,Bajo,Soleado,0
Envigado,Miercoles,8,1,0,3005,879,2294,1700,1969.5,5000,39.4,14.1,Bajo,Soleado,0
San Antonio,Sabado,16,0,1,1467,1425,1122,528,1135.5,5000,22.7,13.2,Bajo,Soleado,0
Poblado,Martes,20,0,0,1620,2706,2026,2373,2181.2,5000,43.6,2.0,Bajo,Soleado,1
Prado,Miercoles,14,1,0,2466,3341,1091,2977,2468.8,5000,49.4,12.7,Bajo,Tormenta,0
Ayura,Viernes,2,0,0,259,749,229,308,386.2,5000,7.7,5.4,Bajo,Soleado,0
Caribe,Jueves,0,0,0,174,508,126,191,249.8,5000,5.0,9.8,Bajo,Tormenta,0
Niquia,Martes,14,1,0,2291,3847,4963,1584,3171.2,5000,63.4,11.8,Medio,Tormenta,0
Sabaneta,Domingo,14,1,1,1901,800,765,2090,1389.0,5000,27.8,7.3,Bajo,Soleado,0
La Estrella,Sabado,15,0,1,1117,764,608,737,806.5,5000,16.1,6.9,Bajo,Lluvia,0
Aguacatala,Miercoles,18,1,0,1320,1693,2215,1164,1598.0,5000,32.0,18.9,Bajo,Tormenta,0
Acevedo,Domingo,4,0,1,584,322,795,199,475.0,5000,9.5,2.2,Bajo,Lluvia,0
Cisneros,Domingo,21,0,1,1028,582,778,604,748.0,5000,15.0,10.1,Bajo,Lluvia,0
Itagui,Lunes,19,1,0,2262,2097,2174,2064,2149.2,5000,43.0,5.6,Bajo,Lluvia,0
Floresta,Jueves,19,1,0,3464,1732,1348,2517,2265.2,5000,45.3,15.4,Bajo,Nublado,0
Tricentenario,Domingo,13,1,1,605,1188,1450,927,1042.5,5000,20.8,7.0,Bajo,Tormenta,0
Cisneros,Domingo,10,0,1,452,573,280,377,420.5,5000,8.4,8.8,Bajo,Nublado,0
Estadio,Viernes,1,0,0,445,256,220,565,371.5,5000,7.4,7.1,Bajo,Nublado,0
Caribe,Domingo,13,1,1,2094,1155,486,1192,1231.8,5000,24.6,4.4,Bajo,Lluvia,0
Tricentenario,Sabado,8,1,1,736,806,1535,1578,1163.8,5000,23.3,18.3,Bajo,Lluvia,0
San Javier,Sabado,23,0,1,163,220,184,277,211.0,5000,4.2,12.8,Bajo,Nublado,0
Bello,Martes,19,1,0,2331,2548,3475,3104,2864.5,5000,57.3,19.5,Medio,Tormenta,0
Sabaneta,Sabado,19,1,1,540,1272,763,734,827.2,5000,16.5,11.4,Bajo,Tormenta,1
Suramericana,Jueves,5,0,0,329,626,265,284,376.0,5000,7.5,12.2,Bajo,Soleado,1
Industriales,Domingo,9,0,1,1231,972,810,900,978.2,5000,19.6,9.0,Bajo,Tormenta,1
Alpujarra,Lunes,21,0,0,1761,3938,3480,1268,2611.8,5000,52.2,4.1,Medio,Nublado,1
Floresta,Domingo,13,1,1,431,1016,866,960,818.2,5000,16.4,5.1,Bajo,Lluvia,0
La Estrella,Sabado,8,1,1,1704,2221,1032,684,1410.2,5000,28.2,12.4,Bajo,Lluvia,1
Industriales,Lunes,19,1,0,2031,1422,2266,1385,1776.0,5000,35.5,7.5,Bajo,Soleado,0
Itagui,Jueves,12,1,0,2473,1646,1210,1237,1641.5,5000,32.8,10.0,Bajo,Tormenta,1
Industriales,Miercoles,5,0,0,554,378,335,195,365.5,5000,7.3,11.2,Bajo,Soleado,0
Universidad,Sabado,21,0,1,908,1172,506,618,801.0,5000,16.0,5.7,Bajo,Lluvia,0
Estadio,Miercoles,11,1,0,1049,3144,2352,1199,1936.0,5000,38.7,19.0,Bajo,Soleado,0
Caribe,Miercoles,20,0,0,2238,2150,1433,417,1559.5,5000,31.2,13.0,Bajo,Nublado,1
Poblado,Jueves,3,0,0,925,920,1118,757,930.0,5000,18.6,4.0,Bajo,Tormenta,1
Santa Lucia,Domingo,23,0,1,156,210,162,330,214.5,5000,4.3,6.4,Bajo,Nublado,0
Envigado,Sabado,6,1,1,2031,800,667,1005,1125.8,5000,22.5,10.1,Bajo,Lluvia,0
San Antonio,Lunes,6,1,0,2825,2428,2904,4893,3262.5,5000,65.2,21.1,Medio,Soleado,0
Acevedo,Miercoles,8,1,0,6592,4852,6145,4239,5457.0,5000,109.1,8.5,Alto,Nublado,0
La Estrella,Miercoles,18,1,0,1807,1478,1002,2612,1724.8,5000,34.5,6.6,Bajo,Nublado,1
Estadio,Viernes,6,1,0,1265,1083,999,3635,1745.5,5000,34.9,18.9,Bajo,Soleado,0
Cisneros,Domingo,4,0,1,451,190,250,132,255.8,5000,5.1,3.1,Bajo,Tormenta,0
Caribe,Sabado,7,1,1,1596,1309,2405,986,1574.0,5000,31.5,9.8,Bajo,Soleado,0
Parque Berrio,Miercoles,19,1,0,1515,2172,2646,2212,2136.2,5000,42.7,5.8,Bajo,Tormenta,0
Ayura,Lunes,17,1,0,1230,3686,1607,2557,2270.0,5000,45.4,6.2,Bajo,Lluvia,1
Envigado,Jueves,3,0,0,294,722,407,474,474.2,5000,9.5,3.9,Bajo,Lluvia,0
San Javier,Lunes,1,0,0,308,209,137,153,201.8,5000,4.0,3.4,Bajo,Soleado,1
Bello,Martes,0,0,0,726,529,367,336,489.5,5000,9.8,6.9,Bajo,Soleado,1
Floresta,Jueves,4,0,0,571,601,199,449,455.0,5000,9.1,14.6,Bajo,Tormenta,0
Itagui,Miercoles,16,0,0,726,1406,1585,1455,1293.0,5000,25.9,13.3,Bajo,Lluvia,0
San Javier,Sabado,12,1,1,1234,1576,2435,1739,1746.0,5000,34.9,8.6,Bajo,Lluvia,0
San Javier,Martes,9,0,0,768,2023,1457,1021,1317.2,5000,26.3,7.5,Bajo,Lluvia,0
Acevedo,Domingo,13,1,1,1857,2781,3851,2703,2798.0,5000,56.0,9.7,Medio,Nublado,0
Cisneros,Lunes,2,0,0,623,197,225,611,414.0,5000,8.3,9.2,Bajo,Lluvia,0
Exposiciones,Domingo,9,0,1,2618,2330,2549,1652,2287.2,5000,45.7,5.8,Bajo,Tormenta,0
Industriales,Miercoles,7,1,0,1844,1296,2572,3049,2190.2,5000,43.8,3.2,Bajo,Soleado,0
Tricentenario,Sabado,2,0,1,190,139,184,120,158.2,5000,3.2,10.2,Bajo,Soleado,0
Floresta,Domingo,14,1,1,836,1410,1205,679,1032.5,5000,20.6,17.2,Bajo,Nublado,1
Alpujarra,Jueves,20,0,0,2465,2253,1047,1782,1886.8,5000,37.7,10.8,Bajo,Nublado,1
Envigado,Domingo,11,1,1,2118,1841,1224,1738,1730.2,5000,34.6,15.4,Bajo,Lluvia,0
Hospital,Viernes,16,0,0,1751,1167,1362,2036,1579.0,5000,31.6,6.0,Bajo,Soleado,1
Parque Berrio,Domingo,2,0,1,798,302,503,474,519.2,5000,10.4,7.6,Bajo,Soleado,0
Aguacatala,Jueves,10,0,0,1265,756,696,1403,1030.0,5000,20.6,6.9,Bajo,Nublado,0
Hospital,Lunes,15,0,0,1779,1895,1009,1112,1448.8,5000,29.0,12.3,Bajo,Soleado,0
Floresta,Miercoles,14,1,0,2809,2036,1060,1409,1828.5,5000,36.6,11.9,Bajo,Soleado,0
Niquia,Lunes,21,0,0,3187,1234,3549,2476,2611.5,5000,52.2,3.4,Medio,Lluvia,1
Floresta,Miercoles,4,0,0,297,206,273,738,378.5,5000,7.6,3.2,Bajo,Soleado,0
Estadio,Jueves,20,0,0,1095,1630,764,727,1054.0,5000,21.1,3.5,Bajo,Lluvia,0
Suramericana,Martes,7,1,0,1878,3385,3441,1390,2523.5,5000,50.5,11.2,Medio,Soleado,0
Poblado,Jueves,0,0,0,1155,1354,723,644,969.0,5000,19.4,3.6,Bajo,Nublado,1
Hospital,Miercoles,23,0,0,448,335,267,335,346.2,5000,6.9,7.0,Bajo,Soleado,0
Parque Berrio,Martes,5,0,0,371,406,342,354,368.2,5000,7.4,12.9,Bajo,Lluvia,0
Parque Berrio,Jueves,13,1,0,3553,2148,962,2626,2322.2,5000,46.4,11.2,Bajo,Soleado,1
Itagui,Domingo,22,0,1,403,1031,845,663,735.5,5000,14.7,12.9,Bajo,Nublado,0
Suramericana,Lunes,18,1,0,1541,2559,1837,2145,2020.5,5000,40.4,5.4,Bajo,Soleado,1
Industriales,Miercoles,12,1,0,1217,3573,3098,2863,2687.8,5000,53.8,11.2,Medio,Tormenta,0
Tricentenario,Lunes,7,1,0,2574,1504,1558,1922,1889.5,5000,37.8,12.2,Bajo,Nublado,1
San Antonio,Domingo,12,1,1,3094,2222,2748,4179,3060.8,5000,61.2,6.7,Medio,Lluvia,1
Envigado,Sabado,7,1,1,814,1787,680,1096,1094.2,5000,21.9,8.5,Bajo,Soleado,0
Poblado,Miercoles,4,0,0,357,691,722,853,655.8,5000,13.1,4.3,Bajo,Tormenta,0
La Estrella,Domingo,7,1,1,1952,1531,916,985,1346.0,5000,26.9,15.2,Bajo,Nublado,1
Bello,Miercoles,22,0,0,1692,1075,848,483,1024.5,5000,20.5,13.5,Bajo,Tormenta,0
Universidad,Viernes,4,0,0,392,185,575,462,403.5,5000,8.1,9.7,Bajo,Soleado,0
Hospital,Domingo,1,0,1,128,125,271,107,157.8,5000,3.2,10.9,Bajo,Lluvia,0
Universidad,Lunes,4,0,0,510,214,185,230,284.8,5000,5.7,5.9,Bajo,Tormenta,0
Parque Berrio,Miercoles,3,0,0,465,274,221,451,352.8,5000,7.1,14.8,Bajo,Lluvia,0
Alpujarra,Lunes,6,1,0,1945,2664,3751,6600,3740.0,5000,74.8,5.2,Medio,Nublado,0
Hospital,Miercoles,13,1,0,1272,1486,2882,3574,2303.5,5000,46.1,15.9,Bajo,Lluvia,0
Envigado,Lunes,9,0,0,833,835,900,1080,912.0,5000,18.2,3.8,Bajo,Nublado,0
Suramericana,Jueves,9,0,0,2000,1902,981,696,1394.8,5000,27.9,6.6,Bajo,Soleado,0
Poblado,Martes,6,1,0,8336,5908,6057,7477,6944.5,5000,138.9,20.7,Alto,Tormenta,0
Acevedo,Sabado,16,0,1,1882,1230,1085,1189,1346.5,5000,26.9,11.6,Bajo,Lluvia,1
Caribe,Jueves,4,0,0,342,193,344,161,260.0,5000,5.2,12.6,Bajo,Tormenta,0
Hospital,Miercoles,18,1,0,1338,2712,4354,2052,2614.0,5000,52.3,7.2,Medio,Lluvia,0
Floresta,Viernes,19,1,0,3097,952,1463,1920,1858.0,5000,37.2,20.9,Bajo,Lluvia,0
Niquia,Jueves,20,0,0,1220,1338,924,3931,1853.2,5000,37.1,11.8,Bajo,Tormenta,0
Acevedo,Miercoles,16,0,0,2977,1805,3224,1271,2319.2,5000,46.4,8.7,Bajo,Soleado,0
Caribe,Miercoles,12,1,0,2310,1153,723,2845,1757.8,5000,35.2,17.3,Bajo,Soleado,0
Cisneros,Viernes,19,1,0,3117,1972,907,1484,1870.0,5000,37.4,4.5,Bajo,Nublado,0
Sabaneta,Jueves,3,0,0,427,287,509,203,356.5,5000,7.1,11.2,Bajo,Tormenta,0
Prado,Miercoles,15,0,0,1102,1266,882,1020,1067.5,5000,21.3,7.5,Bajo,Nublado,1
San Javier,Viernes,23,0,0,157,454,374,275,315.0,5000,6.3,8.8,Bajo,Soleado,0
Santa Lucia,Miercoles,21,0,0,1618,1557,2274,1411,1715.0,5000,34.3,7.9,Bajo,Lluvia,0
Aguacatala,Domingo,15,0,1,1038,452,567,594,662.8,5000,13.3,6.2,Bajo,Lluvia,1
Parque Berrio,Martes,3,0,0,417,126,402,357,325.5,5000,6.5,4.4,Bajo,Soleado,0
Bello,Lunes,5,0,0,566,279,405,351,400.2,5000,8.0,4.6,Bajo,Soleado,1
Industriales,Lunes,10,0,0,1265,750,1662,991,1167.0,5000,23.3,13.1,Bajo,Soleado,0
Poblado,Martes,15,0,0,3226,853,1584,2313,1994.0,5000,39.9,5.6,Bajo,Nublado,0
Suramericana,Domingo,10,0,1,345,1298,1172,580,848.8,5000,17.0,2.3,Bajo,Tormenta,0
Prado,Jueves,1,0,0,133,338,635,467,393.2,5000,7.9,4.9,Bajo,Tormenta,0
Sabaneta,Sabado,9,0,1,597,586,527,958,667.0,5000,13.3,10.9,Bajo,Nublado,1
Itagui,Domingo,18,1,1,1533,1188,1336,1157,1303.5,5000,26.1,12.2,Bajo,Nublado,0
Floresta,Jueves,10,0,0,1766,1377,1518,1201,1465.5,5000,29.3,7.9,Bajo,Soleado,0
Bello,Domingo,23,0,1,180,164,240,228,203.0,5000,4.1,10.8,Bajo,Lluvia,0
Santa Lucia,Jueves,4,0,0,475,467,630,534,526.5,5000,10.5,12.1,Bajo,Tormenta,0
Aguacatala,Sabado,23,0,1,159,128,118,150,138.8,5000,2.8,11.4,Bajo,Lluvia,1
Hospital,Domingo,5,0,1,133,131,78,194,134.0,5000,2.7,7.1,Bajo,Nublado,0
Bello,Martes,18,1,0,1209,1478,1740,3797,2056.0,5000,41.1,3.7,Bajo,Tormenta,0
Santa Lucia,Lunes,8,1,0,2675,2109,2533,1160,2119.2,5000,42.4,16.8,Bajo,Nublado,0
Envigado,Viernes,15,0,0,570,1230,1917,1446,1290.8,5000,25.8,4.0,Bajo,Nublado,1
Bello,Jueves,16,0,0,813,650,1151,1470,1021.0,5000,20.4,10.3,Bajo,Tormenta,0
Hospital,Miercoles,2,0,0,453,463,654,486,514.0,5000,10.3,6.9,Bajo,Soleado,0
Acevedo,Viernes,12,1,0,4589,2121,3105,2383,3049.5,5000,61.0,17.8,Medio,Nublado,1
Madera,Viernes,20,0,0,1477,556,1178,706,979.2,5000,19.6,6.7,Bajo,Lluvia,0
San Antonio,Jueves,19,1,0,3433,2213,8059,4985,4672.5,5000,93.5,3.3,Alto,Tormenta,0
Tricentenario,Jueves,19,1,0,1721,2977,1937,2375,2252.5,5000,45.1,3.9,Bajo,Soleado,0
Exposiciones,Domingo,0,0,1,340,957,337,543,544.2,5000,10.9,4.1,Bajo,Lluvia,0
Hospital,Sabado,22,0,1,1479,570,928,669,911.5,5000,18.2,12.3,Bajo,Tormenta,1
Santa Lucia,Lunes,3,0,0,241,365,214,633,363.2,5000,7.3,14.0,Bajo,Nublado,0
Sabaneta,Sabado,15,0,1,715,1142,592,1357,951.5,5000,19.0,11.3,Bajo,Tormenta,0
Suramericana,Sabado,18,1,1,2224,499,684,696,1025.8,5000,20.5,4.4,Bajo,Soleado,0
Industriales,Miercoles,6,1,0,3391,2627,2460,2438,2729.0,5000,54.6,6.9,Medio,Nublado,0
Santa Lucia,Miercoles,5,0,0,509,251,346,249,338.8,5000,6.8,3.0,Bajo,Nublado,0
Bello,Sabado,8,1,1,1029,1194,1823,1510,1389.0,5000,27.8,19.7,Bajo,Nublado,0
Exposiciones,Lunes,19,1,0,2954,1940,2948,3047,2722.2,5000,54.4,14.0,Medio,Tormenta,0
Acevedo,Sabado,22,0,1,1591,1718,527,1320,1289.0,5000,25.8,5.6,Bajo,Nublado,0
Sabaneta,Martes,9,0,0,1332,1211,1918,736,1299.2,5000,26.0,3.1,Bajo,Nublado,1
Exposiciones,Sabado,2,0,1,840,500,788,277,601.2,5000,12.0,10.0,Bajo,Soleado,1
Industriales,Viernes,5,0,0,480,185,138,226,257.2,5000,5.1,2.8,Bajo,Soleado,0
Parque Berrio,Miercoles,15,0,0,558,1750,1138,1460,1226.5,5000,24.5,10.1,Bajo,Tormenta,0
Niquia,Jueves,14,1,0,4541,2117,7358,5811,4956.8,5000,99.1,17.1,Alto,Tormenta,1
Universidad,Domingo,22,0,1,429,862,375,918,646.0,5000,12.9,6.2,Bajo,Lluvia,0
Cisneros,Sabado,3,0,1,103,298,112,186,174.8,5000,3.5,2.8,Bajo,Tormenta,0
Floresta,Viernes,19,1,0,1874,1348,3393,2146,2190.2,5000,43.8,20.3,Bajo,Tormenta,0
Itagui,Sabado,16,0,1,771,627,722,427,636.8,5000,12.7,11.8,Bajo,Tormenta,0
Parque Berrio,Martes,4,0,0,224,240,197,650,327.8,5000,6.6,12.3,Bajo,Soleado,1
Suramericana,Martes,16,0,0,1107,1164,1428,1349,1262.0,5000,25.2,3.8,Bajo,Tormenta,1
Santa Lucia,Jueves,3,0,0,350,355,166,410,320.2,5000,6.4,12.2,Bajo,Lluvia,1
Universidad,Miercoles,0,0,0,370,223,433,447,368.2,5000,7.4,8.1,Bajo,Lluvia,0
Universidad,Domingo,19,1,1,1416,1605,2469,1401,1722.8,5000,34.5,19.0,Bajo,Nublado,0
San Javier,Martes,23,0,0,328,430,409,551,429.5,5000,8.6,13.2,Bajo,Nublado,0
Floresta,Lunes,19,1,0,1333,1878,1350,1523,1521.0,5000,30.4,13.6,Bajo,Tormenta,1
Prado,Domingo,17,1,1,2511,1889,2581,1778,2189.8,5000,43.8,10.8,Bajo,Lluvia,0
Acevedo,Lunes,15,0,0,1059,3232,1151,2272,1928.5,5000,38.6,13.3,Bajo,Tormenta,0
Suramericana,Miercoles,20,0,0,1052,1507,641,1341,1135.2,5000,22.7,5.6,Bajo,Nublado,1
Madera,Viernes,10,0,0,1540,1039,1312,1426,1329.2,5000,26.6,2.8,Bajo,Soleado,0
La Estrella,Domingo,3,0,1,216,113,317,168,203.5,5000,4.1,3.3,Bajo,Lluvia,0
Ayura,Viernes,23,0,0,630,156,441,323,387.5,5000,7.8,9.5,Bajo,Nublado,1
Universidad,Viernes,22,0,0,1097,1518,720,1402,1184.2,5000,23.7,11.0,Bajo,Lluvia,0
Alpujarra,Miercoles,15,0,0,1173,909,1256,1415,1188.2,5000,23.8,7.6,Bajo,Lluvia,1
Aguacatala,Sabado,15,0,1,471,279,821,813,596.0,5000,11.9,6.5,Bajo,Lluvia,1
Sabaneta,Lunes,23,0,0,237,420,496,519,418.0,5000,8.4,3.2,Bajo,Nublado,0
Universidad,Sabado,5,0,1,374,278,329,284,316.2,5000,6.3,9.6,Bajo,Tormenta,0
Sabaneta,Jueves,20,0,0,1401,1567,704,1183,1213.8,5000,24.3,6.9,Bajo,Soleado,1
Madera,Miercoles,16,0,0,1621,1931,1204,586,1335.5,5000,26.7,5.4,Bajo,Lluvia,0
Sabaneta,Sabado,8,1,1,623,1256,1435,1676,1247.5,5000,24.9,18.9,Bajo,Lluvia,0
Exposiciones,Martes,12,1,0,2729,865,1835,1037,1616.5,5000,32.3,10.2,Bajo,Soleado,0
Aguacatala,Miercoles,0,0,0,281,371,153,447,313.0,5000,6.3,7.8,Bajo,Soleado,0
Hospital,Miercoles,23,0,0,482,271,475,429,414.2,5000,8.3,5.3,Bajo,Tormenta,0
Universidad,Jueves,18,1,0,2826,1975,3315,2251,2591.8,5000,51.8,4.9,Medio,Tormenta,1
Parque Berrio,Viernes,8,1,0,1489,2583,3629,676,2094.2,5000,41.9,3.2,Bajo,Lluvia,0
Alpujarra,Jueves,7,1,0,9234,1810,5365,3795,5051.0,5000,101.0,21.0,Alto,Tormenta,1
Niquia,Miercoles,22,0,0,2083,1233,3763,1541,2155.0,5000,43.1,6.7,Bajo,Tormenta,0
Estadio,Sabado,4,0,1,145,148,119,168,145.0,5000,2.9,14.2,Bajo,Soleado,0
Estadio,Miercoles,1,0,0,532,258,254,291,333.8,5000,6.7,2.2,Bajo,Nublado,1
La Estrella,Miercoles,8,1,0,3938,1728,2942,4325,3233.2,5000,64.7,5.5,Medio,Soleado,1
Tricentenario,Sabado,17,1,1,1284,2533,1030,779,1406.5,5000,28.1,6.8,Bajo,Tormenta,0
Suramericana,Jueves,4,0,0,145,419,348,125,259.2,5000,5.2,6.6,Bajo,Lluvia,1
Estadio,Sabado,12,1,1,1691,1133,712,662,1049.5,5000,21.0,20.2,Bajo,Lluvia,0
Envigado,Lunes,21,0,0,1045,542,1094,1698,1094.8,5000,21.9,5.4,Bajo,Nublado,0
Parque Berrio,Lunes,12,1,0,2490,3927,3440,2575,3108.0,5000,62.2,18.0,Medio,Tormenta,1
Caribe,Miercoles,13,1,0,3814,2272,2948,1636,2667.5,5000,53.3,20.8,Medio,Nublado,0
Santa Lucia,Domingo,15,0,1,442,507,721,398,517.0,5000,10.3,12.4,Bajo,Nublado,0
Alpujarra,Lunes,9,0,0,3872,2764,1547,3570,2938.2,5000,58.8,14.9,Medio,Soleado,0
Acevedo,Miercoles,5,0,0,734,1126,347,451,664.5,5000,13.3,2.4,Bajo,Nublado,0
Envigado,Lunes,7,1,0,1095,2248,2378,3269,2247.5,5000,45.0,20.0,Bajo,Soleado,1
Caribe,Sabado,15,0,1,456,406,1229,1076,791.8,5000,15.8,4.2,Bajo,Soleado,0
Prado,Sabado,12,1,1,2310,1066,1382,777,1383.8,5000,27.7,12.6,Bajo,Nublado,0
Parque Berrio,Miercoles,4,0,0,284,368,229,170,262.8,5000,5.3,13.5,Bajo,Soleado,0
Envigado,Miercoles,20,0,0,731,724,1034,2109,1149.5,5000,23.0,4.5,Bajo,Soleado,0
Aguacatala,Martes,12,1,0,2966,2292,2002,2134,2348.5,5000,47.0,21.1,Bajo,Lluvia,0
Parque Berrio,Domingo,12,1,1,3029,2218,3111,3075,2858.2,5000,57.2,21.0,Medio,Soleado,0
Cisneros,Sabado,14,1,1,852,1934,1295,588,1167.2,5000,23.3,21.1,Bajo,Soleado,0
Universidad,Miercoles,12,1,0,1060,1007,1571,1069,1176.8,5000,23.5,22.3,Bajo,Lluvia,0
Hospital,Jueves,23,0,0,258,388,383,553,395.5,5000,7.9,11.1,Bajo,Nublado,0
Sabaneta,Sabado,1,0,1,244,280,351,223,274.5,5000,5.5,14.5,Bajo,Soleado,0
Ayura,Miercoles,21,0,0,866,1388,2054,780,1272.0,5000,25.4,5.0,Bajo,Nublado,0
Aguacatala,Viernes,13,1,0,2082,1368,1203,2402,1763.8,5000,35.3,13.4,Bajo,Soleado,0
Niquia,Viernes,10,0,0,4609,1340,3104,1973,2756.5,5000,55.1,13.0,Medio,Lluvia,0
San Javier,Martes,13,1,0,817,3249,1028,3047,2035.2,5000,40.7,12.4,Bajo,Lluvia,1
Suramericana,Domingo,12,1,1,922,949,1309,1203,1095.8,5000,21.9,14.0,Bajo,Nublado,0
Floresta,Jueves,10,0,0,393,1799,1600,1038,1207.5,5000,24.1,9.6,Bajo,Lluvia,1
San Antonio,Lunes,3,0,0,336,822,467,1140,691.2,5000,13.8,6.1,Bajo,Tormenta,1
Universidad,Lunes,3,0,0,139,359,252,229,244.8,5000,4.9,15.0,Bajo,Soleado,0
Prado,Domingo,19,1,1,1513,508,2266,1242,1382.2,5000,27.6,4.1,Bajo,Nublado,0
Parque Berrio,Lunes,10,0,0,1362,1774,1538,662,1334.0,5000,26.7,14.7,Bajo,Soleado,0
Alpujarra,Martes,18,1,0,3040,6543,6169,3662,4853.5,5000,97.1,19.5,Alto,Tormenta,0
Envigado,Viernes,12,1,0,3942,3459,1886,3221,3127.0,5000,62.5,15.4,Medio,Nublado,1
Acevedo,Martes,2,0,0,1018,1108,513,776,853.8,5000,17.1,5.6,Bajo,Nublado,0
Floresta,Domingo,5,0,1,355,291,326,160,283.0,5000,5.7,5.4,Bajo,Lluvia,1
Bello,Jueves,21,0,0,1345,749,727,1773,1148.5,5000,23.0,12.5,Bajo,Lluvia,0
Tricentenario,Martes,8,1,0,2910,2549,1448,3587,2623.5,5000,52.5,15.5,Medio,Soleado,0
Floresta,Jueves,17,1,0,4103,3219,1136,2070,2632.0,5000,52.6,21.2,Medio,Nublado,1
Itagui,Martes,11,1,0,1037,2579,2452,1488,1889.0,5000,37.8,7.1,Bajo,Tormenta,1
Suramericana,Viernes,9,0,0,1052,1319,1551,672,1148.5,5000,23.0,6.8,Bajo,Tormenta,0
Suramericana,Lunes,17,1,0,1359,1423,1028,654,1116.0,5000,22.3,6.7,Bajo,Soleado,1
Suramericana,Miercoles,5,0,0,451,710,336,297,448.5,5000,9.0,12.0,Bajo,Lluvia,1
Itagui,Miercoles,14,1,0,2459,1609,3537,1006,2152.8,5000,43.1,14.0,Bajo,Soleado,0
Poblado,Viernes,11,1,0,3750,2183,3718,4430,3520.2,5000,70.4,3.4,Medio,Nublado,0
Caribe,Domingo,0,0,1,147,279,201,148,193.8,5000,3.9,14.5,Bajo,Nublado,0
Madera,Jueves,2,0,0,150,501,168,502,330.2,5000,6.6,14.0,Bajo,Tormenta,1
Suramericana,Jueves,19,1,0,2025,1403,796,2706,1732.5,5000,34.6,16.2,Bajo,Nublado,1
Niquia,Sabado,17,1,1,1452,2089,3037,2728,2326.5,5000,46.5,16.0,Bajo,Lluvia,0
Tricentenario,Domingo,19,1,1,2129,1831,1755,1389,1776.0,5000,35.5,3.6,Bajo,Tormenta,1
Itagui,Miercoles,2,0,0,388,312,177,483,340.0,5000,6.8,11.8,Bajo,Tormenta,0
Estadio,Domingo,9,0,1,1386,1506,858,966,1179.0,5000,23.6,2.3,Bajo,Lluvia,0
Exposiciones,Miercoles,11,1,0,3724,2020,1518,2933,2548.8,5000,51.0,6.9,Medio,Soleado,0
Madera,Viernes,4,0,0,385,619,303,543,462.5,5000,9.2,4.3,Bajo,Soleado,0
Industriales,Domingo,13,1,1,1426,1863,762,1450,1375.2,5000,27.5,12.0,Bajo,Lluvia,1
Alpujarra,Lunes,6,1,0,4291,1699,5486,3547,3755.8,5000,75.1,16.6,Medio,Tormenta,1
Suramericana,Viernes,2,0,0,479,158,396,516,387.2,5000,7.7,2.4,Bajo,Nublado,1
San Antonio,Jueves,23,0,0,401,448,332,890,517.8,5000,10.4,13.2,Bajo,Nublado,0
Ayura,Lunes,4,0,0,163,503,269,428,340.8,5000,6.8,12.9,Bajo,Tormenta,0
Caribe,Martes,13,1,0,3173,936,3778,3024,2727.8,5000,54.6,4.0,Medio,Tormenta,0
Poblado,Lunes,5,0,0,914,1043,1256,649,965.5,5000,19.3,5.3,Bajo,Soleado,0
Caribe,Jueves,16,0,0,867,1226,757,475,831.2,5000,16.6,8.2,Bajo,Nublado,1
Aguacatala,Lunes,16,0,0,861,2420,1736,2372,1847.2,5000,36.9,8.6,Bajo,Soleado,0
Caribe,Sabado,17,1,1,1852,804,1827,1687,1542.5,5000,30.9,16.5,Bajo,Soleado,0
Parque Berrio,Miercoles,20,0,0,1089,1117,1546,1017,1192.2,5000,23.8,14.9,Bajo,Nublado,0
Aguacatala,Viernes,11,1,0,2659,1793,2373,2314,2284.8,5000,45.7,8.2,Bajo,Soleado,0
Hospital,Domingo,3,0,1,158,291,132,337,229.5,5000,4.6,14.0,Bajo,Lluvia,0
Envigado,Jueves,7,1,0,2465,2382,1566,1212,1906.2,5000,38.1,15.9,Bajo,Tormenta,0
San Javier,Miercoles,12,1,0,1527,2805,2790,2459,2395.2,5000,47.9,11.9,Bajo,Lluvia,1
Acevedo,Miercoles,20,0,0,2663,2269,3102,1518,2388.0,5000,47.8,5.9,Bajo,Soleado,0
La Estrella,Miercoles,0,0,0,141,578,623,415,439.2,5000,8.8,11.8,Bajo,Nublado,0
Ayura,Jueves,2,0,0,567,488,468,235,439.5,5000,8.8,2.4,Bajo,Lluvia,1
Sabaneta,Jueves,17,1,0,953,1881,2773,2123,1932.5,5000,38.6,6.7,Bajo,Soleado,0
Prado,Lunes,3,0,0,419,463,395,667,486.0,5000,9.7,8.2,Bajo,Tormenta,1
Prado,Miercoles,12,1,0,1134,2654,2480,816,1771.0,5000,35.4,15.6,Bajo,Soleado,0
Bello,Domingo,16,0,1,1028,1077,479,480,766.0,5000,15.3,2.1,Bajo,Tormenta,1
Niquia,Viernes,1,0,0,541,615,1308,644,777.0,5000,15.5,6.5,Bajo,Lluvia,0
Bello,Viernes,20,0,0,637,1897,870,1353,1189.2,5000,23.8,2.2,Bajo,Soleado,0
Sabaneta,Miercoles,10,0,0,544,1670,2317,1252,1445.8,5000,28.9,4.0,Bajo,Tormenta,0
La Estrella,Jueves,6,1,0,810,2102,2359,1314,1646.2,5000,32.9,20.8,Bajo,Tormenta,0
Acevedo,Martes,22,0,0,4128,2494,3718,4577,3729.2,5000,74.6,5.5,Medio,Soleado,1
La Estrella,Viernes,18,1,0,3134,1255,1930,1686,2001.2,5000,40.0,15.4,Bajo,Soleado,0
San Javier,Sabado,11,1,1,1432,789,1569,403,1048.2,5000,21.0,16.2,Bajo,Soleado,1
Universidad,Martes,7,1,0,2241,939,1551,2743,1868.5,5000,37.4,7.5,Bajo,Nublado,0
San Antonio,Lunes,1,0,0,585,620,1125,1335,916.2,5000,18.3,12.7,Bajo,Lluvia,0
Alpujarra,Domingo,7,1,1,2063,2064,3337,1446,2227.5,5000,44.5,10.6,Bajo,Lluvia,0
Prado,Jueves,17,1,0,3779,2142,1609,2203,2433.2,5000,48.7,5.2,Bajo,Lluvia,0
Suramericana,Viernes,20,0,0,1148,1290,2151,1157,1436.5,5000,28.7,12.7,Bajo,Soleado,0
Universidad,Miercoles,20,0,0,880,2194,459,1081,1153.5,5000,23.1,9.1,Bajo,Tormenta,0
Itagui,Miercoles,11,1,0,1954,3254,2303,1814,2331.2,5000,46.6,6.7,Bajo,Nublado,0
Hospital,Viernes,23,0,0,175,305,590,444,378.5,5000,7.6,13.9,Bajo,Lluvia,0
Ayura,Sabado,13,1,1,1351,859,2362,1426,1499.5,5000,30.0,20.1,Bajo,Tormenta,0
Bello,Miercoles,3,0,0,192,603,608,234,409.2,5000,8.2,10.2,Bajo,Tormenta,0
Prado,Jueves,16,0,0,707,1101,819,1951,1144.5,5000,22.9,13.6,Bajo,Soleado,0
Cisneros,Lunes,8,1,0,2470,3464,3517,2956,3101.8,5000,62.0,10.2,Medio,Tormenta,0
San Antonio,Miercoles,3,0,0,454,502,965,353,568.5,5000,11.4,2.3,Bajo,Nublado,0
Bello,Martes,10,0,0,1821,685,868,742,1029.0,5000,20.6,10.1,Bajo,Tormenta,0
Industriales,Lunes,22,0,0,854,1268,1780,1406,1327.0,5000,26.5,4.4,Bajo,Soleado,0
Estadio,Sabado,20,0,1,1067,609,630,1023,832.2,5000,16.6,4.7,Bajo,Tormenta,0
Acevedo,Sabado,21,0,1,2340,1114,1941,2485,1970.0,5000,39.4,11.8,Bajo,Lluvia,0
Envigado,Miercoles,18,1,0,2660,2093,1084,2908,2186.2,5000,43.7,8.4,Bajo,Soleado,1
Caribe,Viernes,9,0,0,1427,1734,1379,762,1325.5,5000,26.5,8.4,Bajo,Lluvia,0
Estadio,Jueves,4,0,0,251,239,609,266,341.2,5000,6.8,10.2,Bajo,Lluvia,0
Bello,Viernes,14,1,0,1608,1920,3073,2405,2251.5,5000,45.0,16.6,Bajo,Nublado,1
Madera,Sabado,11,1,1,1632,741,1901,1703,1494.2,5000,29.9,16.4,Bajo,Tormenta,0
Bello,Sabado,2,0,1,286,102,315,126,207.2,5000,4.1,14.1,Bajo,Tormenta,0
San Javier,Miercoles,9,0,0,873,652,1484,1298,1076.8,5000,21.5,13.2,Bajo,Tormenta,1
Industriales,Sabado,14,1,1,1033,1568,683,620,976.0,5000,19.5,5.0,Bajo,Lluvia,0
Floresta,Jueves,7,1,0,1588,3050,1002,2834,2118.5,5000,42.4,21.9,Bajo,Soleado,0
Prado,Viernes,6,1,0,1391,2857,2569,2428,2311.2,5000,46.2,21.9,Bajo,Lluvia,1
Exposiciones,Domingo,15,0,1,2187,1286,1897,982,1588.0,5000,31.8,5.0,Bajo,Nublado,0
Prado,Domingo,4,0,1,236,264,85,239,206.0,5000,4.1,13.9,Bajo,Tormenta,0
Floresta,Domingo,21,0,1,1025,626,461,873,746.2,5000,14.9,4.0,Bajo,Soleado,0
Santa Lucia,Jueves,13,1,0,1590,3759,2290,1175,2203.5,5000,44.1,11.9,Bajo,Tormenta,1
San Javier,Sabado,6,1,1,649,1740,1447,555,1097.8,5000,22.0,16.3,Bajo,Tormenta,1
Universidad,Lunes,5,0,0,502,708,498,484,548.0,5000,11.0,10.6,Bajo,Soleado,0
Cisneros,Martes,19,1,0,3211,1027,2455,1630,2080.8,5000,41.6,13.9,Bajo,Lluvia,0
Acevedo,Martes,11,1,0,2347,5172,3447,4233,3799.8,5000,76.0,12.9,Medio,Soleado,0
Envigado,Sabado,0,0,1,175,166,300,69,177.5,5000,3.5,11.8,Bajo,Soleado,0
Industriales,Viernes,7,1,0,816,2390,2048,3713,2241.8,5000,44.8,20.2,Bajo,Nublado,0
Tricentenario,Viernes,0,0,0,324,406,342,299,342.8,5000,6.9,12.8,Bajo,Soleado,0
Acevedo,Martes,10,0,0,4213,4343,3147,892,3148.8,5000,63.0,10.8,Medio,Soleado,0
Universidad,Martes,14,1,0,1151,1193,1037,4346,1931.8,5000,38.6,5.0,Bajo,Tormenta,0
San Antonio,Viernes,11,1,0,3322,5131,2523,2889,3466.2,5000,69.3,18.5,Medio,Tormenta,0
San Antonio,Jueves,10,0,0,1874,3054,2300,2708,2484.0,5000,49.7,12.9,Bajo,Nublado,1
Tricentenario,Sabado,18,1,1,1137,2180,1463,1804,1646.0,5000,32.9,3.3,Bajo,Lluvia,0
Estadio,Jueves,1,0,0,326,480,361,473,410.0,5000,8.2,8.2,Bajo,Soleado,0
Alpujarra,Jueves,15,0,0,1971,3618,2834,2057,2620.0,5000,52.4,8.3,Medio,Soleado,0
San Antonio,Domingo,13,1,1,2851,2892,3173,4182,3274.5,5000,65.5,6.7,Medio,Tormenta,0
Poblado,Lunes,3,0,0,1008,1087,571,521,796.8,5000,15.9,12.2,Bajo,Nublado,0
Acevedo,Martes,8,1,0,4392,4637,6109,4538,4919.0,5000,98.4,18.3,Alto,Tormenta,0
Parque Berrio,Jueves,21,0,0,1883,1613,468,1399,1340.8,5000,26.8,9.6,Bajo,Lluvia,0
Prado,Lunes,16,0,0,468,2076,488,1302,1083.5,5000,21.7,13.1,Bajo,Tormenta,1
Tricentenario,Domingo,0,0,1,245,183,79,245,188.0,5000,3.8,4.8,Bajo,Lluvia,0
Envigado,Martes,5,0,0,324,268,438,183,303.2,5000,6.1,4.2,Bajo,Tormenta,0
Suramericana,Viernes,14,1,0,1990,2395,2003,2597,2246.2,5000,44.9,10.5,Bajo,Soleado,0
Exposiciones,Sabado,16,0,1,1588,2048,1467,2549,1913.0,5000,38.3,14.6,Bajo,Tormenta,0
Itagui,Domingo,14,1,1,1638,705,1690,1778,1452.8,5000,29.1,9.0,Bajo,Soleado,0
Envigado,Sabado,12,1,1,1233,2373,1373,2006,1746.2,5000,34.9,7.1,Bajo,Nublado,0
Envigado,Martes,7,1,0,1713,1092,2289,4074,2292.0,5000,45.8,21.3,Bajo,Soleado,0
Santa Lucia,Miercoles,3,0,0,472,450,322,261,376.2,5000,7.5,13.2,Bajo,Nublado,0
Parque Berrio,Miercoles,3,0,0,154,290,265,680,347.2,5000,6.9,12.8,Bajo,Tormenta,0
Acevedo,Jueves,17,1,0,4039,4421,6285,4322,4766.8,5000,95.3,3.2,Alto,Tormenta,1
Sabaneta,Sabado,1,0,1,153,287,173,452,266.2,5000,5.3,11.9,Bajo,Tormenta,1
Caribe,Miercoles,0,0,0,268,239,254,315,269.0,5000,5.4,14.0,Bajo,Soleado,1
Alpujarra,Lunes,12,1,0,3883,3128,4613,8426,5012.5,5000,100.2,19.4,Alto,Lluvia,1
San Javier,Viernes,22,0,0,413,658,1345,1227,910.8,5000,18.2,8.6,Bajo,Nublado,0
Acevedo,Miercoles,6,1,0,4186,2072,8292,2679,4307.2,5000,86.1,14.5,Alto,Soleado,0
Santa Lucia,Viernes,7,1,0,1387,1122,3562,3204,2318.8,5000,46.4,15.0,Bajo,Soleado,0
Suramericana,Sabado,14,1,1,2053,1856,646,1472,1506.8,5000,30.1,11.2,Bajo,Nublado,1
Prado,Sabado,20,0,1,439,425,1036,676,644.0,5000,12.9,14.6,Bajo,Soleado,0
Itagui,Viernes,1,0,0,443,365,197,373,344.5,5000,6.9,7.7,Bajo,Nublado,0
San Javier,Domingo,6,1,1,1515,1121,1863,1744,1560.8,5000,31.2,11.4,Bajo,Lluvia,0
Universidad,Domingo,11,1,1,1049,1514,683,811,1014.2,5000,20.3,21.8,Bajo,Lluvia,0
Sabaneta,Lunes,1,0,0,168,456,415,575,403.5,5000,8.1,15.0,Bajo,Tormenta,0
Tricentenario,Domingo,18,1,1,1613,2309,2051,1155,1782.0,5000,35.6,21.9,Bajo,Nublado,0
Sabaneta,Sabado,15,0,1,435,740,644,724,635.8,5000,12.7,7.8,Bajo,Tormenta,0
Exposiciones,Lunes,19,1,0,3263,2441,3090,1082,2469.0,5000,49.4,10.5,Bajo,Nublado,0
La Estrella,Viernes,1,0,0,334,452,293,248,331.8,5000,6.6,14.2,Bajo,Tormenta,0
Caribe,Viernes,14,1,0,3258,923,2658,2816,2413.8,5000,48.3,13.9,Bajo,Tormenta,1
Floresta,Jueves,8,1,0,2096,2990,2113,1555,2188.5,5000,43.8,9.1,Bajo,Soleado,1
Santa Lucia,Martes,1,0,0,288,490,264,285,331.8,5000,6.6,11.8,Bajo,Nublado,0
Prado,Viernes,2,0,0,121,127,387,288,230.8,5000,4.6,13.5,Bajo,Nublado,0
Ayura,Lunes,6,1,0,1037,3529,3384,2068,2504.5,5000,50.1,5.9,Medio,Nublado,0
San Javier,Lunes,0,0,0,221,516,175,112,256.0,5000,5.1,12.9,Bajo,Nublado,0
Acevedo,Viernes,9,0,0,840,2478,3803,3500,2655.2,5000,53.1,5.3,Medio,Tormenta,0
La Estrella,Viernes,18,1,0,1511,3439,2169,2339,2364.5,5000,47.3,3.9,Bajo,Nublado,0
Cisneros,Sabado,5,0,1,436,249,234,365,321.0,5000,6.4,4.1,Bajo,Lluvia,0
Itagui,Sabado,6,1,1,1050,1309,810,1425,1148.5,5000,23.0,17.7,Bajo,Soleado,0
Industriales,Viernes,6,1,0,2321,2703,1337,1891,2063.0,5000,41.3,17.8,Bajo,Nublado,1
Sabaneta,Domingo,12,1,1,1094,915,2032,881,1230.5,5000,24.6,19.4,Bajo,Nublado,0
Industriales,Martes,2,0,0,315,218,645,581,439.8,5000,8.8,9.8,Bajo,Tormenta,0
San Javier,Miercoles,22,0,0,1547,926,927,696,1024.0,5000,20.5,10.5,Bajo,Soleado,0
Caribe,Jueves,21,0,0,923,1648,571,1446,1147.0,5000,22.9,5.2,Bajo,Tormenta,1
Hospital,Jueves,21,0,0,1237,652,1012,581,870.5,5000,17.4,13.4,Bajo,Tormenta,1
Envigado,Lunes,13,1,0,1015,1092,1938,1473,1379.5,5000,27.6,15.3,Bajo,Nublado,0
Bello,Martes,0,0,0,299,157,360,633,362.2,5000,7.2,12.6,Bajo,Nublado,0
Estadio,Jueves,6,1,0,2125,1631,1260,3663,2169.8,5000,43.4,11.3,Bajo,Lluvia,0
Suramericana,Lunes,12,1,0,2361,2822,4198,2821,3050.5,5000,61.0,12.9,Medio,Soleado,1
Itagui,Sabado,10,0,1,635,645,332,912,631.0,5000,12.6,3.8,Bajo,Nublado,1
Madera,Martes,11,1,0,1875,2969,1347,1889,2020.0,5000,40.4,21.0,Bajo,Tormenta,1
Bello,Lunes,15,0,0,1474,829,659,388,837.5,5000,16.8,11.7,Bajo,Nublado,0
Bello,Martes,13,1,0,3013,1135,2824,2079,2262.8,5000,45.3,3.2,Bajo,Lluvia,0
Sabaneta,Lunes,11,1,0,3095,875,1271,2189,1857.5,5000,37.1,4.5,Bajo,Soleado,0
Estadio,Jueves,8,1,0,3512,2144,1322,2882,2465.0,5000,49.3,7.7,Bajo,Soleado,0
Hospital,Martes,18,1,0,3218,2548,1496,2498,2440.0,5000,48.8,8.9,Bajo,Soleado,0
Industriales,Viernes,23,0,0,299,477,308,317,350.2,5000,7.0,10.6,Bajo,Soleado,1
San Javier,Lunes,6,1,0,2496,2825,1741,903,1991.2,5000,39.8,9.2,Bajo,Tormenta,0
San Javier,Jueves,2,0,0,301,455,225,309,322.5,5000,6.5,2.6,Bajo,Lluvia,0
Aguacatala,Domingo,1,0,1,288,391,277,150,276.5,5000,5.5,8.5,Bajo,Lluvia,0
Hospital,Sabado,22,0,1,438,990,705,880,753.2,5000,15.1,6.6,Bajo,Lluvia,0
Envigado,Jueves,7,1,0,1753,2523,1464,1203,1735.8,5000,34.7,9.9,Bajo,Nublado,0
Parque Berrio,Miercoles,10,0,0,889,880,670,1106,886.2,5000,17.7,10.2,Bajo,Nublado,0
Itagui,Lunes,22,0,0,628,1152,1685,788,1063.2,5000,21.3,8.7,Bajo,Tormenta,1
Niquia,Domingo,18,1,1,3534,1185,1107,1149,1743.8,5000,34.9,16.0,Bajo,Nublado,0
Parque Berrio,Lunes,17,1,0,1450,1533,2617,989,1647.2,5000,32.9,19.8,Bajo,Soleado,0
Niquia,Viernes,21,0,0,2123,1018,2255,3711,2276.8,5000,45.5,2.8,Bajo,Tormenta,0
Universidad,Miercoles,2,0,0,423,560,131,485,399.8,5000,8.0,14.7,Bajo,Soleado,1
Universidad,Miercoles,17,1,0,3228,1318,2637,3043,2556.5,5000,51.1,21.9,Medio,Soleado,1
Itagui,Sabado,10,0,1,1422,1069,388,507,846.5,5000,16.9,11.0,Bajo,Soleado,0
Acevedo,Sabado,20,0,1,1168,2368,1333,1325,1548.5,5000,31.0,7.0,Bajo,Nublado,0
Niquia,Jueves,0,0,0,749,880,358,407,598.5,5000,12.0,2.0,Bajo,Tormenta,0
Madera,Viernes,9,0,0,1008,1339,1373,902,1155.5,5000,23.1,10.6,Bajo,Nublado,0
Sabaneta,Martes,15,0,0,1011,855,1562,1501,1232.2,5000,24.6,13.8,Bajo,Tormenta,0
Universidad,Miercoles,0,0,0,732,580,266,198,444.0,5000,8.9,3.8,Bajo,Lluvia,0
Ayura,Miercoles,18,1,0,1025,920,3325,986,1564.0,5000,31.3,8.1,Bajo,Lluvia,0
Santa Lucia,Sabado,12,1,1,1638,1449,1047,1438,1393.0,5000,27.9,5.0,Bajo,Nublado,0
Bello,Lunes,23,0,0,434,162,269,431,324.0,5000,6.5,10.3,Bajo,Tormenta,0
Prado,Jueves,1,0,0,156,371,438,194,289.8,5000,5.8,2.4,Bajo,Soleado,0
Ayura,Viernes,15,0,0,1630,1322,558,902,1103.0,5000,22.1,5.0,Bajo,Lluvia,0
Hospital,Sabado,22,0,1,666,507,1411,543,781.8,5000,15.6,12.7,Bajo,Lluvia,0
Suramericana,Jueves,9,0,0,1778,2070,523,806,1294.2,5000,25.9,14.0,Bajo,Tormenta,0
Sabaneta,Martes,5,0,0,251,454,283,263,312.8,5000,6.3,3.9,Bajo,Tormenta,0
Alpujarra,Sabado,11,1,1,2910,2774,950,1998,2158.0,5000,43.2,14.6,Bajo,Nublado,0
Poblado,Domingo,19,1,1,3422,9251,9281,4564,6629.5,5000,132.6,12.1,Alto,Soleado,0
La Estrella,Miercoles,4,0,0,553,258,382,327,380.0,5000,7.6,11.8,Bajo,Lluvia,0
Niquia,Miercoles,5,0,0,395,877,500,987,689.8,5000,13.8,11.3,Bajo,Nublado,0
Ayura,Sabado,20,0,1,319,988,808,660,693.8,5000,13.9,11.3,Bajo,Nublado,0
Prado,Martes,10,0,0,2285,1293,728,1761,1516.8,5000,30.3,5.8,Bajo,Tormenta,1
Itagui,Miercoles,5,0,0,225,554,385,697,465.2,5000,9.3,8.3,Bajo,Nublado,0
Aguacatala,Jueves,19,1,0,2349,1260,2221,1323,1788.2,5000,35.8,14.9,Bajo,Lluvia,0
Exposiciones,Miercoles,20,0,0,2281,1927,629,801,1409.5,5000,28.2,13.4,Bajo,Nublado,1
Universidad,Martes,3,0,0,356,415,361,447,394.8,5000,7.9,8.7,Bajo,Nublado,0
Itagui,Lunes,8,1,0,2691,2173,4011,1839,2678.5,5000,53.6,16.2,Medio,Soleado,0
Itagui,Domingo,16,0,1,744,577,989,975,821.2,5000,16.4,5.5,Bajo,Soleado,1
Santa Lucia,Martes,8,1,0,988,1191,2390,2618,1796.8,5000,35.9,3.4,Bajo,Lluvia,1
Ayura,Miercoles,13,1,0,2317,3439,2203,2594,2638.2,5000,52.8,18.8,Medio,Nublado,0
Itagui,Sabado,21,0,1,406,349,391,659,451.2,5000,9.0,6.2,Bajo,Lluvia,1
Exposiciones,Miercoles,12,1,0,2353,2773,2843,2003,2493.0,5000,49.9,14.3,Bajo,Tormenta,0
Ayura,Lunes,7,1,0,3324,1447,2523,2078,2343.0,5000,46.9,15.3,Bajo,Soleado,0
Floresta,Jueves,10,0,0,492,629,1673,750,886.0,5000,17.7,7.4,Bajo,Tormenta,0
Acevedo,Lunes,18,1,0,1621,8216,6153,2959,4737.2,5000,94.7,19.1,Alto,Tormenta,1
Cisneros,Lunes,20,0,0,758,637,457,1448,825.0,5000,16.5,10.0,Bajo,Tormenta,0
Itagui,Lunes,10,0,0,629,652,1830,1494,1151.2,5000,23.0,4.8,Bajo,Soleado,0
Estadio,Viernes,14,1,0,3302,2561,1178,959,2000.0,5000,40.0,4.5,Bajo,Tormenta,0
Floresta,Sabado,1,0,1,145,322,337,335,284.8,5000,5.7,5.6,Bajo,Soleado,0
Santa Lucia,Lunes,19,1,0,2213,2530,4499,2235,2869.2,5000,57.4,4.1,Medio,Tormenta,0
Industriales,Lunes,0,0,0,273,726,323,351,418.2,5000,8.4,14.4,Bajo,Lluvia,0
Universidad,Lunes,3,0,0,286,638,468,467,464.8,5000,9.3,5.2,Bajo,Tormenta,0
Sabaneta,Jueves,5,0,0,616,314,379,437,436.5,5000,8.7,5.3,Bajo,Lluvia,0
Estadio,Viernes,6,1,0,2232,2745,778,2107,1965.5,5000,39.3,6.5,Bajo,Soleado,0
Universidad,Miercoles,8,1,0,1359,1853,1037,3039,1822.0,5000,36.4,4.1,Bajo,Tormenta,0
Tricentenario,Sabado,14,1,1,1470,1581,567,675,1073.2,5000,21.5,14.1,Bajo,Tormenta,1
Niquia,Sabado,7,1,1,3438,5332,1071,3913,3438.5,5000,68.8,18.1,Medio,Nublado,0
Ayura,Viernes,16,0,0,2437,1111,1528,1882,1739.5,5000,34.8,3.4,Bajo,Soleado,0
Industriales,Domingo,19,1,1,1657,1500,774,2126,1514.2,5000,30.3,19.7,Bajo,Soleado,0
Hospital,Martes,6,1,0,2584,3193,1977,3553,2826.8,5000,56.5,12.8,Medio,Nublado,0
Ayura,Domingo,19,1,1,2391,575,1397,2209,1643.0,5000,32.9,18.8,Bajo,Soleado,0
Estadio,Miercoles,0,0,0,386,699,693,515,573.2,5000,11.5,13.4,Bajo,Soleado,0
Tricentenario,Jueves,3,0,0,339,305,426,252,330.5,5000,6.6,3.2,Bajo,Lluvia,0
San Javier,Lunes,6,1,0,4010,2236,1875,1690,2452.8,5000,49.1,15.1,Bajo,Nublado,1
Poblado,Miercoles,17,1,0,6175,7056,1714,5189,5033.5,5000,100.7,10.9,Alto,Lluvia,0
Santa Lucia,Miercoles,21,0,0,1067,1595,1714,1394,1442.5,5000,28.8,7.1,Bajo,Soleado,1
Sabaneta,Sabado,17,1,1,939,2051,1808,2683,1870.2,5000,37.4,3.8,Bajo,Nublado,0
Bello,Martes,6,1,0,2167,827,3435,1552,1995.2,5000,39.9,13.8,Bajo,Lluvia,1
Estadio,Martes,0,0,0,509,674,314,371,467.0,5000,9.3,7.8,Bajo,Nublado,0
Santa Lucia,Lunes,1,0,0,422,411,494,424,437.8,5000,8.8,2.4,Bajo,Nublado,0
Cisneros,Sabado,7,1,1,1301,1259,1266,679,1126.2,5000,22.5,3.4,Bajo,Tormenta,0
Cisneros,Jueves,20,0,0,1835,819,1548,1732,1483.5,5000,29.7,5.2,Bajo,Tormenta,0
Santa Lucia,Martes,15,0,0,1262,1767,894,1926,1462.2,5000,29.2,3.9,Bajo,Soleado,0
Poblado,Lunes,5,0,0,620,755,900,789,766.0,5000,15.3,6.4,Bajo,Soleado,0
Parque Berrio,Miercoles,21,0,0,1345,777,1311,1785,1304.5,5000,26.1,12.4,Bajo,Soleado,0
Exposiciones,Martes,6,1,0,3123,3041,3402,1047,2653.2,5000,53.1,9.7,Medio,Soleado,0
Poblado,Domingo,17,1,1,7199,5663,4894,9074,6707.5,5000,134.1,9.5,Alto,Soleado,0
Suramericana,Miercoles,16,0,0,754,776,991,902,855.8,5000,17.1,13.2,Bajo,Soleado,0
Tricentenario,Lunes,4,0,0,621,397,524,299,460.2,5000,9.2,12.6,Bajo,Lluvia,0
Estadio,Viernes,13,1,0,2712,2753,2269,2497,2557.8,5000,51.2,17.3,Medio,Soleado,0
Aguacatala,Martes,8,1,0,1139,1057,1879,2891,1741.5,5000,34.8,19.8,Bajo,Soleado,0
Exposiciones,Viernes,10,0,0,1025,606,1244,1714,1147.2,5000,22.9,7.4,Bajo,Soleado,0
Itagui,Sabado,6,1,1,516,600,1836,914,966.5,5000,19.3,9.0,Bajo,Lluvia,1
Suramericana,Miercoles,8,1,0,1264,2608,3056,3611,2634.8,5000,52.7,10.1,Medio,Lluvia,0
Tricentenario,Sabado,2,0,1,92,399,185,328,251.0,5000,5.0,4.2,Bajo,Nublado,0
Industriales,Jueves,5,0,0,228,342,317,427,328.5,5000,6.6,9.7,Bajo,Tormenta,0
Industriales,Jueves,9,0,0,1301,474,2225,1983,1495.8,5000,29.9,8.0,Bajo,Nublado,1
San Javier,Viernes,17,1,0,2716,1244,1724,2262,1986.5,5000,39.7,8.2,Bajo,Tormenta,0
Bello,Domingo,20,0,1,671,311,581,1489,763.0,5000,15.3,14.4,Bajo,Soleado,0
Bello,Miercoles,2,0,0,220,253,496,410,344.8,5000,6.9,7.3,Bajo,Tormenta,1
Aguacatala,Domingo,8,1,1,1473,2342,591,763,1292.2,5000,25.8,8.0,Bajo,Tormenta,0
San Antonio,Domingo,18,1,1,2615,3409,3688,1884,2899.0,5000,58.0,17.7,Medio,Tormenta,0
Parque Berrio,Miercoles,20,0,0,1465,1294,1877,751,1346.8,5000,26.9,4.7,Bajo,Soleado,0
Caribe,Martes,20,0,0,902,1599,484,2259,1311.0,5000,26.2,5.6,Bajo,Tormenta,0
Estadio,Viernes,7,1,0,1433,1351,2312,3445,2135.2,5000,42.7,22.3,Bajo,Soleado,0
La Estrella,Miercoles,20,0,0,1172,1498,805,761,1059.0,5000,21.2,9.8,Bajo,Nublado,1
Alpujarra,Lunes,0,0,0,1225,377,568,366,634.0,5000,12.7,2.2,Bajo,Lluvia,0
Santa Lucia,Sabado,22,0,1,1323,755,1354,526,989.5,5000,19.8,12.6,Bajo,Soleado,0
San Javier,Jueves,7,1,0,2197,1747,3585,2124,2413.2,5000,48.3,7.2,Bajo,Soleado,0
Cisneros,Martes,2,0,0,175,507,457,322,365.2,5000,7.3,2.8,Bajo,Lluvia,0
Bello,Sabado,19,1,1,1158,1455,2164,1056,1458.2,5000,29.2,22.4,Bajo,Soleado,1
Aguacatala,Miercoles,14,1,0,2844,749,3567,1634,2198.5,5000,44.0,12.3,Bajo,Soleado,1
Aguacatala,Lunes,5,0,0,525,748,543,142,489.5,5000,9.8,6.5,Bajo,Nublado,0
Madera,Martes,21,0,0,728,1945,1133,1653,1364.8,5000,27.3,8.0,Bajo,Tormenta,1
Sabaneta,Viernes,0,0,0,419,281,451,406,389.2,5000,7.8,3.2,Bajo,Lluvia,0
Parque Berrio,Sabado,20,0,1,1386,1123,3017,2208,1933.5,5000,38.7,9.6,Bajo,Tormenta,1
Industriales,Lunes,13,1,0,1404,2379,1257,808,1462.0,5000,29.2,17.9,Bajo,Tormenta,1
Prado,Miercoles,1,0,0,636,323,411,146,379.0,5000,7.6,2.9,Bajo,Soleado,0
Alpujarra,Miercoles,15,0,0,906,1351,4176,2719,2288.0,5000,45.8,13.9,Bajo,Nublado,0
Alpujarra,Domingo,0,0,1,439,153,419,342,338.2,5000,6.8,12.3,Bajo,Nublado,0
Itagui,Lunes,7,1,0,1388,2210,2134,2537,2067.2,5000,41.3,20.7,Bajo,Tormenta,0
La Estrella,Jueves,17,1,0,1626,2892,3712,2652,2720.5,5000,54.4,19.2,Medio,Tormenta,0
Cisneros,Miercoles,2,0,0,699,462,524,182,466.8,5000,9.3,14.9,Bajo,Tormenta,0
Aguacatala,Domingo,4,0,1,146,260,247,255,227.0,5000,4.5,9.7,Bajo,Lluvia,0
San Javier,Miercoles,15,0,0,489,1295,1480,1585,1212.2,5000,24.2,7.3,Bajo,Tormenta,0
Floresta,Viernes,2,0,0,529,292,236,476,383.2,5000,7.7,4.3,Bajo,Nublado,0
Caribe,Miercoles,10,0,0,1381,923,625,1438,1091.8,5000,21.8,2.7,Bajo,Tormenta,0
Madera,Martes,20,0,0,952,679,870,837,834.5,5000,16.7,6.4,Bajo,Nublado,0
Floresta,Miercoles,19,1,0,966,1159,2071,1751,1486.8,5000,29.7,5.8,Bajo,Tormenta,0
Floresta,Miercoles,16,0,0,626,1382,616,1897,1130.2,5000,22.6,8.1,Bajo,Soleado,0
Sabaneta,Domingo,2,0,1,202,337,186,191,229.0,5000,4.6,11.1,Bajo,Soleado,1
Acevedo,Miercoles,14,1,0,2576,3208,1816,1374,2243.5,5000,44.9,6.9,Bajo,Tormenta,1
Sabaneta,Domingo,7,1,1,1332,1142,1344,1233,1262.8,5000,25.3,8.3,Bajo,Soleado,0
Tricentenario,Sabado,19,1,1,1160,1304,946,811,1055.2,5000,21.1,18.6,Bajo,Lluvia,0
Exposiciones,Lunes,7,1,0,1992,2603,1179,897,1667.8,5000,33.4,16.8,Bajo,Nublado,0
Envigado,Miercoles,9,0,0,718,461,1271,1309,939.8,5000,18.8,11.1,Bajo,Tormenta,1
Sabaneta,Viernes,14,1,0,1551,1543,3552,2893,2384.8,5000,47.7,16.5,Bajo,Tormenta,0
Ayura,Miercoles,15,0,0,771,2228,805,843,1161.8,5000,23.2,12.7,Bajo,Tormenta,0
Cisneros,Sabado,7,1,1,632,1667,2397,1786,1620.5,5000,32.4,4.4,Bajo,Lluvia,0
Tricentenario,Domingo,4,0,1,432,172,272,139,253.8,5000,5.1,7.9,Bajo,Soleado,0
Madera,Domingo,17,1,1,1594,2558,1446,1247,1711.2,5000,34.2,14.5,Bajo,Nublado,0
Santa Lucia,Martes,3,0,0,499,428,328,295,387.5,5000,7.8,6.2,Bajo,Tormenta,0
Niquia,Jueves,0,0,0,696,693,739,955,770.8,5000,15.4,6.4,Bajo,Soleado,0
San Antonio,Sabado,21,0,1,2300,704,1860,2120,1746.0,5000,34.9,4.0,Bajo,Nublado,0
San Antonio,Martes,11,1,0,5189,2422,2883,3801,3573.8,5000,71.5,8.2,Medio,Soleado,0
Madera,Viernes,8,1,0,2467,4065,914,1406,2213.0,5000,44.3,22.4,Bajo,Tormenta,1
Caribe,Lunes,6,1,0,2226,4008,2649,3288,3042.8,5000,60.9,12.9,Medio,Nublado,0
Envigado,Domingo,14,1,1,1032,1507,1918,980,1359.2,5000,27.2,7.5,Bajo,Nublado,0
San Javier,Sabado,10,0,1,847,894,724,513,744.5,5000,14.9,2.9,Bajo,Tormenta,0
Suramericana,Miercoles,14,1,0,3407,2702,4033,1397,2884.8,5000,57.7,11.2,Medio,Lluvia,1
Estadio,Domingo,11,1,1,937,794,898,1367,999.0,5000,20.0,20.0,Bajo,Nublado,1
Santa Lucia,Miercoles,5,0,0,185,194,402,401,295.5,5000,5.9,14.6,Bajo,Nublado,1
Poblado,Domingo,13,1,1,7582,3870,5381,7166,5999.8,5000,120.0,19.2,Alto,Soleado,0
Niquia,Sabado,21,0,1,906,594,1697,1557,1188.5,5000,23.8,5.6,Bajo,Nublado,0
Parque Berrio,Miercoles,12,1,0,1523,4438,3771,2038,2942.5,5000,58.9,6.0,Medio,Nublado,0
Estadio,Lunes,6,1,0,2541,2435,3365,1631,2493.0,5000,49.9,21.6,Bajo,Tormenta,1
Suramericana,Domingo,20,0,1,790,1064,860,574,822.0,5000,16.4,14.5,Bajo,Lluvia,1
Alpujarra,Martes,19,1,0,5817,7413,7865,4637,6433.0,5000,128.7,21.8,Alto,Soleado,0
Ayura,Lunes,14,1,0,1043,1542,3420,2443,2112.0,5000,42.2,17.9,Bajo,Nublado,0
Floresta,Jueves,12,1,0,2716,2914,2551,2004,2546.2,5000,50.9,11.1,Medio,Nublado,0
Aguacatala,Jueves,20,0,0,1264,852,1122,1598,1209.0,5000,24.2,13.1,Bajo,Nublado,1
Floresta,Sabado,9,0,1,1054,980,938,859,957.8,5000,19.2,5.9,Bajo,Tormenta,0
San Javier,Jueves,18,1,0,1659,965,1894,1491,1502.2,5000,30.0,13.0,Bajo,Lluvia,0
Sabaneta,Martes,10,0,0,670,2111,729,1386,1224.0,5000,24.5,9.3,Bajo,Tormenta,1
Ayura,Jueves,2,0,0,517,184,585,194,370.0,5000,7.4,2.8,Bajo,Tormenta,1
Sabaneta,Jueves,3,0,0,378,124,600,520,405.5,5000,8.1,14.5,Bajo,Soleado,0
Santa Lucia,Viernes,12,1,0,3614,1273,1090,3639,2404.0,5000,48.1,7.6,Bajo,Nublado,1
Prado,Miercoles,14,1,0,2307,1509,1046,1054,1479.0,5000,29.6,6.6,Bajo,Lluvia,0
Floresta,Lunes,4,0,0,751,691,454,262,539.5,5000,10.8,3.2,Bajo,Soleado,0
Tricentenario,Viernes,7,1,0,2433,3774,2973,2021,2800.2,5000,56.0,21.3,Medio,Lluvia,1
La Estrella,Martes,11,1,0,2446,932,4251,2049,2419.5,5000,48.4,14.6,Bajo,Tormenta,0
Santa Lucia,Viernes,23,0,0,552,205,677,426,465.0,5000,9.3,5.3,Bajo,Lluvia,0
Ayura,Viernes,13,1,0,1610,1344,3016,1483,1863.2,5000,37.3,4.0,Bajo,Nublado,0
Poblado,Jueves,17,1,0,8108,3525,2630,3268,4382.8,5000,87.7,8.4,Alto,Soleado,0
Aguacatala,Domingo,16,0,1,982,1164,684,1088,979.5,5000,19.6,14.3,Bajo,Lluvia,0
Bello,Viernes,0,0,0,376,263,215,530,346.0,5000,6.9,2.3,Bajo,Lluvia,0
Alpujarra,Sabado,23,0,1,261,865,198,472,449.0,5000,9.0,2.0,Bajo,Soleado,0
Prado,Sabado,4,0,1,352,344,250,339,321.2,5000,6.4,2.0,Bajo,Nublado,0
Bello,Sabado,5,0,1,104,290,171,121,171.5,5000,3.4,8.7,Bajo,Nublado,1
Bello,Viernes,22,0,0,579,1285,1469,1674,1251.8,5000,25.0,5.3,Bajo,Nublado,1
Acevedo,Martes,22,0,0,1241,762,4751,4066,2705.0,5000,54.1,3.9,Medio,Lluvia,0
Niquia,Sabado,11,1,1,4570,3619,3146,2467,3450.5,5000,69.0,21.5,Medio,Lluvia,0
Poblado,Martes,21,0,0,2809,4447,4175,966,3099.2,5000,62.0,10.5,Medio,Soleado,1
Santa Lucia,Lunes,8,1,0,2159,2667,2399,3773,2749.5,5000,55.0,4.6,Medio,Nublado,1
Ayura,Martes,14,1,0,3246,1270,3049,3335,2725.0,5000,54.5,4.7,Medio,Tormenta,0
Industriales,Viernes,10,0,0,1020,1784,944,672,1105.0,5000,22.1,14.8,Bajo,Soleado,1
Envigado,Viernes,6,1,0,1514,3808,1994,2795,2527.8,5000,50.6,13.1,Medio,Nublado,0
Poblado,Domingo,10,0,1,2893,2515,4128,2578,3028.5,5000,60.6,11.9,Medio,Lluvia,0
Tricentenario,Sabado,23,0,1,301,107,283,104,198.8,5000,4.0,10.4,Bajo,Tormenta,1
Acevedo,Domingo,23,0,1,501,631,437,518,521.8,5000,10.4,13.5,Bajo,Lluvia,0
Sabaneta,Miercoles,16,0,0,1034,874,423,967,824.5,5000,16.5,11.6,Bajo,Tormenta,0
Alpujarra,Domingo,12,1,1,3076,1446,3974,4231,3181.8,5000,63.6,3.2,Medio,Soleado,0
San Antonio,Jueves,6,1,0,2646,4838,2503,7943,4482.5,5000,89.6,6.2,Alto,Soleado,0
Itagui,Domingo,20,0,1,881,460,301,952,648.5,5000,13.0,6.6,Bajo,Soleado,0
Acevedo,Viernes,18,1,0,5067,6198,2201,3113,4144.8,5000,82.9,15.4,Alto,Soleado,0
Alpujarra,Martes,18,1,0,2735,2685,4214,3058,3173.0,5000,63.5,21.5,Medio,Nublado,0
Suramericana,Miercoles,14,1,0,2964,1533,1976,1211,1921.0,5000,38.4,20.9,Bajo,Lluvia,0
Parque Berrio,Sabado,21,0,1,2222,2508,1793,1264,1946.8,5000,38.9,11.7,Bajo,Tormenta,0
Alpujarra,Viernes,3,0,0,449,573,717,723,615.5,5000,12.3,2.7,Bajo,Lluvia,0
Santa Lucia,Domingo,14,1,1,832,2400,1693,2368,1823.2,5000,36.5,7.9,Bajo,Tormenta,0
San Antonio,Martes,4,0,0,720,957,457,1155,822.2,5000,16.4,3.3,Bajo,Tormenta,1
Floresta,Jueves,17,1,0,3526,2106,1306,1235,2043.2,5000,40.9,6.3,Bajo,Nublado,0
Parque Berrio,Sabado,23,0,1,596,434,568,941,634.8,5000,12.7,14.5,Bajo,Nublado,0
Universidad,Viernes,4,0,0,324,295,349,627,398.8,5000,8.0,12.9,Bajo,Soleado,0
Sabaneta,Lunes,21,0,0,522,709,860,1905,999.0,5000,20.0,9.4,Bajo,Nublado,0
Ayura,Viernes,1,0,0,550,298,495,259,400.5,5000,8.0,13.9,Bajo,Nublado,0
Acevedo,Jueves,4,0,0,549,929,447,663,647.0,5000,12.9,7.2,Bajo,Soleado,0
Exposiciones,Sabado,0,0,1,407,506,699,754,591.5,5000,11.8,5.8,Bajo,Tormenta,1
Sabaneta,Jueves,20,0,0,475,693,959,2393,1130.0,5000,22.6,11.7,Bajo,Soleado,0
Prado,Sabado,0,0,1,351,147,193,152,210.8,5000,4.2,11.0,Bajo,Nublado,0
Caribe,Sabado,6,1,1,1482,2093,1652,551,1444.5,5000,28.9,18.0,Bajo,Soleado,0
Prado,Miercoles,0,0,0,265,656,322,445,422.0,5000,8.4,3.8,Bajo,Soleado,0
Aguacatala,Martes,7,1,0,1485,4341,4196,1728,2937.5,5000,58.8,16.1,Medio,Tormenta,0
Alpujarra,Martes,8,1,0,2943,2904,3310,4481,3409.5,5000,68.2,18.2,Medio,Lluvia,1
Acevedo,Miercoles,19,1,0,4278,5172,6942,4105,5124.2,5000,102.5,21.9,Alto,Nublado,0
Madera,Jueves,3,0,0,552,209,297,565,405.8,5000,8.1,2.9,Bajo,Lluvia,0
Poblado,Lunes,13,1,0,2615,3299,1967,5764,3411.2,5000,68.2,22.1,Medio,Nublado,0
Madera,Miercoles,15,0,0,1074,692,900,2255,1230.2,5000,24.6,3.9,Bajo,Tormenta,1
Poblado,Lunes,19,1,0,6793,4434,2695,3216,4284.5,5000,85.7,7.4,Alto,Lluvia,0
Niquia,Miercoles,19,1,0,2815,6548,3078,6091,4633.0,5000,92.7,16.5,Alto,Tormenta,1
Parque Berrio,Jueves,13,1,0,2982,2142,1307,2906,2334.2,5000,46.7,4.7,Bajo,Nublado,1
Prado,Miercoles,23,0,0,178,286,653,512,407.2,5000,8.1,13.9,Bajo,Nublado,0
Exposiciones,Miercoles,21,0,0,1418,1119,1019,1061,1154.2,5000,23.1,9.1,Bajo,Nublado,0
Aguacatala,Jueves,18,1,0,4029,1866,2472,832,2299.8,5000,46.0,15.3,Bajo,Tormenta,0
Envigado,Sabado,6,1,1,889,1160,958,1063,1017.5,5000,20.3,12.5,Bajo,Lluvia,0
Santa Lucia,Martes,14,1,0,1319,1110,2339,1328,1524.0,5000,30.5,19.6,Bajo,Tormenta,0
Parque Berrio,Domingo,15,0,1,1451,2619,2147,1285,1875.5,5000,37.5,7.5,Bajo,Lluvia,1
Floresta,Lunes,23,0,0,197,656,346,528,431.8,5000,8.6,14.9,Bajo,Lluvia,1
Sabaneta,Viernes,3,0,0,252,220,262,187,230.2,5000,4.6,7.7,Bajo,Tormenta,0
Tricentenario,Jueves,21,0,0,1178,1605,620,1443,1211.5,5000,24.2,9.2,Bajo,Tormenta,1
Universidad,Miercoles,10,0,0,645,2534,1498,1265,1485.5,5000,29.7,10.1,Bajo,Nublado,0
Prado,Sabado,4,0,1,134,240,178,245,199.2,5000,4.0,2.3,Bajo,Soleado,1
Madera,Viernes,9,0,0,2011,845,1123,999,1244.5,5000,24.9,5.1,Bajo,Soleado,1
Cisneros,Sabado,17,1,1,1253,1477,540,2586,1464.0,5000,29.3,14.1,Bajo,Lluvia,1
Alpujarra,Miercoles,2,0,0,1098,669,656,701,781.0,5000,15.6,5.7,Bajo,Lluvia,0
Sabaneta,Viernes,18,1,0,3633,1043,1121,1816,1903.2,5000,38.1,11.1,Bajo,Lluvia,0
Tricentenario,Jueves,13,1,0,1662,2061,880,855,1364.5,5000,27.3,16.8,Bajo,Soleado,0
Floresta,Martes,23,0,0,378,259,494,637,442.0,5000,8.8,13.2,Bajo,Soleado,0
Prado,Miercoles,18,1,0,1827,2185,3356,2346,2428.5,5000,48.6,14.7,Bajo,Tormenta,0
Cisneros,Viernes,19,1,0,1962,1437,1918,1776,1773.2,5000,35.5,18.7,Bajo,Nublado,0
Ayura,Martes,20,0,0,1474,1127,1919,1526,1511.5,5000,30.2,4.4,Bajo,Lluvia,0
Poblado,Domingo,21,0,1,6856,5110,2794,2620,4345.0,5000,86.9,14.2,Alto,Soleado,0
Industriales,Sabado,8,1,1,1858,1113,1143,1368,1370.5,5000,27.4,8.7,Bajo,Lluvia,0
San Antonio,Martes,6,1,0,5258,8395,5666,4604,5980.8,5000,119.6,14.8,Alto,Lluvia,0
Estadio,Lunes,22,0,0,903,465,2007,1723,1274.5,5000,25.5,4.2,Bajo,Soleado,0
Sabaneta,Sabado,14,1,1,979,1435,1639,1324,1344.2,5000,26.9,14.5,Bajo,Soleado,0
Estadio,Sabado,22,0,1,559,1038,893,607,774.2,5000,15.5,10.1,Bajo,Lluvia,1
Bello,Jueves,11,1,0,2063,2590,1502,1492,1911.8,5000,38.2,12.5,Bajo,Soleado,1
Suramericana,Jueves,14,1,0,1293,2590,2344,2705,2233.0,5000,44.7,5.7,Bajo,Lluvia,0
Exposiciones,Jueves,13,1,0,1943,4056,1456,2223,2419.5,5000,48.4,18.5,Bajo,Tormenta,0
Poblado,Domingo,9,0,1,3388,1817,3051,3428,2921.0,5000,58.4,10.4,Medio,Soleado,1
Santa Lucia,Martes,0,0,0,497,404,479,328,427.0,5000,8.5,3.9,Bajo,Soleado,0
Bello,Jueves,1,0,0,466,377,179,406,357.0,5000,7.1,12.2,Bajo,Lluvia,0
Santa Lucia,Martes,5,0,0,232,295,612,313,363.0,5000,7.3,7.8,Bajo,Tormenta,0
Caribe,Domingo,10,0,1,1127,776,588,919,852.5,5000,17.1,14.2,Bajo,Lluvia,0
Envigado,Miercoles,3,0,0,357,633,199,435,406.0,5000,8.1,11.1,Bajo,Lluvia,0
Aguacatala,Jueves,9,0,0,760,796,1788,1300,1161.0,5000,23.2,9.6,Bajo,Lluvia,0
Bello,Miercoles,18,1,0,1961,3052,2756,3304,2768.2,5000,55.4,3.8,Medio,Lluvia,1
Acevedo,Viernes,18,1,0,2227,8440,8141,2057,5216.2,5000,104.3,10.0,Alto,Soleado,1
Acevedo,Viernes,0,0,0,536,913,551,899,724.8,5000,14.5,5.5,Bajo,Soleado,1
Itagui,Domingo,6,1,1,1571,702,833,646,938.0,5000,18.8,21.2,Bajo,Soleado,1
Tricentenario,Martes,12,1,0,1281,3826,3758,740,2401.2,5000,48.0,17.9,Bajo,Lluvia,0
Niquia,Jueves,20,0,0,2182,934,1933,1029,1519.5,5000,30.4,13.5,Bajo,Nublado,1
San Javier,Sabado,3,0,1,142,147,208,177,168.5,5000,3.4,10.1,Bajo,Lluvia,1
Madera,Lunes,1,0,0,476,294,557,265,398.0,5000,8.0,13.1,Bajo,Soleado,0
Ayura,Martes,20,0,0,2099,1485,1917,1552,1763.2,5000,35.3,14.6,Bajo,Tormenta,0
San Javier,Viernes,8,1,0,2188,1059,2411,1743,1850.2,5000,37.0,14.6,Bajo,Nublado,0
Bello,Viernes,18,1,0,1148,2065,2998,3593,2451.0,5000,49.0,19.6,Bajo,Tormenta,0
Madera,Domingo,13,1,1,479,845,1038,1998,1090.0,5000,21.8,9.6,Bajo,Nublado,0
Estadio,Jueves,17,1,0,2636,1787,1996,3593,2503.0,5000,50.1,13.8,Medio,Tormenta,0
Aguacatala,Martes,14,1,0,1258,3746,2544,1255,2200.8,5000,44.0,5.8,Bajo,Soleado,0
Acevedo,Domingo,4,0,1,421,501,263,896,520.2,5000,10.4,9.4,Bajo,Nublado,0
San Antonio,Lunes,2,0,0,908,851,699,1335,948.2,5000,19.0,11.0,Bajo,Nublado,0
Niquia,Martes,12,1,0,6622,3188,6820,5496,5531.5,5000,110.6,19.2,Alto,Tormenta,0
Estadio,Viernes,11,1,0,3675,2634,2764,1535,2652.0,5000,53.0,5.3,Medio,Nublado,0
Santa Lucia,Domingo,5,0,1,128,183,317,207,208.8,5000,4.2,12.2,Bajo,Soleado,0
Niquia,Viernes,14,1,0,5347,6272,4724,4029,5093.0,5000,101.9,13.3,Alto,Soleado,0
Bello,Viernes,20,0,0,789,1527,768,875,989.8,5000,19.8,6.7,Bajo,Nublado,0
Floresta,Martes,20,0,0,666,1069,1414,1109,1064.5,5000,21.3,13.1,Bajo,Nublado,1
Niquia,Sabado,3,0,1,325,674,468,716,545.8,5000,10.9,3.2,Bajo,Tormenta,0
Parque Berrio,Lunes,12,1,0,2449,1165,2662,2670,2236.5,5000,44.7,14.6,Bajo,Tormenta,0
Bello,Domingo,11,1,1,2484,1620,2111,1500,1928.8,5000,38.6,10.2,Bajo,Soleado,0
Santa Lucia,Martes,14,1,0,3356,2720,2492,2107,2668.8,5000,53.4,5.0,Medio,Soleado,1
Industriales,Lunes,2,0,0,261,435,468,607,442.8,5000,8.9,6.8,Bajo,Lluvia,0
Sabaneta,Sabado,11,1,1,1045,1193,1945,700,1220.8,5000,24.4,11.0,Bajo,Soleado,0
Santa Lucia,Lunes,1,0,0,384,495,511,318,427.0,5000,8.5,11.7,Bajo,Lluvia,0
Hospital,Domingo,9,0,1,901,504,1021,519,736.2,5000,14.7,3.5,Bajo,Lluvia,1
San Antonio,Jueves,11,1,0,1546,4439,6352,6876,4803.2,5000,96.1,10.3,Alto,Lluvia,0
Aguacatala,Martes,21,0,0,1867,1444,1475,560,1336.5,5000,26.7,2.6,Bajo,Nublado,0
Ayura,Lunes,12,1,0,1601,1159,3374,1902,2009.0,5000,40.2,4.3,Bajo,Nublado,1
Industriales,Jueves,14,1,0,2197,1161,2800,1038,1799.0,5000,36.0,22.0,Bajo,Nublado,1
Madera,Domingo,11,1,1,1247,805,1328,1729,1277.2,5000,25.5,15.2,Bajo,Tormenta,0
Aguacatala,Sabado,5,0,1,159,331,78,137,176.2,5000,3.5,13.9,Bajo,Lluvia,0
Exposiciones,Miercoles,9,0,0,1775,1629,1271,1713,1597.0,5000,31.9,3.7,Bajo,Soleado,1
La Estrella,Miercoles,17,1,0,3426,3052,1792,1105,2343.8,5000,46.9,4.9,Bajo,Lluvia,1
Alpujarra,Domingo,21,0,1,1150,1551,1213,1837,1437.8,5000,28.8,10.1,Bajo,Tormenta,0
Ayura,Viernes,9,0,0,1879,1137,1078,1128,1305.5,5000,26.1,14.9,Bajo,Tormenta,0
San Javier,Miercoles,11,1,0,1646,2785,1264,3632,2331.8,5000,46.6,17.4,Bajo,Lluvia,0
Industriales,Lunes,3,0,0,628,157,220,436,360.2,5000,7.2,3.8,Bajo,Lluvia,0
Hospital,Domingo,2,0,1,226,315,229,166,234.0,5000,4.7,4.1,Bajo,Lluvia,1
Caribe,Jueves,15,0,0,532,1139,915,501,771.8,5000,15.4,3.4,Bajo,Soleado,0
La Estrella,Domingo,19,1,1,621,1292,918,1434,1066.2,5000,21.3,21.8,Bajo,Tormenta,0
Santa Lucia,Sabado,17,1,1,1489,1347,809,1464,1277.2,5000,25.5,20.7,Bajo,Soleado,0
La Estrella,Martes,13,1,0,1052,4261,1511,3137,2490.2,5000,49.8,11.9,Bajo,Lluvia,0
Tricentenario,Martes,23,0,0,273,573,414,293,388.2,5000,7.8,9.1,Bajo,Lluvia,0
Cisneros,Sabado,22,0,1,327,641,791,971,682.5,5000,13.7,4.9,Bajo,Soleado,0
La Estrella,Domingo,11,1,1,1503,1261,1612,2143,1629.8,5000,32.6,6.7,Bajo,Tormenta,0
Caribe,Martes,4,0,0,238,154,507,423,330.5,5000,6.6,5.5,Bajo,Tormenta,0
Poblado,Miercoles,2,0,0,796,1525,905,805,1007.8,5000,20.2,11.6,Bajo,Nublado,0
Prado,Miercoles,13,1,0,2250,2427,1188,2340,2051.2,5000,41.0,20.3,Bajo,Lluvia,0
Cisneros,Sabado,7,1,1,616,1499,754,440,827.2,5000,16.5,3.8,Bajo,Lluvia,0
Acevedo,Sabado,8,1,1,2772,4431,1435,3461,3024.8,5000,60.5,21.3,Medio,Tormenta,0
Universidad,Viernes,9,0,0,1040,514,1504,1235,1073.2,5000,21.5,7.4,Bajo,Soleado,0
Suramericana,Domingo,19,1,1,2129,1276,470,1251,1281.5,5000,25.6,19.9,Bajo,Soleado,1
Alpujarra,Jueves,4,0,0,460,368,643,1242,678.2,5000,13.6,6.6,Bajo,Nublado,1
Alpujarra,Jueves,15,0,0,3647,1445,4126,3620,3209.5,5000,64.2,7.9,Medio,Nublado,0
Santa Lucia,Sabado,4,0,1,256,347,206,81,222.5,5000,4.5,6.1,Bajo,Tormenta,0
Alpujarra,Lunes,2,0,0,377,1162,934,486,739.8,5000,14.8,12.4,Bajo,Lluvia,0
Caribe,Viernes,9,0,0,697,727,1956,1221,1150.2,5000,23.0,11.1,Bajo,Tormenta,0
Tricentenario,Lunes,4,0,0,350,352,255,230,296.8,5000,5.9,3.6,Bajo,Nublado,0
Niquia,Sabado,10,0,1,1587,718,2253,1363,1480.2,5000,29.6,5.7,Bajo,Lluvia,0
Prado,Viernes,1,0,0,174,520,553,312,389.8,5000,7.8,6.4,Bajo,Soleado,0
Alpujarra,Jueves,23,0,0,816,1095,540,426,719.2,5000,14.4,9.4,Bajo,Nublado,0
Universidad,Jueves,2,0,0,344,256,306,239,286.2,5000,5.7,12.2,Bajo,Soleado,1
Santa Lucia,Martes,12,1,0,2554,2845,1157,1030,1896.5,5000,37.9,11.6,Bajo,Soleado,0
Hospital,Martes,17,1,0,2908,995,1873,1507,1820.8,5000,36.4,20.4,Bajo,Nublado,0
San Javier,Martes,23,0,0,511,674,727,314,556.5,5000,11.1,10.5,Bajo,Soleado,0
Floresta,Lunes,20,0,0,1818,987,1442,1091,1334.5,5000,26.7,14.6,Bajo,Soleado,0
Universidad,Lunes,12,1,0,2007,3146,3278,2226,2664.2,5000,53.3,19.8,Medio,Nublado,0
Floresta,Viernes,14,1,0,1308,897,1617,1231,1263.2,5000,25.3,21.7,Bajo,Nublado,0
Itagui,Lunes,11,1,0,1128,1657,3226,2339,2087.5,5000,41.8,12.3,Bajo,Nublado,0
Prado,Jueves,16,0,0,875,2267,1467,1634,1560.8,5000,31.2,15.0,Bajo,Nublado,0
Universidad,Sabado,23,0,1,182,158,242,261,210.8,5000,4.2,12.8,Bajo,Tormenta,1
Poblado,Viernes,2,0,0,1233,1194,593,352,843.0,5000,16.9,14.0,Bajo,Tormenta,0
Alpujarra,Jueves,6,1,0,4933,6262,3003,6519,5179.2,5000,103.6,4.6,Alto,Tormenta,0
Alpujarra,Lunes,20,0,0,1188,1326,2319,2642,1868.8,5000,37.4,12.3,Bajo,Soleado,0
Aguacatala,Lunes,7,1,0,2725,2987,4037,1227,2744.0,5000,54.9,9.8,Medio,Nublado,1
San Antonio,Sabado,9,0,1,1752,1469,1968,1792,1745.2,5000,34.9,8.2,Bajo,Lluvia,0
Hospital,Viernes,14,1,0,1360,1476,1523,3232,1897.8,5000,38.0,21.1,Bajo,Soleado,0
Itagui,Lunes,23,0,0,324,254,294,498,342.5,5000,6.9,8.5,Bajo,Tormenta,0
Bello,Domingo,15,0,1,889,860,1080,748,894.2,5000,17.9,14.5,Bajo,Lluvia,0
Itagui,Viernes,1,0,0,207,359,120,266,238.0,5000,4.8,9.3,Bajo,Lluvia,0
Exposiciones,Jueves,6,1,0,1591,2083,2750,3254,2419.5,5000,48.4,6.0,Bajo,Tormenta,0
Bello,Domingo,7,1,1,588,1407,2299,599,1223.2,5000,24.5,17.5,Bajo,Lluvia,0
Bello,Viernes,2,0,0,318,262,380,312,318.0,5000,6.4,6.0,Bajo,Nublado,0
Santa Lucia,Martes,6,1,0,2415,1612,3028,2391,2361.5,5000,47.2,4.8,Bajo,Nublado,0
Hospital,Jueves,11,1,0,1524,2628,2562,3828,2635.5,5000,52.7,18.5,Medio,Lluvia,0
Industriales,Viernes,18,1,0,2096,2868,1719,1471,2038.5,5000,40.8,12.3,Bajo,Nublado,0
Poblado,Jueves,15,0,0,2381,1590,1499,3628,2274.5,5000,45.5,14.5,Bajo,Soleado,0
Hospital,Domingo,1,0,1,157,113,291,220,195.2,5000,3.9,8.2,Bajo,Tormenta,0
Niquia,Lunes,9,0,0,2063,1308,1567,2519,1864.2,5000,37.3,2.6,Bajo,Tormenta,0
Aguacatala,Miercoles,19,1,0,2971,1434,1541,3755,2425.2,5000,48.5,18.8,Bajo,Lluvia,0
Poblado,Miercoles,21,0,0,3659,2928,2860,1418,2716.2,5000,54.3,2.6,Medio,Soleado,1
San Antonio,Domingo,16,0,1,1909,797,1516,2198,1605.0,5000,32.1,7.9,Bajo,Nublado,0
Exposiciones,Lunes,21,0,0,1735,1585,1783,1827,1732.5,5000,34.6,3.1,Bajo,Lluvia,0
Hospital,Miercoles,17,1,0,1976,2314,3036,2482,2452.0,5000,49.0,21.7,Bajo,Nublado,0
Industriales,Viernes,22,0,0,1113,1528,864,1736,1310.2,5000,26.2,6.1,Bajo,Lluvia,0
Itagui,Domingo,16,0,1,532,596,805,628,640.2,5000,12.8,3.8,Bajo,Lluvia,1
Poblado,Sabado,6,1,1,7441,6250,4957,8437,6771.2,5000,135.4,8.8,Alto,Lluvia,0
Aguacatala,Viernes,15,0,0,1984,1685,1876,1895,1860.0,5000,37.2,8.7,Bajo,Lluvia,0
Industriales,Sabado,15,0,1,721,903,589,903,779.0,5000,15.6,2.4,Bajo,Nublado,0
San Antonio,Jueves,2,0,0,534,606,1072,713,731.2,5000,14.6,13.9,Bajo,Tormenta,1
Exposiciones,Sabado,3,0,1,519,871,316,351,514.2,5000,10.3,9.9,Bajo,Nublado,0
Niquia,Domingo,8,1,1,910,2339,2893,1710,1963.0,5000,39.3,18.6,Bajo,Soleado,0
Poblado,Viernes,4,0,0,687,575,421,977,665.0,5000,13.3,7.4,Bajo,Soleado,0
La Estrella,Viernes,1,0,0,344,157,530,570,400.2,5000,8.0,7.1,Bajo,Lluvia,0
San Antonio,Martes,8,1,0,2678,6859,6041,6089,5416.8,5000,108.3,3.1,Alto,Soleado,0
Itagui,Viernes,16,0,0,1375,1969,1166,1317,1456.8,5000,29.1,3.1,Bajo,Lluvia,0
Ayura,Jueves,16,0,0,1268,1436,1019,711,1108.5,5000,22.2,10.6,Bajo,Nublado,1
Caribe,Martes,16,0,0,1352,687,1500,1206,1186.2,5000,23.7,7.8,Bajo,Nublado,0
Hospital,Domingo,17,1,1,660,878,1210,1580,1082.0,5000,21.6,12.3,Bajo,Soleado,0
Caribe,Jueves,6,1,0,2340,3366,4207,3278,3297.8,5000,66.0,18.3,Medio,Tormenta,0
Aguacatala,Domingo,18,1,1,1292,597,881,2153,1230.8,5000,24.6,9.9,Bajo,Soleado,1
Hospital,Viernes,4,0,0,486,602,562,482,533.0,5000,10.7,3.4,Bajo,Lluvia,0
Sabaneta,Miercoles,22,0,0,1318,859,1376,1479,1258.0,5000,25.2,2.3,Bajo,Soleado,0
Ayura,Martes,7,1,0,2092,1294,2878,1489,1938.2,5000,38.8,18.0,Bajo,Tormenta,0
Estadio,Viernes,12,1,0,1033,3497,2309,2642,2370.2,5000,47.4,11.7,Bajo,Tormenta,0
Envigado,Jueves,5,0,0,153,682,705,298,459.5,5000,9.2,9.2,Bajo,Lluvia,0
Aguacatala,Sabado,2,0,1,102,139,279,275,198.8,5000,4.0,14.2,Bajo,Soleado,0
Poblado,Jueves,1,0,0,1043,946,582,788,839.8,5000,16.8,9.0,Bajo,Soleado,0
Parque Berrio,Miercoles,0,0,0,302,247,583,332,366.0,5000,7.3,14.9,Bajo,Lluvia,0
Acevedo,Sabado,16,0,1,2487,2514,1186,1320,1876.8,5000,37.5,12.2,Bajo,Lluvia,0
Cisneros,Jueves,17,1,0,2028,2142,1255,2962,2096.8,5000,41.9,21.4,Bajo,Nublado,0
Sabaneta,Domingo,10,0,1,306,718,314,1508,711.5,5000,14.2,13.4,Bajo,Soleado,0
Estadio,Domingo,0,0,1,280,293,131,147,212.8,5000,4.3,4.0,Bajo,Soleado,0
Estadio,Martes,13,1,0,2294,2510,2015,2034,2213.2,5000,44.3,20.1,Bajo,Soleado,0
Itagui,Martes,21,0,0,594,1734,735,1375,1109.5,5000,22.2,3.2,Bajo,Lluvia,1
Madera,Miercoles,5,0,0,569,519,524,231,460.8,5000,9.2,5.3,Bajo,Soleado,1
Envigado,Sabado,6,1,1,2381,2182,1019,904,1621.5,5000,32.4,4.9,Bajo,Nublado,0
Tricentenario,Sabado,17,1,1,2260,2561,579,563,1490.8,5000,29.8,5.0,Bajo,Lluvia,0
Niquia,Martes,20,0,0,2118,2307,1589,1735,1937.2,5000,38.7,14.4,Bajo,Soleado,0
Floresta,Sabado,1,0,1,310,77,156,230,193.2,5000,3.9,2.1,Bajo,Soleado,1
Industriales,Viernes,5,0,0,121,334,514,422,347.8,5000,7.0,9.1,Bajo,Lluvia,0
Caribe,Martes,18,1,0,749,1860,4029,2608,2311.5,5000,46.2,11.4,Bajo,Soleado,0
Tricentenario,Lunes,17,1,0,3735,1552,1784,1189,2065.0,5000,41.3,3.9,Bajo,Tormenta,0
Parque Berrio,Lunes,12,1,0,746,3417,1666,812,1660.2,5000,33.2,11.0,Bajo,Nublado,0
Prado,Jueves,7,1,0,2455,2070,3302,3141,2742.0,5000,54.8,6.2,Medio,Nublado,0
Aguacatala,Jueves,14,1,0,1859,2276,3031,2916,2520.5,5000,50.4,13.3,Medio,Tormenta,0
Bello,Domingo,21,0,1,313,475,544,793,531.2,5000,10.6,6.4,Bajo,Nublado,0
Universidad,Viernes,2,0,0,293,611,500,730,533.5,5000,10.7,3.8,Bajo,Tormenta,0
Envigado,Lunes,22,0,0,1803,1158,666,2223,1462.5,5000,29.2,13.8,Bajo,Soleado,0
Hospital,Sabado,13,1,1,1928,790,748,1262,1182.0,5000,23.6,16.6,Bajo,Tormenta,0
La Estrella,Sabado,15,0,1,907,377,634,969,721.8,5000,14.4,10.6,Bajo,Tormenta,0
La Estrella,Lunes,5,0,0,136,429,336,324,306.2,5000,6.1,4.9,Bajo,Nublado,1
Acevedo,Lunes,6,1,0,5822,4096,4607,8380,5726.2,5000,114.5,9.6,Alto,Lluvia,1
Hospital,Jueves,0,0,0,238,176,408,310,283.0,5000,5.7,2.7,Bajo,Tormenta,0
Sabaneta,Martes,1,0,0,251,316,716,335,404.5,5000,8.1,5.4,Bajo,Lluvia,1
Suramericana,Miercoles,2,0,0,342,327,518,356,385.8,5000,7.7,13.4,Bajo,Tormenta,0
Alpujarra,Domingo,13,1,1,4299,1715,3782,1902,2924.5,5000,58.5,10.9,Medio,Tormenta,0
Aguacatala,Domingo,6,1,1,1993,1357,1244,1555,1537.2,5000,30.7,7.7,Bajo,Soleado,1
Itagui,Domingo,13,1,1,1474,609,1004,2080,1291.8,5000,25.8,11.9,Bajo,Lluvia,1
La Estrella,Lunes,16,0,0,883,955,2292,773,1225.8,5000,24.5,13.6,Bajo,Soleado,0
Itagui,Martes,12,1,0,1751,1162,1342,3007,1815.5,5000,36.3,13.1,Bajo,Nublado,0
Envigado,Lunes,0,0,0,595,323,357,514,447.2,5000,8.9,6.7,Bajo,Tormenta,0
Industriales,Domingo,17,1,1,1283,1306,1810,2447,1711.5,5000,34.2,18.1,Bajo,Soleado,0
Cisneros,Martes,6,1,0,3304,3342,4595,1791,3258.0,5000,65.2,10.4,Medio,Tormenta,1
La Estrella,Viernes,12,1,0,2558,1123,2172,1169,1755.5,5000,35.1,15.7,Bajo,Lluvia,0
La Estrella,Jueves,9,0,0,1362,1242,814,876,1073.5,5000,21.5,13.0,Bajo,Lluvia,0
Sabaneta,Lunes,2,0,0,375,351,282,390,349.5,5000,7.0,13.7,Bajo,Soleado,0
Caribe,Martes,14,1,0,3609,3251,3528,1517,2976.2,5000,59.5,3.8,Medio,Nublado,0
Prado,Domingo,22,0,1,329,479,1018,375,550.2,5000,11.0,9.3,Bajo,Lluvia,0
Santa Lucia,Domingo,6,1,1,1369,1613,2473,821,1569.0,5000,31.4,15.9,Bajo,Soleado,0
Bello,Martes,14,1,0,3230,846,3021,2211,2327.0,5000,46.5,15.9,Bajo,Tormenta,0
Envigado,Viernes,9,0,0,1293,1610,2164,708,1443.8,5000,28.9,6.9,Bajo,Tormenta,0
Caribe,Miercoles,20,0,0,729,1725,974,2072,1375.0,5000,27.5,8.5,Bajo,Lluvia,1
Itagui,Domingo,1,0,1,237,164,291,287,244.8,5000,4.9,2.4,Bajo,Lluvia,1
Envigado,Jueves,22,0,0,660,761,377,1041,709.8,5000,14.2,6.5,Bajo,Tormenta,1
Universidad,Sabado,5,0,1,243,253,451,359,326.5,5000,6.5,9.0,Bajo,Lluvia,0
Parque Berrio,Viernes,11,1,0,2763,1205,3555,2227,2437.5,5000,48.8,13.8,Bajo,Tormenta,1
San Antonio,Jueves,17,1,0,4125,7473,3735,4601,4983.5,5000,99.7,6.4,Alto,Lluvia,0
Alpujarra,Sabado,9,0,1,1242,2035,1139,1038,1363.5,5000,27.3,9.8,Bajo,Tormenta,0
Alpujarra,Viernes,16,0,0,1566,3421,3997,3294,3069.5,5000,61.4,7.1,Medio,Tormenta,1
Santa Lucia,Miercoles,10,0,0,2022,581,1725,1302,1407.5,5000,28.1,6.4,Bajo,Tormenta,1
Poblado,Viernes,12,1,0,4327,2412,1556,3872,3041.8,5000,60.8,20.2,Medio,Nublado,1
Tricentenario,Domingo,10,0,1,596,709,939,577,705.2,5000,14.1,13.9,Bajo,Nublado,0
La Estrella,Sabado,5,0,1,142,105,206,266,179.8,5000,3.6,13.4,Bajo,Tormenta,0
Prado,Jueves,21,0,0,1292,915,721,480,852.0,5000,17.0,9.3,Bajo,Nublado,1
Hospital,Domingo,18,1,1,823,850,2462,2421,1639.0,5000,32.8,12.0,Bajo,Soleado,1
Exposiciones,Miercoles,8,1,0,2645,3300,855,1713,2128.2,5000,42.6,20.4,Bajo,Soleado,1
Ayura,Sabado,11,1,1,1826,1857,1269,698,1412.5,5000,28.2,3.5,Bajo,Lluvia,0
Caribe,Martes,14,1,0,2773,1958,997,792,1630.0,5000,32.6,16.2,Bajo,Soleado,0
Niquia,Domingo,14,1,1,2393,2206,2862,3258,2679.8,5000,53.6,11.6,Medio,Soleado,0
Alpujarra,Jueves,22,0,0,3747,2624,3891,3615,3469.2,5000,69.4,8.0,Medio,Lluvia,0
Alpujarra,Viernes,15,0,0,4292,2225,2859,2744,3030.0,5000,60.6,6.4,Medio,Tormenta,1
Caribe,Jueves,6,1,0,2827,1303,2901,2673,2426.0,5000,48.5,4.1,Bajo,Nublado,0
Universidad,Sabado,17,1,1,851,835,1802,1117,1151.2,5000,23.0,11.9,Bajo,Nublado,1
Ayura,Viernes,17,1,0,2733,1874,1769,2818,2298.5,5000,46.0,15.3,Bajo,Lluvia,0
Madera,Viernes,2,0,0,483,363,423,269,384.5,5000,7.7,12.8,Bajo,Soleado,0
Sabaneta,Miercoles,8,1,0,2597,1496,1450,2668,2052.8,5000,41.1,10.5,Bajo,Lluvia,0
Madera,Domingo,5,0,1,351,96,92,314,213.2,5000,4.3,3.1,Bajo,Tormenta,0
Suramericana,Lunes,22,0,0,1916,1112,1327,813,1292.0,5000,25.8,14.4,Bajo,Soleado,1
Aguacatala,Domingo,2,0,1,208,187,312,190,224.2,5000,4.5,9.8,Bajo,Tormenta,1
Ayura,Martes,15,0,0,1011,1079,670,2309,1267.2,5000,25.3,12.4,Bajo,Tormenta,1
San Antonio,Jueves,6,1,0,4107,3985,7232,6176,5375.0,5000,107.5,21.0,Alto,Tormenta,0
Universidad,Miercoles,23,0,0,229,674,158,207,317.0,5000,6.3,3.0,Bajo,Lluvia,0
Alpujarra,Viernes,1,0,0,991,450,399,473,578.2,5000,11.6,13.3,Bajo,Tormenta,0
Ayura,Martes,18,1,0,1516,1880,2744,4250,2597.5,5000,51.9,10.9,Medio,Nublado,1
Ayura,Sabado,14,1,1,543,2109,808,541,1000.2,5000,20.0,7.4,Bajo,Nublado,0
Hospital,Miercoles,2,0,0,656,513,367,288,456.0,5000,9.1,12.7,Bajo,Tormenta,1
Exposiciones,Miercoles,5,0,0,243,272,330,476,330.2,5000,6.6,5.2,Bajo,Nublado,0
Cisneros,Viernes,13,1,0,1003,1842,2706,2533,2021.0,5000,40.4,21.9,Bajo,Nublado,0
Envigado,Miercoles,22,0,0,2276,1244,1348,2328,1799.0,5000,36.0,4.0,Bajo,Nublado,0
Prado,Jueves,21,0,0,1266,1109,1770,500,1161.2,5000,23.2,11.6,Bajo,Nublado,1
Ayura,Lunes,4,0,0,372,385,440,184,345.2,5000,6.9,6.5,Bajo,Lluvia,1
Hospital,Viernes,22,0,0,741,1740,1538,2323,1585.5,5000,31.7,3.7,Bajo,Soleado,0
San Javier,Miercoles,1,0,0,281,217,659,325,370.5,5000,7.4,11.7,Bajo,Tormenta,0
Madera,Domingo,6,1,1,2346,2621,1697,2160,2206.0,5000,44.1,14.5,Bajo,Nublado,0
Ayura,Jueves,7,1,0,2253,1826,3836,1847,2440.5,5000,48.8,21.6,Bajo,Tormenta,0
Aguacatala,Jueves,11,1,0,3438,3210,2242,2393,2820.8,5000,56.4,12.7,Medio,Tormenta,0
Acevedo,Viernes,19,1,0,5406,4687,7302,1700,4773.8,5000,95.5,15.8,Alto,Soleado,0
Caribe,Viernes,23,0,0,161,443,377,416,349.2,5000,7.0,14.8,Bajo,Soleado,0
Acevedo,Martes,19,1,0,3604,2289,6393,5388,4418.5,5000,88.4,6.5,Alto,Soleado,0
Estadio,Martes,16,0,0,850,796,856,1241,935.8,5000,18.7,11.6,Bajo,Lluvia,1
Envigado,Lunes,15,0,0,1605,486,1166,1282,1134.8,5000,22.7,13.9,Bajo,Tormenta,0
Bello,Miercoles,0,0,0,354,383,268,226,307.8,5000,6.2,2.7,Bajo,Tormenta,0
Caribe,Miercoles,23,0,0,243,202,385,252,270.5,5000,5.4,3.8,Bajo,Soleado,1
Cisneros,Martes,11,1,0,1709,771,1632,1343,1363.8,5000,27.3,5.2,Bajo,Tormenta,1
Industriales,Sabado,4,0,1,350,182,257,127,229.0,5000,4.6,12.5,Bajo,Nublado,0
Poblado,Sabado,4,0,1,761,981,1118,599,864.8,5000,17.3,7.3,Bajo,Nublado,0
Aguacatala,Miercoles,13,1,0,1879,1801,2609,1165,1863.5,5000,37.3,12.0,Bajo,Nublado,0
Prado,Viernes,16,0,0,652,1791,2262,1517,1555.5,5000,31.1,7.9,Bajo,Lluvia,0
La Estrella,Viernes,9,0,0,910,837,2010,1307,1266.0,5000,25.3,12.8,Bajo,Soleado,0
Alpujarra,Domingo,20,0,1,2026,840,2665,1190,1680.2,5000,33.6,6.8,Bajo,Nublado,0
Parque Berrio,Domingo,13,1,1,6586,1734,1887,2721,3232.0,5000,64.6,4.3,Medio,Soleado,1
Tricentenario,Miercoles,7,1,0,2044,1368,3359,3753,2631.0,5000,52.6,16.5,Medio,Soleado,1
La Estrella,Lunes,4,0,0,560,345,332,309,386.5,5000,7.7,10.2,Bajo,Soleado,1
Aguacatala,Sabado,7,1,1,1123,1062,1417,1048,1162.5,5000,23.2,11.8,Bajo,Nublado,0
Ayura,Sabado,9,0,1,495,669,695,423,570.5,5000,11.4,5.2,Bajo,Lluvia,1
Ayura,Miercoles,7,1,0,2241,1263,2634,1680,1954.5,5000,39.1,8.8,Bajo,Nublado,0
San Antonio,Viernes,8,1,0,4405,7406,7991,6664,6616.5,5000,132.3,9.2,Alto,Tormenta,0
Exposiciones,Domingo,16,0,1,2206,3116,3490,2725,2884.2,5000,57.7,12.8,Medio,Tormenta,0
Exposiciones,Domingo,6,1,1,4313,2477,2116,1755,2665.2,5000,53.3,4.4,Medio,Tormenta,0
Envigado,Viernes,22,0,0,2151,1193,992,1096,1358.0,5000,27.2,4.3,Bajo,Nublado,0
Tricentenario,Lunes,10,0,0,1888,669,1340,707,1151.0,5000,23.0,9.9,Bajo,Soleado,0
San Javier,Martes,14,1,0,3218,2610,1617,2920,2591.2,5000,51.8,21.0,Medio,Soleado,0
Caribe,Viernes,8,1,0,1561,2319,1178,3849,2226.8,5000,44.5,8.3,Bajo,Tormenta,0
Ayura,Jueves,19,1,0,2452,1684,2305,1942,2095.8,5000,41.9,17.4,Bajo,Soleado,0
Estadio,Lunes,3,0,0,337,272,313,477,349.8,5000,7.0,9.6,Bajo,Nublado,0
San Javier,Sabado,0,0,1,253,294,201,362,277.5,5000,5.5,3.7,Bajo,Nublado,0
Sabaneta,Jueves,17,1,0,1050,3697,2383,2420,2387.5,5000,47.8,6.5,Bajo,Nublado,0
Floresta,Sabado,11,1,1,826,1815,1143,1495,1319.8,5000,26.4,4.0,Bajo,Nublado,1
Madera,Jueves,2,0,0,210,568,444,616,459.5,5000,9.2,6.4,Bajo,Nublado,0
Estadio,Sabado,20,0,1,927,533,289,1188,734.2,5000,14.7,9.4,Bajo,Lluvia,0
Alpujarra,Sabado,8,1,1,2278,2221,3223,2560,2570.5,5000,51.4,16.2,Medio,Soleado,0
Cisneros,Martes,20,0,0,835,1366,615,1078,973.5,5000,19.5,3.9,Bajo,Tormenta,0
Aguacatala,Jueves,1,0,0,429,398,436,352,403.8,5000,8.1,3.1,Bajo,Nublado,0
Parque Berrio,Miercoles,6,1,0,1447,2767,1236,3150,2150.0,5000,43.0,4.3,Bajo,Nublado,1
Itagui,Domingo,8,1,1,1644,1013,1002,950,1152.2,5000,23.0,16.2,Bajo,Nublado,0
Envigado,Lunes,4,0,0,363,293,695,269,405.0,5000,8.1,7.3,Bajo,Nublado,1
Prado,Jueves,4,0,0,456,554,393,282,421.2,5000,8.4,8.9,Bajo,Lluvia,0
Ayura,Domingo,18,1,1,1553,1493,1343,1222,1402.8,5000,28.1,13.7,Bajo,Tormenta,0
San Antonio,Lunes,18,1,0,2406,5845,7822,2900,4743.2,5000,94.9,10.0,Alto,Nublado,1
Madera,Sabado,6,1,1,1792,1745,1913,1712,1790.5,5000,35.8,21.3,Bajo,Nublado,0
Bello,Domingo,23,0,1,376,202,172,157,226.8,5000,4.5,11.7,Bajo,Tormenta,0
Hospital,Lunes,20,0,0,715,826,1211,2196,1237.0,5000,24.7,4.1,Bajo,Nublado,0
Poblado,Viernes,9,0,0,2631,3943,2595,2593,2940.5,5000,58.8,3.3,Medio,Nublado,0
Itagui,Domingo,2,0,1,182,75,74,155,121.5,5000,2.4,9.0,Bajo,Nublado,0
Itagui,Jueves,8,1,0,2457,2479,1781,1309,2006.5,5000,40.1,21.2,Bajo,Nublado,0
Aguacatala,Martes,8,1,0,1115,1955,3404,3292,2441.5,5000,48.8,9.0,Bajo,Soleado,1
Aguacatala,Domingo,2,0,1,277,168,300,288,258.2,5000,5.2,9.4,Bajo,Nublado,0
Acevedo,Jueves,19,1,0,7417,6286,3337,2860,4975.0,5000,99.5,17.4,Alto,Tormenta,0
Acevedo,Martes,1,0,0,518,604,499,509,532.5,5000,10.7,5.0,Bajo,Tormenta,0
Itagui,Jueves,23,0,0,349,458,513,594,478.5,5000,9.6,10.2,Bajo,Soleado,1
Acevedo,Sabado,6,1,1,2235,3677,3596,3973,3370.2,5000,67.4,3.1,Medio,Nublado,0
Estadio,Jueves,19,1,0,1607,2056,3001,3255,2479.8,5000,49.6,19.5,Bajo,Nublado,1
San Javier,Martes,19,1,0,3766,1832,1980,1095,2168.2,5000,43.4,15.1,Bajo,Nublado,0
Caribe,Lunes,0,0,0,229,230,678,406,385.8,5000,7.7,7.5,Bajo,Soleado,1
Alpujarra,Lunes,5,0,0,714,571,1246,922,863.2,5000,17.3,8.7,Bajo,Lluvia,0
Envigado,Domingo,16,0,1,750,596,442,831,654.8,5000,13.1,10.6,Bajo,Soleado,0
Industriales,Jueves,11,1,0,3521,2425,2297,1397,2410.0,5000,48.2,14.5,Bajo,Nublado,0
Sabaneta,Viernes,2,0,0,442,354,340,158,323.5,5000,6.5,8.6,Bajo,Nublado,1
San Antonio,Viernes,6,1,0,5038,4330,4670,4932,4742.5,5000,94.8,13.8,Alto,Lluvia,0
Universidad,Sabado,20,0,1,724,298,683,919,656.0,5000,13.1,6.8,Bajo,Soleado,1
Niquia,Viernes,4,0,0,998,1092,569,470,782.2,5000,15.6,12.5,Bajo,Lluvia,0
Santa Lucia,Jueves,4,0,0,671,518,524,543,564.0,5000,11.3,10.5,Bajo,Nublado,0
Niquia,Sabado,21,0,1,2465,1774,1793,750,1695.5,5000,33.9,10.4,Bajo,Nublado,1
Hospital,Miercoles,18,1,0,1572,1382,1476,1728,1539.5,5000,30.8,11.5,Bajo,Soleado,0
Parque Berrio,Miercoles,23,0,0,312,197,674,529,428.0,5000,8.6,13.0,Bajo,Lluvia,0
Bello,Viernes,18,1,0,2081,3304,898,2462,2186.2,5000,43.7,18.2,Bajo,Nublado,0
Poblado,Domingo,21,0,1,2617,5138,2705,4481,3735.2,5000,74.7,4.4,Medio,Soleado,1
Ayura,Martes,9,0,0,1167,599,572,596,733.5,5000,14.7,8.4,Bajo,Nublado,1
Acevedo,Miercoles,18,1,0,1685,2492,2115,5259,2887.8,5000,57.8,5.2,Medio,Soleado,0
Acevedo,Viernes,8,1,0,2150,6799,2896,5052,4224.2,5000,84.5,5.7,Alto,Tormenta,0
San Javier,Domingo,10,0,1,546,1248,516,764,768.5,5000,15.4,15.0,Bajo,Soleado,0
Caribe,Sabado,6,1,1,1536,2051,820,551,1239.5,5000,24.8,3.6,Bajo,Tormenta,0
Estadio,Sabado,13,1,1,1635,661,825,1259,1095.0,5000,21.9,16.5,Bajo,Nublado,0
Caribe,Lunes,9,0,0,1175,1873,1418,606,1268.0,5000,25.4,11.0,Bajo,Lluvia,1
Aguacatala,Martes,2,0,0,117,310,410,212,262.2,5000,5.2,14.0,Bajo,Lluvia,0
Parque Berrio,Lunes,18,1,0,1167,992,2368,1630,1539.2,5000,30.8,7.9,Bajo,Nublado,1
Floresta,Jueves,13,1,0,1642,3312,1660,2007,2155.2,5000,43.1,3.3,Bajo,Lluvia,0
Estadio,Martes,8,1,0,2043,2285,3142,2840,2577.5,5000,51.5,21.3,Medio,Nublado,1
Itagui,Miercoles,18,1,0,2391,3491,698,1134,1928.5,5000,38.6,5.7,Bajo,Tormenta,0
Aguacatala,Sabado,17,1,1,584,1401,1741,2170,1474.0,5000,29.5,3.6,Bajo,Tormenta,0
Tricentenario,Jueves,13,1,0,875,2887,1621,1650,1758.2,5000,35.2,9.6,Bajo,Nublado,1
Aguacatala,Martes,10,0,0,1207,1172,1721,1367,1366.8,5000,27.3,9.5,Bajo,Nublado,1
Madera,Martes,1,0,0,463,462,558,357,460.0,5000,9.2,14.8,Bajo,Tormenta,0
Industriales,Sabado,6,1,1,1798,1550,1737,1536,1655.2,5000,33.1,5.3,Bajo,Nublado,0
Floresta,Domingo,19,1,1,1590,830,962,2443,1456.2,5000,29.1,18.6,Bajo,Nublado,1
Niquia,Viernes,0,0,0,828,1400,1108,1300,1159.0,5000,23.2,9.4,Bajo,Lluvia,0
Ayura,Jueves,23,0,0,295,298,285,404,320.5,5000,6.4,4.3,Bajo,Nublado,0
Poblado,Domingo,10,0,1,3775,6654,5155,3497,4770.2,5000,95.4,13.3,Alto,Lluvia,0
Exposiciones,Jueves,5,0,0,390,226,417,422,363.8,5000,7.3,13.8,Bajo,Soleado,1
La Estrella,Miercoles,23,0,0,453,363,256,248,330.0,5000,6.6,8.3,Bajo,Lluvia,1
Poblado,Miercoles,16,0,0,1504,3298,3822,1895,2629.8,5000,52.6,12.1,Medio,Soleado,0
Aguacatala,Jueves,21,0,0,799,747,1219,1097,965.5,5000,19.3,12.1,Bajo,Tormenta,0
Estadio,Lunes,1,0,0,523,342,220,370,363.8,5000,7.3,5.2,Bajo,Tormenta,0
La Estrella,Jueves,13,1,0,2623,2635,3440,2930,2907.0,5000,58.1,3.3,Medio,Tormenta,0
San Antonio,Lunes,17,1,0,2193,2665,2853,7178,3722.2,5000,74.4,7.8,Medio,Tormenta,0
Hospital,Miercoles,7,1,0,3611,1222,2077,762,1918.0,5000,38.4,5.4,Bajo,Soleado,0
Bello,Viernes,10,0,0,1214,2121,983,1856,1543.5,5000,30.9,12.5,Bajo,Lluvia,0
Sabaneta,Miercoles,22,0,0,2110,1017,1093,983,1300.8,5000,26.0,12.9,Bajo,Soleado,0
Itagui,Lunes,9,0,0,1506,1138,634,919,1049.2,5000,21.0,15.0,Bajo,Soleado,1
San Javier,Martes,17,1,0,1381,3055,1692,3418,2386.5,5000,47.7,4.7,Bajo,Soleado,0
Prado,Viernes,15,0,0,810,1916,936,1191,1213.2,5000,24.3,11.4,Bajo,Lluvia,0
Cisneros,Viernes,17,1,0,1860,2903,1220,2370,2088.2,5000,41.8,22.1,Bajo,Nublado,0
Poblado,Viernes,15,0,0,2696,2745,1032,3009,2370.5,5000,47.4,10.3,Bajo,Tormenta,0
San Javier,Martes,1,0,0,326,269,371,512,369.5,5000,7.4,4.1,Bajo,Nublado,0
La Estrella,Lunes,13,1,0,1442,2744,1943,1272,1850.2,5000,37.0,20.4,Bajo,Lluvia,0
Hospital,Sabado,5,0,1,106,118,386,387,249.2,5000,5.0,10.2,Bajo,Lluvia,0
Envigado,Sabado,15,0,1,1014,640,712,846,803.0,5000,16.1,11.2,Bajo,Nublado,0
Poblado,Martes,22,0,0,2329,2170,1317,1847,1915.8,5000,38.3,10.0,Bajo,Tormenta,1
Bello,Lunes,21,0,0,973,993,765,956,921.8,5000,18.4,3.2,Bajo,Soleado,0
Envigado,Viernes,2,0,0,568,397,428,331,431.0,5000,8.6,8.4,Bajo,Lluvia,0
Parque Berrio,Domingo,1,0,1,1127,534,298,512,617.8,5000,12.4,7.9,Bajo,Lluvia,1
Tricentenario,Martes,23,0,0,424,262,146,209,260.2,5000,5.2,5.0,Bajo,Tormenta,0
Acevedo,Viernes,17,1,0,7670,8382,6432,2161,6161.2,5000,123.2,8.0,Alto,Lluvia,0
Sabaneta,Sabado,16,0,1,1269,607,580,1034,872.5,5000,17.4,14.0,Bajo,Soleado,1
Ayura,Domingo,22,0,1,621,921,818,856,804.0,5000,16.1,9.7,Bajo,Lluvia,0
Sabaneta,Lunes,23,0,0,452,527,121,401,375.2,5000,7.5,12.5,Bajo,Nublado,0
Itagui,Domingo,3,0,1,225,82,117,127,137.8,5000,2.8,4.6,Bajo,Nublado,1
San Antonio,Viernes,9,0,0,3601,2276,1755,3544,2794.0,5000,55.9,6.9,Medio,Lluvia,0
Cisneros,Viernes,14,1,0,2228,3599,1746,1114,2171.8,5000,43.4,6.1,Bajo,Soleado,0
La Estrella,Domingo,12,1,1,1397,1005,1572,929,1225.8,5000,24.5,13.2,Bajo,Nublado,0
Niquia,Sabado,16,0,1,2521,2205,2770,2139,2408.8,5000,48.2,10.9,Bajo,Lluvia,0
Suramericana,Sabado,12,1,1,1784,511,2012,1125,1358.0,5000,27.2,9.5,Bajo,Nublado,0
San Javier,Jueves,23,0,0,451,170,286,280,296.8,5000,5.9,2.1,Bajo,Tormenta,0
Ayura,Lunes,20,0,0,617,1155,962,1957,1172.8,5000,23.5,4.2,Bajo,Nublado,0
Industriales,Domingo,10,0,1,511,537,1126,588,690.5,5000,13.8,7.7,Bajo,Nublado,0
Caribe,Lunes,11,1,0,1773,2052,2599,2732,2289.0,5000,45.8,18.8,Bajo,Nublado,0
Acevedo,Domingo,8,1,1,4740,4053,4669,4711,4543.2,5000,90.9,12.3,Alto,Nublado,0
Cisneros,Martes,8,1,0,2113,1164,3208,2348,2208.2,5000,44.2,15.4,Bajo,Lluvia,0
Santa Lucia,Sabado,17,1,1,750,1667,1320,1029,1191.5,5000,23.8,13.4,Bajo,Nublado,0
Ayura,Martes,1,0,0,366,340,359,626,422.8,5000,8.5,7.8,Bajo,Nublado,0
Hospital,Jueves,12,1,0,1671,2986,1205,1414,1819.0,5000,36.4,18.9,Bajo,Tormenta,1
Suramericana,Jueves,4,0,0,172,319,451,370,328.0,5000,6.6,14.5,Bajo,Soleado,0
Aguacatala,Martes,19,1,0,1763,2381,3038,3000,2545.5,5000,50.9,11.0,Medio,Lluvia,0
Hospital,Sabado,22,0,1,593,1044,332,316,571.2,5000,11.4,4.9,Bajo,Tormenta,1
Caribe,Jueves,9,0,0,1408,694,1503,712,1079.2,5000,21.6,3.9,Bajo,Soleado,1
Suramericana,Jueves,10,0,0,1160,1514,648,1013,1083.8,5000,21.7,7.6,Bajo,Nublado,0
San Javier,Miercoles,4,0,0,362,429,417,175,345.8,5000,6.9,8.8,Bajo,Tormenta,0
Envigado,Martes,15,0,0,2245,904,852,1168,1292.2,5000,25.8,13.7,Bajo,Tormenta,0
La Estrella,Martes,8,1,0,1693,2500,782,3416,2097.8,5000,42.0,18.0,Bajo,Soleado,1
Industriales,Miercoles,0,0,0,386,375,576,249,396.5,5000,7.9,2.3,Bajo,Nublado,1
Santa Lucia,Jueves,7,1,0,1623,2947,4208,2824,2900.5,5000,58.0,4.7,Medio,Tormenta,1
La Estrella,Sabado,6,1,1,838,2197,1748,660,1360.8,5000,27.2,21.1,Bajo,Lluvia,0
Alpujarra,Jueves,22,0,0,2176,2245,2137,1972,2132.5,5000,42.6,14.5,Bajo,Tormenta,0
San Javier,Sabado,1,0,1,208,207,320,402,284.2,5000,5.7,5.5,Bajo,Nublado,1
Prado,Viernes,17,1,0,2904,2577,1391,3248,2530.0,5000,50.6,10.5,Medio,Tormenta,0
Acevedo,Viernes,16,0,0,2923,1582,3603,1222,2332.5,5000,46.7,3.1,Bajo,Tormenta,0
Acevedo,Miercoles,11,1,0,5646,3545,1862,6146,4299.8,5000,86.0,18.0,Alto,Lluvia,0
Prado,Lunes,23,0,0,469,515,425,246,413.8,5000,8.3,10.7,Bajo,Tormenta,0
Envigado,Sabado,20,0,1,379,1102,650,448,644.8,5000,12.9,5.6,Bajo,Lluvia,0
Industriales,Sabado,20,0,1,530,957,329,707,630.8,5000,12.6,2.7,Bajo,Tormenta,0
Parque Berrio,Miercoles,5,0,0,467,448,284,368,391.8,5000,7.8,7.8,Bajo,Nublado,0
Prado,Domingo,1,0,1,288,239,244,241,253.0,5000,5.1,5.3,Bajo,Tormenta,0
San Javier,Martes,15,0,0,1692,1674,1089,2249,1676.0,5000,33.5,12.3,Bajo,Lluvia,0
Tricentenario,Lunes,0,0,0,192,327,179,347,261.2,5000,5.2,13.6,Bajo,Soleado,0
Hospital,Domingo,18,1,1,2659,1100,2269,857,1721.2,5000,34.4,8.0,Bajo,Nublado,1
San Antonio,Sabado,17,1,1,1911,1087,1208,4553,2189.8,5000,43.8,18.5,Bajo,Nublado,0
Bello,Martes,16,0,0,1317,1522,1114,1338,1322.8,5000,26.5,4.4,Bajo,Lluvia,1
San Antonio,Domingo,21,0,1,1538,2618,2241,2401,2199.5,5000,44.0,9.6,Bajo,Tormenta,0
Caribe,Jueves,16,0,0,1669,888,1575,1115,1311.8,5000,26.2,14.3,Bajo,Lluvia,0
Madera,Sabado,11,1,1,2080,1792,1441,1847,1790.0,5000,35.8,5.7,Bajo,Soleado,0
Tricentenario,Sabado,7,1,1,2007,649,2187,763,1401.5,5000,28.0,19.8,Bajo,Tormenta,1
La Estrella,Viernes,22,0,0,1841,1024,1027,1189,1270.2,5000,25.4,13.1,Bajo,Soleado,0
La Estrella,Martes,23,0,0,326,536,543,230,408.8,5000,8.2,14.6,Bajo,Tormenta,0
Parque Berrio,Lunes,2,0,0,234,534,350,542,415.0,5000,8.3,7.5,Bajo,Soleado,1
Itagui,Viernes,16,0,0,1794,884,1083,616,1094.2,5000,21.9,6.2,Bajo,Nublado,0
Niquia,Domingo,8,1,1,1259,3824,959,2732,2193.5,5000,43.9,5.8,Bajo,Nublado,0
Bello,Miercoles,13,1,0,3361,2037,1962,1460,2205.0,5000,44.1,13.8,Bajo,Tormenta,1
Universidad,Lunes,0,0,0,225,325,404,558,378.0,5000,7.6,2.6,Bajo,Tormenta,1
Poblado,Jueves,21,0,0,2711,1193,4105,1674,2420.8,5000,48.4,8.6,Bajo,Lluvia,0
Itagui,Jueves,8,1,0,3162,3841,3109,2693,3201.2,5000,64.0,7.0,Medio,Lluvia,0
Prado,Lunes,9,0,0,1003,2040,1582,1501,1531.5,5000,30.6,14.3,Bajo,Lluvia,0
Suramericana,Sabado,2,0,1,349,307,268,297,305.2,5000,6.1,14.3,Bajo,Nublado,1
Niquia,Domingo,3,0,1,200,568,459,448,418.8,5000,8.4,10.0,Bajo,Lluvia,0
San Antonio,Domingo,1,0,1,249,574,246,212,320.2,5000,6.4,11.4,Bajo,Tormenta,0
Universidad,Domingo,12,1,1,1401,1280,907,757,1086.2,5000,21.7,13.1,Bajo,Soleado,1
Acevedo,Sabado,19,1,1,3810,2604,1731,2634,2694.8,5000,53.9,20.0,Medio,Nublado,0
Prado,Martes,5,0,0,333,325,716,448,455.5,5000,9.1,3.2,Bajo,Nublado,0
Parque Berrio,Lunes,18,1,0,3217,2705,4097,2601,3155.0,5000,63.1,14.9,Medio,Soleado,0
Acevedo,Miercoles,16,0,0,3022,1390,2776,5036,3056.0,5000,61.1,9.1,Medio,Lluvia,1
Estadio,Sabado,4,0,1,258,336,81,139,203.5,5000,4.1,12.8,Bajo,Tormenta,0
Exposiciones,Domingo,19,1,1,4407,2516,4805,1578,3326.5,5000,66.5,3.7,Medio,Soleado,1
Caribe,Jueves,19,1,0,3006,918,1031,2403,1839.5,5000,36.8,20.8,Bajo,Tormenta,0
Universidad,Jueves,8,1,0,2348,709,2407,2488,1988.0,5000,39.8,4.5,Bajo,Soleado,0
Envigado,Lunes,11,1,0,1054,2989,2225,1341,1902.2,5000,38.0,21.5,Bajo,Lluvia,0
Estadio,Viernes,20,0,0,1902,760,1126,737,1131.2,5000,22.6,14.1,Bajo,Lluvia,0
Ayura,Domingo,8,1,1,1531,828,1874,1036,1317.2,5000,26.3,21.9,Bajo,Tormenta,0
Prado,Martes,18,1,0,1806,2054,2742,4506,2777.0,5000,55.5,16.3,Medio,Lluvia,0
Santa Lucia,Domingo,5,0,1,340,345,257,301,310.8,5000,6.2,12.2,Bajo,Soleado,1
San Antonio,Viernes,11,1,0,7967,3563,5456,2243,4807.2,5000,96.1,11.4,Alto,Nublado,0
Estadio,Miercoles,7,1,0,2253,1881,3442,1820,2349.0,5000,47.0,19.8,Bajo,Lluvia,0
Cisneros,Viernes,4,0,0,203,659,478,279,404.8,5000,8.1,3.2,Bajo,Tormenta,0
Ayura,Jueves,16,0,0,968,507,745,2101,1080.2,5000,21.6,7.2,Bajo,Tormenta,0
Estadio,Sabado,16,0,1,811,914,393,864,745.5,5000,14.9,8.8,Bajo,Lluvia,0
Sabaneta,Lunes,19,1,0,4253,3120,2395,807,2643.8,5000,52.9,11.2,Medio,Lluvia,0
Santa Lucia,Lunes,15,0,0,1105,1598,746,907,1089.0,5000,21.8,4.0,Bajo,Tormenta,0
Itagui,Martes,1,0,0,285,329,418,145,294.2,5000,5.9,14.9,Bajo,Lluvia,0
Bello,Miercoles,11,1,0,2776,2166,2671,1425,2259.5,5000,45.2,20.1,Bajo,Lluvia,0
Alpujarra,Jueves,16,0,0,3697,1427,2214,2959,2574.2,5000,51.5,9.0,Medio,Nublado,0
La Estrella,Viernes,0,0,0,357,600,586,253,449.0,5000,9.0,2.6,Bajo,Nublado,1
Estadio,Lunes,4,0,0,624,210,510,175,379.8,5000,7.6,13.9,Bajo,Tormenta,1
Aguacatala,Martes,3,0,0,546,182,364,240,333.0,5000,6.7,2.1,Bajo,Soleado,1
Itagui,Viernes,12,1,0,1484,2941,1266,1262,1738.2,5000,34.8,4.6,Bajo,Nublado,0
Universidad,Lunes,19,1,0,1609,1482,2607,2161,1964.8,5000,39.3,7.0,Bajo,Lluvia,0
Caribe,Martes,14,1,0,1372,1481,1945,3505,2075.8,5000,41.5,20.8,Bajo,Lluvia,0
Hospital,Jueves,6,1,0,2861,1124,3108,3302,2598.8,5000,52.0,11.6,Medio,Tormenta,0
Ayura,Sabado,9,0,1,1168,450,344,561,630.8,5000,12.6,4.8,Bajo,Tormenta,0
Cisneros,Domingo,0,0,1,143,89,151,184,141.8,5000,2.8,13.5,Bajo,Lluvia,1
La Estrella,Sabado,20,0,1,497,519,716,815,636.8,5000,12.7,3.1,Bajo,Lluvia,1
Parque Berrio,Miercoles,7,1,0,2248,2628,2911,2293,2520.0,5000,50.4,4.5,Medio,Nublado,0
Cisneros,Sabado,15,0,1,1023,483,419,928,713.2,5000,14.3,13.4,Bajo,Lluvia,0
Bello,Sabado,22,0,1,574,438,787,1123,730.5,5000,14.6,3.3,Bajo,Soleado,0
Cisneros,Martes,18,1,0,2366,1811,2590,1892,2164.8,5000,43.3,15.9,Bajo,Tormenta,0
Bello,Viernes,21,0,0,507,1159,727,1741,1033.5,5000,20.7,10.9,Bajo,Soleado,0
Acevedo,Jueves,9,0,0,854,3997,2886,2506,2560.8,5000,51.2,11.9,Medio,Nublado,0
Envigado,Jueves,15,0,0,1953,1373,1137,1442,1476.2,5000,29.5,13.3,Bajo,Lluvia,0
Universidad,Lunes,14,1,0,1796,4493,2907,4066,3315.5,5000,66.3,17.3,Medio,Lluvia,0
Floresta,Martes,9,0,0,590,1429,2427,1465,1477.8,5000,29.6,14.1,Bajo,Lluvia,0
Sabaneta,Martes,8,1,0,1965,2792,1219,2547,2130.8,5000,42.6,15.2,Bajo,Nublado,1
Caribe,Sabado,19,1,1,850,999,1286,707,960.5,5000,19.2,14.8,Bajo,Tormenta,0
Universidad,Domingo,22,0,1,461,895,486,1293,783.8,5000,15.7,2.2,Bajo,Soleado,1
Prado,Viernes,15,0,0,1122,1595,1137,1486,1335.0,5000,26.7,14.2,Bajo,Lluvia,0
Alpujarra,Sabado,21,0,1,1469,805,1490,1367,1282.8,5000,25.7,10.3,Bajo,Nublado,1
Poblado,Viernes,21,0,0,2923,3462,1803,1367,2388.8,5000,47.8,2.1,Bajo,Soleado,0
Niquia,Domingo,6,1,1,3469,2427,5144,2144,3296.0,5000,65.9,19.5,Medio,Tormenta,1
Niquia,Miercoles,4,0,0,583,737,975,520,703.8,5000,14.1,7.5,Bajo,Soleado,1
Exposiciones,Viernes,20,0,0,1241,1267,1425,800,1183.2,5000,23.7,9.6,Bajo,Soleado,0
San Javier,Martes,8,1,0,1849,2995,1917,2524,2321.2,5000,46.4,6.0,Bajo,Tormenta,0
Madera,Lunes,14,1,0,3028,1699,2401,2960,2522.0,5000,50.4,4.3,Medio,Tormenta,0
Santa Lucia,Sabado,22,0,1,499,709,723,1167,774.5,5000,15.5,10.9,Bajo,Soleado,0
Industriales,Martes,0,0,0,195,708,330,671,476.0,5000,9.5,4.7,Bajo,Nublado,0
Madera,Lunes,9,0,0,1972,1525,1729,1066,1573.0,5000,31.5,9.5,Bajo,Soleado,0
San Javier,Lunes,9,0,0,1932,1524,1396,1345,1549.2,5000,31.0,12.3,Bajo,Soleado,0
Tricentenario,Jueves,21,0,0,736,1071,1501,1188,1124.0,5000,22.5,4.0,Bajo,Nublado,1
Acevedo,Lunes,8,1,0,6230,3221,5303,5540,5073.5,5000,101.5,16.0,Alto,Nublado,1
Aguacatala,Lunes,7,1,0,1358,3288,2225,2377,2312.0,5000,46.2,19.1,Bajo,Nublado,0
Santa Lucia,Lunes,5,0,0,240,347,358,431,344.0,5000,6.9,4.1,Bajo,Tormenta,0
Cisneros,Sabado,14,1,1,1347,1123,2390,765,1406.2,5000,28.1,9.6,Bajo,Tormenta,0
Itagui,Viernes,8,1,0,3140,2806,1591,2324,2465.2,5000,49.3,22.2,Bajo,Tormenta,0
Industriales,Lunes,11,1,0,3612,3146,1457,3388,2900.8,5000,58.0,14.1,Medio,Soleado,0
Envigado,Martes,0,0,0,214,431,301,342,322.0,5000,6.4,13.0,Bajo,Tormenta,0
Caribe,Sabado,13,1,1,1139,969,1255,1599,1240.5,5000,24.8,7.6,Bajo,Nublado,0
San Javier,Miercoles,14,1,0,1947,1636,2363,3392,2334.5,5000,46.7,13.9,Bajo,Soleado,1
Niquia,Viernes,15,0,0,1097,1260,2558,888,1450.8,5000,29.0,12.8,Bajo,Lluvia,1
San Antonio,Martes,10,0,0,2851,2612,2853,2407,2680.8,5000,53.6,12.2,Medio,Soleado,0
Cisneros,Sabado,19,1,1,1413,1342,2596,1749,1775.0,5000,35.5,4.5,Bajo,Soleado,0
Santa Lucia,Jueves,0,0,0,462,664,555,350,507.8,5000,10.2,4.9,Bajo,Nublado,0
Aguacatala,Viernes,16,0,0,617,2317,1641,799,1343.5,5000,26.9,8.3,Bajo,Lluvia,1
Universidad,Jueves,21,0,0,1529,1018,2087,1601,1558.8,5000,31.2,3.4,Bajo,Tormenta,1
Prado,Lunes,6,1,0,1410,1315,2997,995,1679.2,5000,33.6,17.1,Bajo,Soleado,0
San Antonio,Martes,14,1,0,6315,7035,6236,2087,5418.2,5000,108.4,10.7,Alto,Soleado,1
Exposiciones,Domingo,18,1,1,2638,2739,3698,5110,3546.2,5000,70.9,19.7,Medio,Lluvia,1
Santa Lucia,Jueves,14,1,0,1105,2370,1556,2029,1765.0,5000,35.3,10.7,Bajo,Nublado,0
Itagui,Martes,4,0,0,540,301,367,172,345.0,5000,6.9,13.2,Bajo,Tormenta,0
Cisneros,Martes,1,0,0,287,457,385,635,441.0,5000,8.8,4.3,Bajo,Lluvia,0
La Estrella,Miercoles,16,0,0,2186,1200,806,1791,1495.8,5000,29.9,4.4,Bajo,Tormenta,0
Tricentenario,Sabado,14,1,1,2482,1561,1567,751,1590.2,5000,31.8,17.6,Bajo,Lluvia,0
La Estrella,Lunes,16,0,0,806,1380,1844,1553,1395.8,5000,27.9,8.8,Bajo,Lluvia,1
San Antonio,Martes,18,1,0,3908,2391,2204,6347,3712.5,5000,74.2,10.1,Medio,Soleado,0
Itagui,Sabado,4,0,1,142,155,229,397,230.8,5000,4.6,11.6,Bajo,Tormenta,1
Suramericana,Jueves,8,1,0,1105,804,2324,1619,1463.0,5000,29.3,15.1,Bajo,Nublado,0
San Javier,Domingo,20,0,1,484,768,1087,1019,839.5,5000,16.8,2.1,Bajo,Nublado,1
Aguacatala,Domingo,18,1,1,728,1829,898,1102,1139.2,5000,22.8,21.0,Bajo,Tormenta,0
Santa Lucia,Lunes,15,0,0,1426,1883,2049,737,1523.8,5000,30.5,4.9,Bajo,Lluvia,0
Itagui,Lunes,0,0,0,118,420,569,411,379.5,5000,7.6,4.7,Bajo,Lluvia,0
Madera,Martes,16,0,0,1075,1788,1778,1588,1557.2,5000,31.1,9.7,Bajo,Lluvia,0
Hospital,Sabado,13,1,1,1623,950,2028,912,1378.2,5000,27.6,21.6,Bajo,Tormenta,0
Aguacatala,Martes,1,0,0,468,304,221,591,396.0,5000,7.9,9.9,Bajo,Nublado,0
Suramericana,Domingo,9,0,1,1322,926,826,717,947.8,5000,19.0,6.3,Bajo,Tormenta,0
Exposiciones,Domingo,9,0,1,3142,2085,2227,2129,2395.8,5000,47.9,2.5,Bajo,Soleado,0
Tricentenario,Miercoles,20,0,0,984,1422,1046,1421,1218.2,5000,24.4,5.4,Bajo,Tormenta,1
Envigado,Viernes,20,0,0,1397,1193,1489,670,1187.2,5000,23.7,11.0,Bajo,Lluvia,0
Niquia,Martes,9,0,0,4379,1396,2402,1311,2372.0,5000,47.4,5.0,Bajo,Lluvia,0
Alpujarra,Jueves,23,0,0,464,885,702,1152,800.8,5000,16.0,12.9,Bajo,Tormenta,0
San Antonio,Sabado,18,1,1,2644,3281,4188,3118,3307.8,5000,66.2,4.7,Medio,Lluvia,1
Santa Lucia,Jueves,19,1,0,3223,2553,1786,1689,2312.8,5000,46.3,19.6,Bajo,Soleado,0
Estadio,Miercoles,6,1,0,959,1929,1160,2123,1542.8,5000,30.9,21.5,Bajo,Tormenta,1
Envigado,Lunes,9,0,0,1452,549,1877,809,1171.8,5000,23.4,13.9,Bajo,Soleado,1
Prado,Miercoles,10,0,0,1670,1676,1031,919,1324.0,5000,26.5,5.1,Bajo,Nublado,0
Aguacatala,Sabado,20,0,1,1169,695,826,431,780.2,5000,15.6,9.3,Bajo,Lluvia,0
San Antonio,Lunes,12,1,0,4425,3016,5160,3081,3920.5,5000,78.4,6.5,Medio,Soleado,0
Itagui,Jueves,3,0,0,390,361,667,436,463.5,5000,9.3,14.5,Bajo,Nublado,0
Caribe,Martes,10,0,0,875,1694,1270,1351,1297.5,5000,25.9,7.8,Bajo,Lluvia,0
Poblado,Sabado,0,0,1,1620,1880,445,783,1182.0,5000,23.6,2.3,Bajo,Nublado,0
Poblado,Domingo,3,0,1,1584,2270,878,624,1339.0,5000,26.8,6.6,Bajo,Soleado,0
Caribe,Martes,12,1,0,1648,1086,3797,2051,2145.5,5000,42.9,4.8,Bajo,Lluvia,0
Exposiciones,Viernes,17,1,0,3822,1033,1485,2985,2331.2,5000,46.6,18.8,Bajo,Nublado,1
Sabaneta,Lunes,3,0,0,198,193,334,277,250.5,5000,5.0,8.8,Bajo,Soleado,0
Hospital,Viernes,15,0,0,2017,697,924,1097,1183.8,5000,23.7,4.9,Bajo,Lluvia,1
Sabaneta,Jueves,3,0,0,321,518,413,201,363.2,5000,7.3,7.1,Bajo,Tormenta,1
Acevedo,Miercoles,17,1,0,5586,5867,2279,2258,3997.5,5000,80.0,16.2,Medio,Lluvia,0
Ayura,Viernes,2,0,0,330,161,484,208,295.8,5000,5.9,9.7,Bajo,Soleado,0
Itagui,Sabado,7,1,1,1500,605,1966,1346,1354.2,5000,27.1,4.9,Bajo,Soleado,1
Niquia,Jueves,1,0,0,744,743,1292,906,921.2,5000,18.4,13.4,Bajo,Lluvia,0
San Antonio,Domingo,6,1,1,2993,1067,4613,2517,2797.5,5000,56.0,13.7,Medio,Soleado,0
Aguacatala,Miercoles,15,0,0,1343,1203,1887,903,1334.0,5000,26.7,14.0,Bajo,Nublado,0
Estadio,Martes,11,1,0,2321,2615,1973,1214,2030.8,5000,40.6,16.6,Bajo,Lluvia,0
San Antonio,Domingo,13,1,1,2545,4364,1545,2466,2730.0,5000,54.6,3.2,Medio,Tormenta,0
Bello,Domingo,4,0,1,241,278,333,239,272.8,5000,5.5,5.5,Bajo,Lluvia,1
Hospital,Lunes,17,1,0,2502,3561,3952,3599,3403.5,5000,68.1,15.6,Medio,Nublado,0
Acevedo,Miercoles,13,1,0,5530,5798,5196,1731,4563.8,5000,91.3,9.9,Alto,Soleado,0
San Javier,Viernes,18,1,0,1193,1192,1789,1305,1369.8,5000,27.4,5.3,Bajo,Lluvia,0
Itagui,Sabado,4,0,1,96,415,113,346,242.5,5000,4.9,10.7,Bajo,Nublado,0
San Javier,Lunes,5,0,0,434,191,185,416,306.5,5000,6.1,5.2,Bajo,Tormenta,0
Cisneros,Lunes,12,1,0,3517,942,2773,1819,2262.8,5000,45.3,13.5,Bajo,Lluvia,1
Estadio,Lunes,22,0,0,1262,1224,1573,483,1135.5,5000,22.7,14.8,Bajo,Tormenta,0
Estadio,Lunes,19,1,0,2033,1023,1886,3719,2165.2,5000,43.3,10.9,Bajo,Lluvia,0
Madera,Viernes,11,1,0,1154,2730,2617,2913,2353.5,5000,47.1,21.2,Bajo,Nublado,0
San Javier,Miercoles,21,0,0,1652,1759,1567,1327,1576.2,5000,31.5,6.5,Bajo,Soleado,0
Caribe,Lunes,1,0,0,158,650,436,533,444.2,5000,8.9,8.4,Bajo,Soleado,0
San Antonio,Lunes,16,0,0,1775,1727,2816,2694,2253.0,5000,45.1,5.8,Bajo,Nublado,0
Tricentenario,Lunes,7,1,0,2336,1335,1394,1436,1625.2,5000,32.5,4.1,Bajo,Tormenta,0
San Antonio,Martes,20,0,0,1147,2271,1270,2063,1687.8,5000,33.8,8.4,Bajo,Lluvia,1
La Estrella,Martes,17,1,0,3390,1337,1240,2607,2143.5,5000,42.9,10.8,Bajo,Soleado,0
San Antonio,Lunes,23,0,0,390,784,665,1035,718.5,5000,14.4,11.6,Bajo,Soleado,0
Poblado,Jueves,1,0,0,672,385,1266,1079,850.5,5000,17.0,13.9,Bajo,Tormenta,0
Prado,Domingo,4,0,1,225,195,230,289,234.8,5000,4.7,3.5,Bajo,Soleado,1
Floresta,Sabado,13,1,1,673,1404,790,983,962.5,5000,19.2,17.1,Bajo,Tormenta,1
Hospital,Jueves,3,0,0,411,224,227,174,259.0,5000,5.2,8.1,Bajo,Lluvia,0
Alpujarra,Miercoles,16,0,0,4157,1897,2782,2798,2908.5,5000,58.2,3.8,Medio,Tormenta,1
Itagui,Jueves,1,0,0,437,482,191,232,335.5,5000,6.7,6.1,Bajo,Tormenta,0
Sabaneta,Miercoles,21,0,0,1964,1600,1382,520,1366.5,5000,27.3,4.3,Bajo,Soleado,0
Parque Berrio,Sabado,10,0,1,1440,3728,960,1459,1896.8,5000,37.9,5.5,Bajo,Nublado,0
La Estrella,Jueves,16,0,0,1713,1373,1007,2038,1532.8,5000,30.7,11.5,Bajo,Tormenta,1
Aguacatala,Miercoles,3,0,0,376,436,624,120,389.0,5000,7.8,10.5,Bajo,Lluvia,0
Niquia,Jueves,20,0,0,4129,2731,1475,1676,2502.8,5000,50.1,2.3,Medio,Soleado,1
Sabaneta,Viernes,16,0,0,684,1765,1542,626,1154.2,5000,23.1,7.1,Bajo,Soleado,1
Cisneros,Miercoles,20,0,0,1695,1605,1206,1380,1471.5,5000,29.4,7.8,Bajo,Soleado,0
Caribe,Sabado,4,0,1,350,267,315,165,274.2,5000,5.5,4.0,Bajo,Lluvia,1
Acevedo,Viernes,3,0,0,892,553,686,713,711.0,5000,14.2,11.9,Bajo,Tormenta,0
Niquia,Sabado,9,0,1,1768,2409,761,2216,1788.5,5000,35.8,7.9,Bajo,Tormenta,1
Madera,Viernes,10,0,0,682,517,1754,1738,1172.8,5000,23.5,12.9,Bajo,Lluvia,0
Alpujarra,Viernes,21,0,0,955,1708,3964,2461,2272.0,5000,45.4,5.2,Bajo,Soleado,0
San Antonio,Domingo,8,1,1,3063,2613,1873,3477,2756.5,5000,55.1,8.6,Medio,Nublado,1
Prado,Domingo,19,1,1,994,1614,1099,810,1129.2,5000,22.6,3.5,Bajo,Soleado,1
Parque Berrio,Domingo,16,0,1,1167,2063,2731,2688,2162.2,5000,43.2,4.2,Bajo,Nublado,0
Niquia,Sabado,19,1,1,1454,5260,2221,4503,3359.5,5000,67.2,19.7,Medio,Soleado,0
Universidad,Sabado,1,0,1,238,193,365,393,297.2,5000,5.9,10.9,Bajo,Lluvia,1
San Antonio,Miercoles,10,0,0,2899,1951,1305,2061,2054.0,5000,41.1,5.5,Bajo,Lluvia,0
Suramericana,Domingo,0,0,1,277,144,378,317,279.0,5000,5.6,14.8,Bajo,Tormenta,1
Madera,Lunes,2,0,0,437,610,257,363,416.8,5000,8.3,13.3,Bajo,Nublado,0
Madera,Domingo,20,0,1,368,523,1071,299,565.2,5000,11.3,3.4,Bajo,Nublado,0
Floresta,Jueves,4,0,0,350,295,377,461,370.8,5000,7.4,5.9,Bajo,Tormenta,0
Floresta,Miercoles,0,0,0,149,352,419,466,346.5,5000,6.9,14.0,Bajo,Nublado,1
Acevedo,Martes,2,0,0,1009,362,969,612,738.0,5000,14.8,5.1,Bajo,Nublado,1
Envigado,Martes,1,0,0,518,220,336,474,387.0,5000,7.7,9.9,Bajo,Nublado,0
Ayura,Lunes,14,1,0,792,1454,1781,3237,1816.0,5000,36.3,16.5,Bajo,Soleado,0
Hospital,Sabado,15,0,1,593,668,850,341,613.0,5000,12.3,3.7,Bajo,Nublado,1
Estadio,Martes,8,1,0,1721,1533,2107,2360,1930.2,5000,38.6,21.7,Bajo,Tormenta,1
Madera,Sabado,6,1,1,2080,2442,1985,1047,1888.5,5000,37.8,20.9,Bajo,Lluvia,0
Caribe,Miercoles,19,1,0,2416,3402,2197,841,2214.0,5000,44.3,4.4,Bajo,Soleado,0
Niquia,Sabado,5,0,1,745,395,216,180,384.0,5000,7.7,9.5,Bajo,Soleado,1
Aguacatala,Martes,17,1,0,3847,1799,1554,3494,2673.5,5000,53.5,7.6,Medio,Nublado,0
Bello,Domingo,18,1,1,593,1085,1471,518,916.8,5000,18.3,5.9,Bajo,Lluvia,0
Santa Lucia,Sabado,15,0,1,1133,469,823,828,813.2,5000,16.3,10.6,Bajo,Nublado,0
Alpujarra,Domingo,10,0,1,729,2619,1448,1568,1591.0,5000,31.8,10.1,Bajo,Nublado,0
Parque Berrio,Domingo,4,0,1,735,303,296,384,429.5,5000,8.6,5.6,Bajo,Nublado,0
Sabaneta,Viernes,9,0,0,1251,1056,879,563,937.2,5000,18.7,4.1,Bajo,Soleado,0
Suramericana,Lunes,0,0,0,284,435,241,472,358.0,5000,7.2,12.8,Bajo,Tormenta,0
Niquia,Domingo,4,0,1,492,629,608,591,580.0,5000,11.6,9.1,Bajo,Soleado,1
Prado,Viernes,1,0,0,398,394,580,511,470.8,5000,9.4,6.3,Bajo,Tormenta,1
Exposiciones,Lunes,1,0,0,283,333,443,448,376.8,5000,7.5,12.3,Bajo,Nublado,0
Estadio,Sabado,2,0,1,188,109,176,235,177.0,5000,3.5,7.3,Bajo,Nublado,0
Caribe,Martes,10,0,0,1033,2184,1664,1508,1597.2,5000,31.9,14.5,Bajo,Nublado,1
Industriales,Viernes,3,0,0,474,320,190,423,351.8,5000,7.0,6.1,Bajo,Lluvia,0
Itagui,Domingo,14,1,1,1888,1193,2590,1514,1796.2,5000,35.9,10.6,Bajo,Lluvia,0
La Estrella,Jueves,9,0,0,1417,1540,628,1041,1156.5,5000,23.1,10.6,Bajo,Lluvia,0
Cisneros,Lunes,6,1,0,3067,1438,2146,1096,1936.8,5000,38.7,16.7,Bajo,Lluvia,0
Madera,Martes,19,1,0,2017,3619,2256,1171,2265.8,5000,45.3,9.3,Bajo,Tormenta,0
San Antonio,Jueves,12,1,0,2932,6014,6693,2452,4522.8,5000,90.5,10.6,Alto,Nublado,0
Parque Berrio,Miercoles,2,0,0,367,474,298,683,455.5,5000,9.1,11.0,Bajo,Soleado,1
San Antonio,Domingo,10,0,1,1115,886,1735,2476,1553.0,5000,31.1,6.6,Bajo,Tormenta,0
Industriales,Lunes,18,1,0,1877,3444,973,1554,1962.0,5000,39.2,9.7,Bajo,Tormenta,0
Parque Berrio,Jueves,3,0,0,254,214,449,251,292.0,5000,5.8,14.2,Bajo,Tormenta,1
Prado,Domingo,21,0,1,318,579,971,530,599.5,5000,12.0,12.3,Bajo,Soleado,0
Sabaneta,Domingo,21,0,1,754,957,467,662,710.0,5000,14.2,8.7,Bajo,Lluvia,0
Tricentenario,Domingo,16,0,1,302,772,1194,1136,851.0,5000,17.0,10.6,Bajo,Soleado,0
Bello,Viernes,8,1,0,2207,1955,759,2663,1896.0,5000,37.9,16.2,Bajo,Tormenta,1
Itagui,Martes,1,0,0,242,375,248,401,316.5,5000,6.3,3.9,Bajo,Lluvia,1
Industriales,Lunes,17,1,0,2421,2218,3950,2277,2716.5,5000,54.3,19.4,Medio,Nublado,1
Bello,Viernes,6,1,0,2647,2415,2541,3428,2757.8,5000,55.2,3.1,Medio,Soleado,1
Prado,Jueves,18,1,0,2291,2367,1252,2097,2001.8,5000,40.0,17.4,Bajo,Tormenta,1
Suramericana,Sabado,1,0,1,224,194,228,141,196.8,5000,3.9,14.7,Bajo,Tormenta,0
Industriales,Miercoles,7,1,0,1841,3575,3633,1027,2519.0,5000,50.4,19.9,Medio,Soleado,0
Santa Lucia,Miercoles,4,0,0,401,247,230,338,304.0,5000,6.1,3.5,Bajo,Nublado,0
Itagui,Lunes,1,0,0,207,393,282,303,296.2,5000,5.9,2.8,Bajo,Lluvia,0
Sabaneta,Domingo,2,0,1,225,239,122,118,176.0,5000,3.5,7.2,Bajo,Soleado,0
Universidad,Lunes,14,1,0,2565,1709,2451,1077,1950.5,5000,39.0,18.8,Bajo,Tormenta,0
San Antonio,Jueves,10,0,0,1606,1698,1497,3892,2173.2,5000,43.5,13.2,Bajo,Soleado,1
Aguacatala,Lunes,11,1,0,3306,1875,2431,1416,2257.0,5000,45.1,15.5,Bajo,Tormenta,0
Poblado,Jueves,4,0,0,559,551,1113,1065,822.0,5000,16.4,5.4,Bajo,Nublado,1
Santa Lucia,Sabado,20,0,1,578,622,664,1234,774.5,5000,15.5,8.2,Bajo,Tormenta,0
Estadio,Sabado,19,1,1,1732,1086,1721,1456,1498.8,5000,30.0,10.3,Bajo,Tormenta,0
Bello,Lunes,17,1,0,3481,2960,2709,3156,3076.5,5000,61.5,17.8,Medio,Nublado,0
Parque Berrio,Miercoles,22,0,0,1648,628,1622,1494,1348.0,5000,27.0,11.3,Bajo,Tormenta,1
Bello,Martes,1,0,0,337,670,379,584,492.5,5000,9.8,11.0,Bajo,Tormenta,0
Parque Berrio,Lunes,16,0,0,1469,988,1306,1332,1273.8,5000,25.5,13.3,Bajo,Lluvia,0
Bello,Lunes,20,0,0,1301,747,1548,1729,1331.2,5000,26.6,6.2,Bajo,Lluvia,0
Prado,Viernes,18,1,0,3244,1883,1961,2418,2376.5,5000,47.5,21.1,Bajo,Soleado,0
San Javier,Domingo,3,0,1,361,177,176,432,286.5,5000,5.7,12.2,Bajo,Lluvia,1
San Javier,Domingo,23,0,1,319,115,282,255,242.8,5000,4.9,13.7,Bajo,Nublado,0
Ayura,Viernes,1,0,0,145,626,192,370,333.2,5000,6.7,3.4,Bajo,Tormenta,0
Niquia,Jueves,2,0,0,427,689,1205,1158,869.8,5000,17.4,9.9,Bajo,Lluvia,0
Estadio,Miercoles,8,1,0,1924,3110,2971,1029,2258.5,5000,45.2,7.7,Bajo,Tormenta,0
La Estrella,Viernes,16,0,0,823,1810,1309,498,1110.0,5000,22.2,2.5,Bajo,Tormenta,0
Alpujarra,Lunes,0,0,0,554,1287,1119,934,973.5,5000,19.5,3.4,Bajo,Tormenta,1
Tricentenario,Martes,10,0,0,733,1276,2274,772,1263.8,5000,25.3,3.8,Bajo,Lluvia,0
San Javier,Miercoles,10,0,0,687,1761,557,1889,1223.5,5000,24.5,12.6,Bajo,Lluvia,0
Sabaneta,Lunes,19,1,0,1057,1592,1391,1282,1330.5,5000,26.6,18.9,Bajo,Tormenta,0
Hospital,Miercoles,22,0,0,1480,1614,2081,1825,1750.0,5000,35.0,4.1,Bajo,Tormenta,0
Envigado,Sabado,12,1,1,1065,1092,1367,1556,1270.0,5000,25.4,12.9,Bajo,Soleado,0
Itagui,Domingo,2,0,1,348,99,169,242,214.5,5000,4.3,14.1,Bajo,Tormenta,1
Niquia,Martes,9,0,0,2434,4792,3161,3843,3557.5,5000,71.2,3.9,Medio,Tormenta,0
Envigado,Viernes,3,0,0,343,347,519,628,459.2,5000,9.2,4.1,Bajo,Nublado,0
Prado,Lunes,9,0,0,1804,1259,989,956,1252.0,5000,25.0,14.2,Bajo,Nublado,0
Tricentenario,Lunes,1,0,0,260,492,703,236,422.8,5000,8.5,9.8,Bajo,Soleado,0
Floresta,Martes,17,1,0,2658,1274,1628,2231,1947.8,5000,39.0,20.4,Bajo,Nublado,0
Poblado,Martes,17,1,0,4902,2440,1787,7028,4039.2,5000,80.8,12.5,Alto,Lluvia,0
Alpujarra,Lunes,5,0,0,818,786,902,805,827.8,5000,16.6,11.9,Bajo,Soleado,1
Itagui,Miercoles,8,1,0,2261,2110,2621,2133,2281.2,5000,45.6,11.8,Bajo,Soleado,0
Madera,Domingo,11,1,1,737,1014,2049,1995,1448.8,5000,29.0,13.0,Bajo,Tormenta,0
La Estrella,Jueves,7,1,0,3635,2380,1390,1337,2185.5,5000,43.7,4.7,Bajo,Tormenta,0
Estadio,Miercoles,7,1,0,1371,2553,1215,1890,1757.2,5000,35.1,15.3,Bajo,Nublado,0
San Javier,Domingo,23,0,1,208,153,409,133,225.8,5000,4.5,6.0,Bajo,Lluvia,1
Prado,Martes,2,0,0,154,132,182,235,175.8,5000,3.5,13.4,Bajo,Tormenta,0
Acevedo,Domingo,19,1,1,3299,1986,1580,2729,2398.5,5000,48.0,12.4,Bajo,Nublado,0
Suramericana,Sabado,2,0,1,274,282,215,233,251.0,5000,5.0,7.6,Bajo,Soleado,0
Poblado,Miercoles,8,1,0,2717,2536,2715,4531,3124.8,5000,62.5,5.9,Medio,Lluvia,0
Itagui,Sabado,3,0,1,184,91,137,308,180.0,5000,3.6,4.4,Bajo,Tormenta,0
Santa Lucia,Miercoles,13,1,0,2970,1312,1055,4070,2351.8,5000,47.0,15.1,Bajo,Nublado,1
Aguacatala,Sabado,1,0,1,363,195,254,111,230.8,5000,4.6,12.2,Bajo,Nublado,0
La Estrella,Viernes,12,1,0,1290,1487,2352,2271,1850.0,5000,37.0,12.2,Bajo,Nublado,0
Floresta,Jueves,14,1,0,2816,3005,3427,3645,3223.2,5000,64.5,15.1,Medio,Nublado,0
Floresta,Domingo,19,1,1,1482,1064,1408,1189,1285.8,5000,25.7,14.6,Bajo,Tormenta,1
Caribe,Martes,10,0,0,924,888,1004,1584,1100.0,5000,22.0,13.7,Bajo,Tormenta,0
Suramericana,Viernes,16,0,0,552,1513,1286,1705,1264.0,5000,25.3,8.0,Bajo,Tormenta,0
San Antonio,Martes,2,0,0,512,978,469,809,692.0,5000,13.8,11.1,Bajo,Nublado,0
Niquia,Lunes,6,1,0,5838,3125,4422,5466,4712.8,5000,94.3,12.5,Alto,Soleado,0
Itagui,Miercoles,5,0,0,208,295,162,671,334.0,5000,6.7,4.3,Bajo,Lluvia,0
Prado,Lunes,8,1,0,2048,1086,1590,1414,1534.5,5000,30.7,17.3,Bajo,Nublado,0
Itagui,Domingo,12,1,1,2110,1249,673,1086,1279.5,5000,25.6,7.7,Bajo,Soleado,0
Suramericana,Sabado,6,1,1,1639,2042,1325,1754,1690.0,5000,33.8,12.4,Bajo,Tormenta,1
Acevedo,Viernes,14,1,0,3419,4116,2640,1828,3000.8,5000,60.0,18.6,Medio,Tormenta,0
Niquia,Martes,2,0,0,909,978,325,620,708.0,5000,14.2,13.0,Bajo,Soleado,0
Madera,Jueves,14,1,0,1727,3002,2589,2482,2450.0,5000,49.0,4.4,Bajo,Soleado,0
Floresta,Jueves,12,1,0,762,2571,2206,990,1632.2,5000,32.6,6.4,Bajo,Lluvia,0
Alpujarra,Lunes,3,0,0,315,364,441,515,408.8,5000,8.2,13.6,Bajo,Soleado,0
Aguacatala,Viernes,23,0,0,595,423,351,432,450.2,5000,9.0,6.2,Bajo,Lluvia,1
Acevedo,Martes,20,0,0,1821,767,3556,1340,1871.0,5000,37.4,4.3,Bajo,Lluvia,0
Cisneros,Domingo,10,0,1,1046,1220,833,916,1003.8,5000,20.1,12.1,Bajo,Soleado,0
Poblado,Sabado,19,1,1,3472,5489,5757,7580,5574.5,5000,111.5,6.2,Alto,Lluvia,0
Bello,Domingo,16,0,1,622,1162,749,638,792.8,5000,15.9,4.9,Bajo,Nublado,0
Parque Berrio,Martes,13,1,0,2621,1447,1602,3479,2287.2,5000,45.7,15.0,Bajo,Lluvia,1
Floresta,Miercoles,8,1,0,2939,820,2537,2213,2127.2,5000,42.5,15.7,Bajo,Nublado,0
Hospital,Domingo,13,1,1,1311,1197,2042,2040,1647.5,5000,33.0,17.2,Bajo,Nublado,0
Cisneros,Lunes,21,0,0,516,675,757,1227,793.8,5000,15.9,10.5,Bajo,Nublado,0
Tricentenario,Sabado,6,1,1,641,692,636,512,620.2,5000,12.4,12.4,Bajo,Nublado,0
Floresta,Viernes,6,1,0,1547,1994,2752,1561,1963.5,5000,39.3,17.5,Bajo,Nublado,0
Tricentenario,Viernes,14,1,0,3140,1768,1100,2721,2182.2,5000,43.6,3.5,Bajo,Lluvia,0
Poblado,Lunes,6,1,0,2428,2685,2391,5046,3137.5,5000,62.7,6.7,Medio,Soleado,0
Industriales,Domingo,17,1,1,1597,1546,1717,2112,1743.0,5000,34.9,14.4,Bajo,Tormenta,0
Santa Lucia,Martes,20,0,0,1890,647,2054,772,1340.8,5000,26.8,10.5,Bajo,Tormenta,0
Alpujarra,Jueves,5,0,0,347,715,656,1102,705.0,5000,14.1,2.2,Bajo,Lluvia,0
Prado,Domingo,17,1,1,1447,482,1648,1409,1246.5,5000,24.9,3.9,Bajo,Nublado,0
Sabaneta,Martes,20,0,0,1600,578,683,1192,1013.2,5000,20.3,11.6,Bajo,Soleado,0
Tricentenario,Jueves,12,1,0,1128,818,3192,3348,2121.5,5000,42.4,14.1,Bajo,Lluvia,0
Acevedo,Jueves,3,0,0,538,419,1048,498,625.8,5000,12.5,14.5,Bajo,Nublado,1
Aguacatala,Sabado,11,1,1,2138,1133,1052,901,1306.0,5000,26.1,19.8,Bajo,Lluvia,1
Alpujarra,Lunes,10,0,0,2084,2718,3464,2822,2772.0,5000,55.4,14.0,Medio,Lluvia,0
Ayura,Miercoles,21,0,0,1206,463,1071,1174,978.5,5000,19.6,3.7,Bajo,Lluvia,0
Madera,Domingo,14,1,1,674,2209,1482,2554,1729.8,5000,34.6,4.7,Bajo,Soleado,1
Caribe,Viernes,13,1,0,2351,1370,3006,3851,2644.5,5000,52.9,5.6,Medio,Soleado,0
San Antonio,Lunes,21,0,0,3268,2196,2472,2788,2681.0,5000,53.6,9.5,Medio,Tormenta,0
Acevedo,Sabado,16,0,1,2614,1650,1634,2679,2144.2,5000,42.9,4.5,Bajo,Lluvia,1
Itagui,Martes,14,1,0,2829,1937,1588,2246,2150.0,5000,43.0,6.3,Bajo,Tormenta,1
Madera,Martes,22,0,0,801,1491,900,1988,1295.0,5000,25.9,11.7,Bajo,Lluvia,0
Prado,Lunes,16,0,0,768,1587,1035,1576,1241.5,5000,24.8,14.9,Bajo,Soleado,1
Poblado,Sabado,12,1,1,10624,8639,6361,5487,7777.8,5000,155.6,21.2,Alto,Soleado,1
Universidad,Jueves,17,1,0,2120,3175,4074,3800,3292.2,5000,65.8,9.8,Medio,Nublado,0
Alpujarra,Jueves,7,1,0,4398,2603,5027,2377,3601.2,5000,72.0,22.4,Medio,Nublado,0
Envigado,Domingo,21,0,1,942,881,957,992,943.0,5000,18.9,4.8,Bajo,Tormenta,1
Estadio,Viernes,16,0,0,1706,1660,1620,999,1496.2,5000,29.9,11.9,Bajo,Lluvia,0
Aguacatala,Jueves,8,1,0,837,1312,2547,1714,1602.5,5000,32.0,16.8,Bajo,Soleado,0
Industriales,Lunes,20,0,0,1239,931,931,794,973.8,5000,19.5,6.1,Bajo,Soleado,0
Sabaneta,Viernes,22,0,0,491,1697,1850,726,1191.0,5000,23.8,6.7,Bajo,Lluvia,0
Acevedo,Miercoles,14,1,0,5785,4074,3251,5350,4615.0,5000,92.3,20.7,Alto,Nublado,0
San Antonio,Miercoles,23,0,0,477,544,1050,964,758.8,5000,15.2,2.3,Bajo,Nublado,1
Alpujarra,Sabado,19,1,1,4193,3122,3436,1399,3037.5,5000,60.8,11.8,Medio,Tormenta,0
Bello,Martes,15,0,0,2175,1035,715,1146,1267.8,5000,25.4,8.0,Bajo,Lluvia,0
San Antonio,Domingo,9,0,1,763,848,1900,1584,1273.8,5000,25.5,4.4,Bajo,Soleado,0
Parque Berrio,Viernes,3,0,0,166,306,341,140,238.2,5000,4.8,2.5,Bajo,Nublado,0
Parque Berrio,Viernes,5,0,0,187,542,624,135,372.0,5000,7.4,8.6,Bajo,Tormenta,0
Envigado,Sabado,17,1,1,1903,2006,836,1342,1521.8,5000,30.4,19.0,Bajo,Tormenta,0
Industriales,Domingo,20,0,1,433,600,722,1205,740.0,5000,14.8,2.8,Bajo,Soleado,0
Tricentenario,Jueves,18,1,0,2031,4421,1768,1620,2460.0,5000,49.2,5.1,Bajo,Lluvia,0
Envigado,Martes,19,1,0,1239,1362,1272,3131,1751.0,5000,35.0,18.2,Bajo,Soleado,0
Prado,Domingo,23,0,1,311,236,309,312,292.0,5000,5.8,8.5,Bajo,Lluvia,0
Prado,Domingo,10,0,1,1207,910,579,448,786.0,5000,15.7,7.1,Bajo,Soleado,1
Caribe,Domingo,6,1,1,1715,874,828,1128,1136.2,5000,22.7,13.0,Bajo,Lluvia,0
Alpujarra,Lunes,10,0,0,2849,2295,1034,1542,1930.0,5000,38.6,12.3,Bajo,Nublado,0
La Estrella,Lunes,6,1,0,3833,1272,2242,726,2018.2,5000,40.4,11.7,Bajo,Soleado,1
Parque Berrio,Domingo,6,1,1,5387,1687,3891,3412,3594.2,5000,71.9,4.4,Medio,Soleado,1
Bello,Miercoles,5,0,0,213,762,453,384,453.0,5000,9.1,10.1,Bajo,Soleado,1
Ayura,Martes,6,1,0,3013,1558,2446,2524,2385.2,5000,47.7,9.7,Bajo,Nublado,1
Niquia,Miercoles,19,1,0,5180,4824,2877,6347,4807.0,5000,96.1,4.2,Alto,Lluvia,0
Suramericana,Lunes,10,0,0,1212,1639,1253,790,1223.5,5000,24.5,2.8,Bajo,Soleado,1
Hospital,Viernes,11,1,0,2746,3849,778,1297,2167.5,5000,43.4,21.1,Bajo,Soleado,0
Parque Berrio,Sabado,14,1,1,3140,3876,6432,1584,3758.0,5000,75.2,3.4,Medio,Nublado,0
Acevedo,Martes,13,1,0,3757,3227,3816,4774,3893.5,5000,77.9,15.4,Medio,Lluvia,0
Sabaneta,Martes,21,0,0,1696,1211,1615,2074,1649.0,5000,33.0,3.1,Bajo,Tormenta,0
Niquia,Jueves,9,0,0,1048,1408,2433,3441,2082.5,5000,41.6,10.0,Bajo,Lluvia,1
Aguacatala,Miercoles,23,0,0,564,373,384,495,454.0,5000,9.1,9.0,Bajo,Soleado,0
Caribe,Viernes,3,0,0,459,245,144,335,295.8,5000,5.9,13.5,Bajo,Nublado,0
Hospital,Lunes,6,1,0,1176,3106,2021,3229,2383.0,5000,47.7,12.8,Bajo,Nublado,0
Envigado,Lunes,9,0,0,1427,908,1214,1848,1349.2,5000,27.0,6.9,Bajo,Soleado,1
Parque Berrio,Miercoles,20,0,0,1292,1551,1276,469,1147.0,5000,22.9,11.6,Bajo,Soleado,0
Hospital,Domingo,1,0,1,329,195,108,278,227.5,5000,4.5,2.9,Bajo,Tormenta,1
Estadio,Lunes,2,0,0,379,261,416,267,330.8,5000,6.6,12.2,Bajo,Nublado,0
Acevedo,Miercoles,19,1,0,5589,6813,6156,5244,5950.5,5000,119.0,15.4,Alto,Lluvia,1
Bello,Martes,9,0,0,1483,706,954,2128,1317.8,5000,26.4,8.5,Bajo,Lluvia,0
Ayura,Jueves,0,0,0,512,147,357,362,344.5,5000,6.9,2.8,Bajo,Lluvia,1
Estadio,Sabado,13,1,1,1686,919,1195,605,1101.2,5000,22.0,18.4,Bajo,Soleado,0
Estadio,Domingo,5,0,1,77,120,351,73,155.2,5000,3.1,8.6,Bajo,Nublado,0
Santa Lucia,Lunes,6,1,0,1607,3602,1803,2300,2328.0,5000,46.6,10.9,Bajo,Nublado,1
San Antonio,Sabado,23,0,1,482,668,393,774,579.2,5000,11.6,14.8,Bajo,Tormenta,0
Poblado,Domingo,18,1,1,5129,11172,7768,3979,7012.0,5000,140.2,18.2,Alto,Nublado,0
La Estrella,Miercoles,14,1,0,3470,1175,3212,2029,2471.5,5000,49.4,11.9,Bajo,Tormenta,1
Tricentenario,Viernes,16,0,0,730,2055,1051,1917,1438.2,5000,28.8,7.4,Bajo,Tormenta,0
Itagui,Lunes,16,0,0,1296,947,871,1309,1105.8,5000,22.1,5.1,Bajo,Soleado,0
Parque Berrio,Miercoles,7,1,0,1049,1775,1943,1003,1442.5,5000,28.8,7.7,Bajo,Soleado,1
